Sections:
00: "CODE" (0-A22)
01: "BSS" (0-1C05A)
02: "DATA" (0-65E)


Source: "sega_logo_x68k.s"
                            	     1: ; =============================================================================
                            	     2: ; sega_logo_x68k.s — X68000 port of display_sega_logo
                            	     3: ; Ported from ad_md_sound_driver.s-adjacent graphics source (alisia_dis.asm),
                            	     4: ; "==== SEGA LOGO Assets and routines ====" section, lines ~700-814.
                            	     5: ;
                            	     6: ; Architecture decision (confirmed with Regis): bitmap blit onto the
                            	     7: ; 256-colour graphic layer 0 (GVRAM_PAGE0), NOT the PCG/BG tile-and-nametable
                            	     8: ; hardware. Tiles are copied once as pixel data at load time; there is no
                            	     9: ; runtime tilemap indirection or hardware scroll on the X68000 side for this
                            	    10: ; screen, since the Sega logo never scrolls.
                            	    11: ;
                            	    12: ; Display timing: CRTC_320_* preset (x68k_hw.i) — a 320x224 15kHz window
                            	    13: ; cropped from a confirmed-working 384x240 15kHz timing, left/top-anchored,
                            	    14: ; chosen specifically so MD tile/tilemap pixel coordinates (computed against
                            	    15: ; a 512-wide plane) carry over with zero rescaling. See x68k_hw.i comments
                            	    16: ; for the full derivation.
                            	    17: ;
                            	    18: ; NOT yet ported (explicitly deferred, see notes at end of file):
                            	    19: ;   - Joypad Start-skip logic (Regis is redesigning the joypad/keyboard
                            	    20: ;     layer separately)
                            	    21: ;   - The one-shot "fade in from black" nudge that prepare_dma_palette_transfer
                            	    22: ;     / modify_current_colours performs on palette 0 colours 1,13,14,15
                            	    23: ;     before the colour-cycle starts. Traced against the MD source: this
                            	    24: ;     produces at most a single +-2-per-channel nudge (not a multi-frame
                            	    25: ;     fade — see conversation notes) and only affects 4 of palette 0's 16
                            	    26: ;     colours, all of which are outside the 11 colours the visible
                            	    27: ;     colour-cycle touches. Low visual impact; can be added later if a
                            	    28: ;     side-by-side comparison shows it's noticeable.
                            	    29: ;
                            	    30: ; Assumes: sega_logo_tiles_8bpp (converted from sega_logo_tileset.bin, 4bpp
                            	    31: ; MD tile format -> 8bpp X68000 pixel format, palette indices 0-15,
                            	    32: ; preserving original tile numbering/order 1:1 including the unused tile 0)
                            	    33: ; has already been produced by a separate offline conversion step, not yet
                            	    34: ; written. Tile format: 49 tiles x 64 bytes (8x8 pixels, 1 byte/pixel),
                            	    35: ; tile 0 unused/skipped (matches MD source: sega_logo_tilemap references
                            	    36: ; tile indices 1-48 only, tile 0's slot is uploaded but never referenced).
                            	    37: ; =============================================================================
                            	    38: 
                            	    39:     include "x68k_hw.i"

Source: "x68k_hw.i"
                            	     1: ; =============================================================================
                            	     2: ; x68k_hw.i — X68000 Hardware Register Definitions
                            	     3: ; For use with VASM (Motorola 68k syntax)
                            	     4: ;
                            	     5: ; Verified against:
                            	     6: ;   - NFG Games / GameSX wiki (vidcon_registers)
                            	     7: ;   - MAME x68k video driver source
                            	     8: ;   - Retrobug.org hardware reference
                            	     9: ;
                            	    10: ; Memory map overview:
                            	    11: ;   $000000-$BxxxFF   Main RAM (1MB standard, up to 12MB expanded)
                            	    12: ;   $E00000-$E7FFFF   Graphic VRAM (4 pages x 512x512)
                            	    13: ;   $E80000-$E8001F   CRTC (screen timing and scroll, R00-R23 -- corrected,
                            	    14: ;                     was mislabelled elsewhere in this file as $C00000)
                            	    15: ;   $E82000-$E821FF   Graphic palette (256 words in 256-colour mode)
                            	    16: ;   $E82200-$E823FF   Text palette + Sprite/BG palette (16 blocks x 16 colours)
                            	    17: ;   $E82400           Video controller R0 (colour/size mode)
                            	    18: ;   $E82500           Video controller R1 (layer priority)
                            	    19: ;   $E82600           Video controller R2 (layer ON/OFF)
                            	    20: ;   $EB0000-$EB07FF   Sprite attribute table (128 entries)
                            	    21: ;   $EB0800-$EB0808   BG scroll + control registers
                            	    22: ;   $EB8000-$EBFFFF   PCG pattern RAM (32KB shared sprites+BG)
                            	    23: ;   $E88000-$E88FFF   MFP MC68901 (timers, interrupts)
                            	    24: ;   $E9A000-$E9A003   Joypad ports
                            	    25: ; =============================================================================
                            	    26: 
                            	    27: 
                            	    28: ; =============================================================================
                            	    29: ; CRTC — CRT Controller ($E80000)
                            	    30: ; Controls screen timing, resolution and scroll positions
                            	    31: ; All registers 16-bit write
                            	    32: ; =============================================================================
                            	    33: 
                            	    34: ; CORRECTED: was $C00000 in a previous revision of this file, which is
                            	    35: ; wrong. Confirmed against NFG Games/GameSX CRTC register wiki, the Data
                            	    36: ; Crystal X68k I/O map, and ChibiAkumas' X68000 assembly reference
                            	    37: ; (independently cross-checked, all agree): the CRTC is at $E80000, with
                            	    38: ; R00-R23 at 2-byte offsets from there. This also lines up with GPAL_BASE
                            	    39: ; ($E82000), TPAL_BASE ($E82200), VC_R0 ($E82400), VC_R2 ($E82600) further
                            	    40: ; down this file, which are all correctly $E80000-relative -- only the
                            	    41: ; CRTC_BASE/CRTC_R00-R20 block itself had the wrong base address.
                            	    42: CRTC_BASE           equ $E80000
                            	    43: 
                            	    44: CRTC_R00            equ $E80000     ; Horizontal total
                            	    45: CRTC_R01            equ $E80002     ; Horizontal sync end
                            	    46: CRTC_R02            equ $E80004     ; Horizontal display start
                            	    47: CRTC_R03            equ $E80006     ; Horizontal display end
                            	    48: CRTC_R04            equ $E80008     ; Vertical total
                            	    49: CRTC_R05            equ $E8000A     ; Vertical sync end
                            	    50: CRTC_R06            equ $E8000C     ; Vertical display start
                            	    51: CRTC_R07            equ $E8000E     ; Vertical display end
                            	    52: CRTC_R08            equ $E80010     ; Fine adjust
                            	    53: CRTC_R09            equ $E80012     ; Raster line (read: current raster position)
                            	    54: CRTC_R10            equ $E80014     ; Text layer horizontal scroll
                            	    55: CRTC_R11            equ $E80016     ; Text layer vertical scroll
                            	    56: CRTC_R12            equ $E80018     ; Graphic layer 0 horizontal scroll
                            	    57: CRTC_R13            equ $E8001A     ; Graphic layer 0 vertical scroll
                            	    58: CRTC_R14            equ $E8001C     ; Graphic layer 1 horizontal scroll (unused)
                            	    59: CRTC_R15            equ $E8001E     ; Graphic layer 1 vertical scroll  (unused)
                            	    60: CRTC_R16            equ $E80020     ; Graphic layer 2 horizontal scroll
                            	    61: CRTC_R17            equ $E80022     ; Graphic layer 2 vertical scroll
                            	    62: CRTC_R18            equ $E80024     ; Graphic layer 3 horizontal scroll (unused)
                            	    63: CRTC_R19            equ $E80026     ; Graphic layer 3 vertical scroll  (unused)
                            	    64: CRTC_R20            equ $E80028     ; Screen mode flags
                            	    65: CRTC_R21            equ $E8002A     ; ?
                            	    66: 
                            	    67: ; CRTC R20 bit fields:
                            	    68: ;   bit 12    : 1=1024 dot mode
                            	    69: ;   bit 11-10 : vertical res (00=256, 01=512, 1x=1024 interlace)
                            	    70: ;   bit 9-8   : horizontal res (00=256, 01=512, 10=768)
                            	    71: ;   bit 1     : 1=interlace
                            	    72: ;   bit 0     : 1=31kHz, 0=15kHz
                            	    73: ; NOTE: bits 9-8 must match VC R0 colour mode bits
                            	    74: 
                            	    75: ; Convenient aliases for scroll registers
                            	    76: ; In 256-colour 2-layer mode:
                            	    77: ;   Pages 0+1 = Layer 0 (background)  → CRTC R12/R13
                            	    78: ;   Pages 2+3 = Layer 1 (foreground)  → CRTC R16/R17
                            	    79: GFX_L0_HSCROLL      equ CRTC_R12
                            	    80: GFX_L0_VSCROLL      equ CRTC_R13
                            	    81: GFX_L1_HSCROLL      equ CRTC_R16
                            	    82: GFX_L1_VSCROLL      equ CRTC_R17
                            	    83: 
                            	    84: ; --- CRTC preset values for 256x256 15kHz ---
                            	    85: CRTC_256_R00        equ $003F
                            	    86: CRTC_256_R01        equ $0009
                            	    87: CRTC_256_R02        equ $000E
                            	    88: CRTC_256_R03        equ $002E
                            	    89: CRTC_256_R04        equ $010B
                            	    90: CRTC_256_R05        equ $0005
                            	    91: CRTC_256_R06        equ $0028
                            	    92: CRTC_256_R07        equ $0128
                            	    93: CRTC_256_R08        equ $001B
                            	    94: CRTC_256_R20        equ $0000       ; 256x256 15kHz, must match VC_R0_256COL
                            	    95: 
                            	    96: ; --- CRTC preset values for 320x224 15kHz (MD H40-equivalent) ---
                            	    97: ; Derived from a confirmed/tested "384x240 15kHz" register set (mid/512-dot
                            	    98: ; family — required pairing for 256-colour graphic mode, see VC_R0 note
                            	    99: ; below) sourced from a period X68000 CRTC hardware reference. Rather than
                            	   100: ; deriving H/V timing from scratch, this crops the confirmed-working 384x240
                            	   101: ; timing down to 320x224 by reducing only the display-END registers (R03,
                            	   102: ; R07), leaving H-total/V-total and all other timing untouched:
                            	   103: ;   R03 (H disp end): $003A -> $0032  (-8 units = -64 dots: 384 -> 320 wide)
                            	   104: ;   R07 (V disp end):  $0100 -> $00F0  (-16 lines: 240 -> 224 tall)
                            	   105: ; Cropping from the END register (not the START) keeps the visible window
                            	   106: ; left/top-anchored at the same origin as the uncropped 384x240 mode, so
                            	   107: ; MD tile/tilemap pixel coordinates (computed against a 512-wide plane,
                            	   108: ; itself left-anchored at column 0) carry over with zero rescaling — see
                            	   109: ; the Sega logo port notes.
                            	   110: ; Source 384x240 15kHz register set (untouched fields) for reference:
                            	   111: ;   R00-R08: $0042,$0005,$000A,$003A,$0103,$0002,$0010,$0100,$002C
                            	   112: CRTC_320_R00         equ $004c   ;$0042
                            	   113: CRTC_320_R01         equ $0010   ;$0005
                            	   114: CRTC_320_R02         equ $001A   ;$000A
                            	   115: CRTC_320_R03         equ $0045   ;$0032      ; cropped from $003A (384 -> 320 wide)
                            	   116: CRTC_320_R04         equ $0103
                            	   117: CRTC_320_R05         equ $0002
                            	   118: CRTC_320_R06         equ $0018   ;$0010
                            	   119: CRTC_320_R07         equ $00f8   ;$00F0      ; cropped from $0100 (240 -> 224 tall)
                            	   120: CRTC_320_R08         equ $0024   ;$002C
                            	   121: CRTC_320_R20         equ $0001   ;$0100      ; bits9-8=01 (512/mid family, required
                            	   122: CRTC_320_R21         equ $0033
                            	   123:               
                            	   124:                                              
                            	   125: 
                            	   126: 
                            	   127: ; =============================================================================
                            	   128: ; Text VRAM — $C00000 (512KB total, 4 x 128KB pages)
                            	   129: ;
                            	   130: ; In 256-colour mode (our target):
                            	   131: ;   2 page pairs active, each pair = one independently scrolling layer
                            	   132: ;   Each pixel = 1 word (4/8-bit index based on resolution)
                            	   133: ;   Virtual space per layer = 512x512 pixels
                            	   134: ;
                            	   135: ;   Layer 0 (background scroll) : pages 0+1  $C00000
                            	   136: ;   Layer 1 (foreground scroll) : pages 2+3  $C80000
                            	   137: ;
                            	   138: ; Writing pixels in 256-colour mode:
                            	   139: ;   A pixel at position (x,y) on layer 0:
                            	   140: ;     address = GVRAM_PAGE0 + (y * GVRAM_WIDTH) + x
                            	   141: ;   A pixel at position (x,y) on layer 1:
                            	   142: ;     address = GVRAM_PAGE2 + (y * GVRAM_WIDTH) + x
                            	   143: ;
                            	   144: ; Clearing a layer: fill with colour index 0 (transparent/background)
                            	   145: ; Tile blitting: copy 8 or 16 pixel rows of colour index bytes
                            	   146: ; =============================================================================
                            	   147: 
                            	   148: GVRAM_BASE          equ $C00000
                            	   149: GVRAM_PAGE0         equ $C00000     
                            	   150: GVRAM_PAGE1         equ $C80000     
                            	   151: GVRAM_PAGE2         equ $D00000     ; Only used in 4bpp mode
                            	   152: GVRAM_PAGE3         equ $D80000     ; Only used in 4bpp mode
                            	   153: GVRAM_PAGE_SIZE     equ $080000     ; 128KB per page
                            	   154: GVRAM_WIDTH         equ $200*2      ; virtual layer width in bytes (1 word per pixel) 
                            	   155: GVRAM_HEIGHT        equ $200        ; virtual layer height in pixels
                            	   156: 
                            	   157: ; =============================================================================
                            	   158: ; Textc VRAM — $E00000 (512KB total, 4 x 128KB pages)
                            	   159: ;
                            	   160: ; 4bpp planar mode:
                            	   161: ; bit0 : $E00000
                            	   162: ; bit1 : $E20000
                            	   163: ; bit2 : $E40000
                            	   164: ; bit3 : $E60000
                            	   165: ; Each pixel = 1 bit from each plane
                            	   166: ;   Virtual space per layer = 512x512 pixels
                            	   167: ;
                            	   168: ;   Layer 0 (background scroll) : pages 0+1  $E00000 / $E20000
                            	   169: ;   Layer 1 (foreground scroll) : pages 2+3  $E40000 / $E60000
                            	   170: ;
                            	   171: ; Writing pixels in 256-colour mode:
                            	   172: ;   A pixel at position (x,y) on layer 0:
                            	   173: ;     address = TVRAM_PAGE0 + (y * TVRAM_WIDTH) + x
                            	   174: ;   A pixel at position (x,y) on layer 1:
                            	   175: ;     address = TVRAM_PAGE2 + (y * TVRAM_WIDTH) + x
                            	   176: ;
                            	   177: ; Clearing a layer: fill with colour index 0 (transparent/background)
                            	   178: ; Tile blitting: copy 8 or 16 pixel rows of colour index bytes
                            	   179: 
                            	   180: TVRAM_BASE          equ $E00000
                            	   181: TVRAM_PAGE0         equ $E00000     ; Layer 0
                            	   182: TVRAM_PAGE1         equ $E20000     ; Layer 0 (256-colour pair, may be unused directly)
                            	   183: TVRAM_PAGE2         equ $E40000     ; Layer 1
                            	   184: TVRAM_PAGE3         equ $E60000     ; Layer 1 (256-colour pair, may be unused directly)
                            	   185: TVRAM_PAGE_SIZE     equ $20000      ; 128KB per page
                            	   186: TVRAM_WIDTH         equ 512         ; virtual layer width in pixels
                            	   187: TVRAM_HEIGHT        equ 512         ; virtual layer height in pixels
                            	   188: 
                            	   189: 
                            	   190: 
                            	   191: ; =============================================================================
                            	   192: ; Graphic Palette — $E82000
                            	   193: ;
                            	   194: ; Used ONLY by graphic VRAM layers. Independent from sprite/text palettes.
                            	   195: ;
                            	   196: ; In 256-colour mode: 256 entries x 2 bytes = 512 bytes ($E82000-$E821FF)
                            	   197: ; Each entry is a 16-bit colour word directly output to display.
                            	   198: ;
                            	   199: ; Colour format (16-bit word):
                            	   200: ;   bit  15    : unused (always 0)
                            	   201: ;   bits 14-10 : Red   (5 bits, 0=dark, 31=full)
                            	   202: ;   bits  9-5  : Green (5 bits)
                            	   203: ;   bits  4-0  : Blue  (5 bits)
                            	   204: ;   Format: 0RRRRR GGGGG BBBBB
                            	   205: ;
                            	   206: ; Index 0 = layer background colour (shown where no other layer is visible)
                            	   207: ;
                            	   208: ; MD-to-X68k colour conversion:
                            	   209: ;   MD  3-bit channel (0-7):  stored as (value << 1) in bits 3-1
                            	   210: ;   X68k 5-bit channel (0-31): scale with x68k = md_3bit * 4 + md_3bit / 2
                            	   211: ;   Simpler: x68k = (md_raw_nibble >> 1) * 36 / 32  (use lookup table)
                            	   212: ;
                            	   213: ; Address of entry N: GPAL_BASE + (N * 2)
                            	   214: ; =============================================================================
                            	   215: 
                            	   216: GPAL_BASE           equ $E82000
                            	   217: GPAL_ENTRY_SIZE     equ 2           ; bytes per palette entry
                            	   218: GPAL_COUNT          equ 256         ; entries in 256-colour mode
                            	   219: 
                            	   220: SPAL_BASE           equ $E82200
                            	   221: SPAL_ENTRY_SIZE     equ 2           ; bytes per palette entry
                            	   222: SPAL_COUNT          equ 256         ; entries in 256-colour mode
                            	   223: 
                            	   224: COL_RED_SHIFT       equ 10
                            	   225: COL_GREEN_SHIFT     equ 5
                            	   226: COL_BLUE_SHIFT      equ 0
                            	   227: COL_RED_MASK        equ $7C00
                            	   228: COL_GREEN_MASK      equ $03E0
                            	   229: COL_BLUE_MASK       equ $001F
                            	   230: 
                            	   231: COL_BLACK           equ $0000
                            	   232: COL_WHITE           equ $7FFF
                            	   233: COL_RED             equ $7C00
                            	   234: COL_GREEN           equ $03E0
                            	   235: COL_BLUE            equ $001F
                            	   236: 
                            	   237: 
                            	   238: ; =============================================================================
                            	   239: ; Text + Sprite/BG Palette — $E82200
                            	   240: ;
                            	   241: ; Completely separate from graphic palette.
                            	   242: ; Covers 16 blocks x 16 colours x 2 bytes = 512 bytes ($E82200-$E823FF)
                            	   243: ;
                            	   244: ; Text layer uses block 0 only ($E82200-$E8221F)
                            	   245: ; Sprite system uses all 16 blocks via 4-bit palette select in sprite attr
                            	   246: ;
                            	   247: ; Colour index for sprites:
                            	   248: ;   upper 4 bits = palette block (from sprite attribute bits 3-0)
                            	   249: ;   lower 4 bits = pixel value (from PCG pattern data nibble)
                            	   250: ;   combined 8-bit value indexes into this 256-entry palette area
                            	   251: ;
                            	   252: ; Address of block B, colour C:
                            	   253: ;   TPAL_BASE + (B * TPAL_BLOCK_SIZE) + (C * 2)
                            	   254: ; =============================================================================
                            	   255: 
                            	   256: TPAL_BASE           equ $E82200
                            	   257: TPAL_BLOCK_SIZE     equ $20         ; 32 bytes = 16 colours per block
                            	   258: TPAL_BLOCK_COUNT    equ 16
                            	   259: TEXT_PAL_BASE       equ $E82200     ; text layer palette = block 0
                            	   260: 
                            	   261: 
                            	   262: ; =============================================================================
                            	   263: ; Video Controller Registers
                            	   264: ; =============================================================================
                            	   265: 
                            	   266: ; VC R0 — Colour/size mode ($E82400)
                            	   267: ;   bit  2   : GVRAM size 0=512x512  1=1024x1024
                            	   268: ;   bits 1-0 : colour mode 00=16col  01=256col  11=65536col
                            	   269: ;   MUST match CRTC R20 bits 9-8
                            	   270: VC_R0               equ $E82400
                            	   271: VC_R0_512           equ $0000       ; 512x512 GVRAM size
                            	   272: VC_R0_1024          equ $0004       ; 1024x1024 GVRAM size
                            	   273: VC_R0_16COL         equ $0000       ; 16 colour graphic
                            	   274: VC_R0_256COL        equ $0001       ; 256 colour graphic (our target)
                            	   275: VC_R0_65536COL      equ $0003       ; 65536 colour graphic
                            	   276: 
                            	   277: ; Our target VC R0 value: 512x512 + 256 colour
                            	   278: VC_R0_GAME          equ VC_R0_512|VC_R0_256COL
                            	   279: 
                            	   280: ; VC R1 — Layer priority ($E82500)
                            	   281: ;   bits 13-12 : SP  sprite priority  (00=highest 01=second 10=third)
                            	   282: ;   bits 11-10 : TX  text priority
                            	   283: ;   bits  9-8  : GR  graphic priority
                            	   284: ;   bits  7-0  : GP3-GP0 graphic page order
                            	   285: ;   For 256-colour 2-page: GP=$E4 means page1 < page0
                            	   286: VC_R1               equ $E82500
                            	   287: 
                            	   288: ; Sprite on top, text (HUD) second, graphic layers below
                            	   289: ; SP=00, TX=01, GR=10, GP=$E4
                            	   290: VC_R1_GAME          equ (($2<<8)|$E4)
                            	   291: 
                            	   292: ; VC R2 — Layer ON/OFF ($E82600)
                            	   293: ;   bit  6 : SON sprite screen ON
                            	   294: ;   bit  5 : TON text screen ON
                            	   295: ;   bit  3 : GS3 graphic page 3 ON  (layer 1 high)
                            	   296: ;   bit  2 : GS2 graphic page 2 ON  (layer 1 low)
                            	   297: ;   bit  1 : GS1 graphic page 1 ON  (layer 0 high)
                            	   298: ;   bit  0 : GS0 graphic page 0 ON  (layer 0 low)
                            	   299: ;   In 256-colour mode set both pages of each pair together
                            	   300: VC_R2               equ $E82600
                            	   301: VC_SPRITE_ON        equ $0040
                            	   302: VC_TEXT_ON          equ $0020
                            	   303: VC_GFX_1024_ON      equ $0010       ; 1024 on
                            	   304: VC_GFX_L0_ON        equ $0003       ; pages 0+1 = layer 0
                            	   305: VC_GFX_L1_ON        equ $000C       ; pages 2+3 = layer 1
                            	   306: 
                            	   307: ; Combined value: sprites + text HUD + both graphic layers
                            	   308: ;VC_R2_GAME          equ VC_SPRITE_ON|VC_TEXT_ON|VC_GFX_L0_ON|VC_GFX_L1_ON
                            	   309: VC_R2_GAME          equ VC_SPRITE_ON|VC_GFX_1024_ON|VC_GFX_L0_ON|VC_GFX_L1_ON
                            	   310: 
                            	   311: ; =============================================================================
                            	   312: ; Sprite attribute table — $EB0000
                            	   313: ; 128 entries x 8 bytes
                            	   314: ;
                            	   315: ; Entry layout (4 words):
                            	   316: ; ------XXXXXXXXXX : x position on 10 bits
                            	   317: ; ------YYYYYYYYYY : y position on 10 bits
                            	   318: ; VH--CCCCSSSSSSSS : V and H flip, palette on 4 bits and tile addr in memory
                            	   319: ; --------------PP : Priority - "00"=off, "01"=back, "11"=front
                            	   320: ;
                            	   321: ; PCG colour index = (palette_block << 4) | pcg_pixel_nibble
                            	   322: ; indexes into sprite/BG palette at $E82200
                            	   323: ; =============================================================================
                            	   324: 
                            	   325: SPRITE_TABLE        equ $EB0000
                            	   326: SPRITE_ENTRY_SIZE   equ 8
                            	   327: SPRITE_MAX          equ 128
                            	   328: 
                            	   329: SP_OFF_X            equ 0
                            	   330: SP_OFF_Y            equ 2
                            	   331: SP_OFF_ATTR_ADDR    equ 4
                            	   332: SP_OFF_PRI          equ 6
                            	   333: 
                            	   334: SP_X_OFFSET         equ 16
                            	   335: SP_Y_OFFSET         equ 16
                            	   336: 
                            	   337: SP_PATTERN_SHIFT    equ 8
                            	   338: SP_PATTERN_MASK     equ $FF00
                            	   339: SP_VFLIP            equ $0080
                            	   340: SP_HFLIP            equ $0040
                            	   341: SP_PAL_MASK         equ $000F
                            	   342: 
                            	   343: SP_LINK_MASK        equ $007F
                            	   344: 
                            	   345: 
                            	   346: ; =============================================================================
                            	   347: ; PCG Pattern RAM — $EB8000 (32KB)
                            	   348: ;
                            	   349: ; Shared between sprites, BG0 and BG1 (BG unused in our config)
                            	   350: ; 256 patterns maximum, each pattern = 16x16 pixels 4bpp = 128 bytes
                            	   351: ;
                            	   352: ; Pattern data format:
                            	   353: ;   128 bytes = 16 rows x 8 bytes
                            	   354: ;   Each byte = 2 pixels: high nibble = left pixel, low nibble = right pixel
                            	   355: ;   Pixel nibble = lower 4 bits of colour index
                            	   356: ;   Upper 4 bits of colour index come from sprite attribute palette field
                            	   357: ;
                            	   358: ; Address of pattern N: PCG_BASE + (N * PCG_PATTERN_BYTES)
                            	   359: ; =============================================================================
                            	   360: 
                            	   361: PCG_BASE            equ $EB8000
                            	   362: PCG_PATTERN_BYTES   equ 128
                            	   363: PCG_MAX_PATTERNS    equ 256
                            	   364: 
                            	   365: 
                            	   366: ; =============================================================================
                            	   367: ; BG control (defined for completeness, BG layers unused in our config)
                            	   368: ; =============================================================================
                            	   369: 
                            	   370: BG0_HSCROLL         equ $EB0800  ;$0
                            	   371: BG0_VSCROLL         equ $EB0802  ;$0
                            	   372: BG1_HSCROLL         equ $EB0804  ;$0
                            	   373: BG1_VSCROLL         equ $EB0806  ;$0
                            	   374: BG_CTRL             equ $EB0808  ;$212
                            	   375: BG_H_TOTAL          equ $EB080A  ;$ff
                            	   376: BG_H_POS            equ $EB080C  ;$f
                            	   377: BG_V_POS            equ $EB080E  ;$31
                            	   378: BG_RES              equ $EB0810  ;$0
                            	   379: 
                            	   380: BG_SPRITE_HEAD_SHIFT equ 9
                            	   381: 
                            	   382: 
                            	   383: ; =============================================================================
                            	   384: ; MFP MC68901 — $E88000
                            	   385: ; =============================================================================
                            	   386: 
                            	   387: MFP_BASE            equ $E88000
                            	   388: MFP_GPDR            equ $E88001
                            	   389: MFP_DDR             equ $E88003
                            	   390: MFP_IERA            equ $E88007
                            	   391: MFP_IERB            equ $E88009
                            	   392: MFP_IPRA            equ $E8800B
                            	   393: MFP_IPRB            equ $E8800D
                            	   394: MFP_ISRA            equ $E8800F
                            	   395: MFP_ISRB            equ $E88011
                            	   396: MFP_IMRA            equ $E88013
                            	   397: MFP_IMRB            equ $E88015
                            	   398: MFP_VR              equ $E88017
                            	   399: MFP_TACR            equ $E88019
                            	   400: MFP_TBCR            equ $E8801B
                            	   401: MFP_TCDCR           equ $E8801D
                            	   402: MFP_TADR            equ $E8801F
                            	   403: MFP_TBDR            equ $E88021
                            	   404: MFP_TCDR            equ $E88023
                            	   405: MFP_TDDR            equ $E88025
                            	   406: 
                            	   407: MFP_VECTOR_BASE     equ $40
                            	   408: FM_IRQ_VECTOR       equ $43    ; MFP FM Audio source — this is where YM2151 timer interrupts land
                            	   409: VBLANK_VECTOR       equ $46
                            	   410: TIMER_B_VECTOR      equ $48
                            	   411: TIMER_A_VECTOR      equ $4D
                            	   412: 
                            	   413: 
                            	   414: ; =============================================================================
                            	   415: ; Joypad
                            	   416: ; =============================================================================
                            	   417: 
                            	   418: JOY1_PORT           equ $E9A000
                            	   419: JOY2_PORT           equ $E9A002
                            	   420: 
                            	   421: JOY_RIGHT           equ $20
                            	   422: JOY_LEFT            equ $10
                            	   423: JOY_DOWN            equ $08
                            	   424: JOY_UP              equ $04
                            	   425: JOY_BTN_B           equ $02
                            	   426: JOY_BTN_A           equ $01
                            	   427: 
                            	   428: 
                            	   429: ; =============================================================================
                            	   430: ; Screen layout constants — adjust to match chosen CRTC mode
                            	   431: ; =============================================================================
                            	   432: 
                            	   433: ;SCREEN_WIDTH        equ 256
                            	   434: ;SCREEN_HEIGHT       equ 256
                            	   435: ;GVRAM_VWIDTH        equ 512         ; virtual scroll space width
                            	   436: ;GVRAM_VHEIGHT       equ 512         ; virtual scroll space height
                            	   437: 

Source: "sega_logo_x68k.s"
                            	    40:     include "x68k_macros.i"

Source: "x68k_macros.i"
                            	     1: ; =============================================================================
                            	     2: ; x68k_macros.i — X68000 Utility Macros
                            	     3: ; For use with VASM (Motorola 68k syntax)
                            	     4: ;
                            	     5: ; Include after x68k_hw.i:
                            	     6: ;    ifnd "x68k_hw.i"
                            	     7: ;    include "x68k_hw.i"
                            	     8: ;    endif
                            	     9: ;    ifnd "x68k_macros.i"
                            	    10: ;    include "x68k_macros.i"
                            	    11: ;    endif
                            	    12: 
                            	    13: ;include "x68k_macros.i"
                            	    14: ; =============================================================================
                            	    15: 
                            	    16: 
                            	    17: ; =============================================================================
                            	    18: ; CRTC macros
                            	    19: ; =============================================================================
                            	    20: 
                            	    21: ; CRTC_WRITE reg, value
                            	    22: ; Write an immediate value to a CRTC register
                            	    23: ; Clobbers: nothing (uses move.w immediate)
                            	    24: CRTC_WRITE  MACRO
                            	    25:     move.w  #\2,\1
                            	    26:     ENDM
                            	    27: 
                            	    28: ; SET_SCROLL_L0 hscroll_reg, vscroll_reg
                            	    29: ; Set horizontal and vertical scroll for graphic layer 0
                            	    30: ; \1 = data register holding H scroll value
                            	    31: ; \2 = data register holding V scroll value
                            	    32: SET_SCROLL_L0   MACRO
                            	    33:     move.w  \1,(GFX_L0_HSCROLL)
                            	    34:     move.w  \2,(GFX_L0_VSCROLL)
                            	    35:     ENDM
                            	    36: 
                            	    37: ; SET_SCROLL_L1 hscroll_reg, vscroll_reg
                            	    38: ; Set horizontal and vertical scroll for graphic layer 1
                            	    39: SET_SCROLL_L1   MACRO
                            	    40:     move.w  \1,(GFX_L1_HSCROLL)
                            	    41:     move.w  \2,(GFX_L1_VSCROLL)
                            	    42:     ENDM
                            	    43: 
                            	    44: 
                            	    45: ; =============================================================================
                            	    46: ; Palette macros
                            	    47: ; =============================================================================
                            	    48: 
                            	    49: ; SET_GPAL_ENTRY index, colour
                            	    50: ; Write a single colour word to graphic palette entry N
                            	    51: ; \1 = palette index (immediate or data register)
                            	    52: ; \2 = 16-bit colour word (immediate)
                            	    53: ; Clobbers: a0
                            	    54: SET_GPAL_ENTRY  MACRO
                            	    55:     lea     (GPAL_BASE),a0
                            	    56:     move.w  \2,((\1)*GPAL_ENTRY_SIZE,a0)
                            	    57:     ENDM
                            	    58: 
                            	    59: ; COPY_PALETTE src_addr, dst_palette_addr, count
                            	    60: ; Copy count colour words from src to palette RAM
                            	    61: ; \1 = source address register (a0-a6)
                            	    62: ; \2 = destination address register pointing into palette RAM
                            	    63: ; \3 = data register holding word count
                            	    64: ; Clobbers: \3 (used as dbf counter)
                            	    65: COPY_PALETTE    MACRO
                            	    66:     subq.w  #1,\3
                            	    67: .cp_loop\@:
                            	    68:     move.w  (\1)+,(\2)+
                            	    69:     dbf     \3,.cp_loop\@
                            	    70:     ENDM
                            	    71: 
                            	    72: ; CLEAR_GPAL
                            	    73: ; Zero all 256 graphic palette entries (black)
                            	    74: ; Clobbers: d0, a0
                            	    75: CLEAR_GPAL  MACRO
                            	    76:     lea     (GPAL_BASE),a0
                            	    77:     move.w  #(GPAL_COUNT-1),d0
                            	    78: .cgp_loop\@:
                            	    79:     clr.w   (a0)+
                            	    80:     dbf     d0,.cgp_loop\@
                            	    81:     ENDM
                            	    82: 
                            	    83: ; CLEAR_SPAL
                            	    84: ; Zero all 256 graphic palette entries (black)
                            	    85: ; Clobbers: d0, a0
                            	    86: CLEAR_SPAL  MACRO
                            	    87:     lea     (SPAL_BASE),a0
                            	    88:     move.w  #(SPAL_COUNT-1),d0
                            	    89: .csp_loop\@:
                            	    90:     clr.w   (a0)+
                            	    91:     dbf     d0,.csp_loop\@
                            	    92:     ENDM
                            	    93: 
                            	    94: 
                            	    95: ; CONVERT_MD_TO_X68K_COLOURS \1 = palette src, \2 = palette dst, \3 = d3 colour count
                            	    96: ; return a0 as updated dst palette
                            	    97: CONVERT_MD_TO_X68K_COLOURS MACRO
                            	    98:     movem.l d0-d3/a0-a1,-(sp)
                            	    99:     lea     (\1),a0
                            	   100:     lea     (\2),a1
                            	   101:     moveq   #\3,d3
                            	   102:     bsr     convert_md_colours_to_x68k
                            	   103:     movem.l (sp)+,d0-d3/a0-a1
                            	   104:     ENDM
                            	   105: 
                            	   106: 
                            	   107: ; =============================================================================
                            	   108: ; Graphic VRAM macros
                            	   109: ; =============================================================================
                            	   110: 
                            	   111: ; GVRAM_ADDR_L0 x_reg, y_reg, result_reg
                            	   112: ; Calculate byte address in graphic layer 0 VRAM for pixel (x,y)
                            	   113: ; \1 = data register holding X (pixel column, 0-511)
                            	   114: ; \2 = data register holding Y (pixel row,    0-511)
                            	   115: ; \3 = address register to receive result
                            	   116: ; Formula: GVRAM_PAGE0 + (Y * GVRAM_WIDTH) + X*2
                            	   117: ; Clobbers: d0, \3
                            	   118: GVRAM_ADDR_L0   MACRO
                            	   119:     move.w   \2,d0
                            	   120:     mulu.w   #GVRAM_WIDTH,d0
                            	   121:     lea      (GVRAM_PAGE0),\3
                            	   122:     adda.l   d0,\3
                            	   123:     adda.w   \1,\3     
                            	   124:     adda.w   \1,\3  ; add twice to point at words
                            	   125:     ENDM
                            	   126: 
                            	   127: ; GVRAM_ADDR_L1 x_reg, y_reg, result_reg
                            	   128: ; Calculate byte address in graphic layer 1 VRAM for pixel (x,y)
                            	   129: GVRAM_ADDR_L1   MACRO
                            	   130:     move.w   \2,d0
                            	   131:     mulu.w   #GVRAM_WIDTH,d0
                            	   132:     lea      (GVRAM_PAGE2),\3
                            	   133:     adda.l   d0,\3
                            	   134:     adda.w   \1,\3     
                            	   135:     adda.w   \1,\3  ; add twice to point at words
                            	   136:     ENDM
                            	   137: 
                            	   138: ; CLEAR_GVRAM_L0 colour_index
                            	   139: ; Fill entire graphic layer 0 VRAM with a colour index byte
                            	   140: ; \1 = immediate byte value (colour index)
                            	   141: ; Clobbers: d0, d1, a0
                            	   142: ; Note: clears full 512x512 = 262144 bytes
                            	   143: CLEAR_GVRAM_L0  MACRO
                            	   144:     lea     (GVRAM_PAGE0),a0
                            	   145:     move.l  #(GVRAM_PAGE_SIZE/2)-1,d0   ; divide by 2 as words will be processed
                            	   146:     moveq   #$0,d1    
                            	   147:     move.b  #\1,d1
                            	   148: .cgl0\@:
                            	   149:     move.w  d1,(a0)+
                            	   150:     dbf     d0,.cgl0\@
                            	   151:     ENDM
                            	   152: 
                            	   153: ; CLEAR_GVRAM_L1 colour_index
                            	   154: ; Fill entire graphic layer 1 VRAM with a colour index byte
                            	   155: CLEAR_GVRAM_L1  MACRO
                            	   156:     lea     (GVRAM_PAGE2),a0
                            	   157:     move.l  #(GVRAM_PAGE_SIZE/2)-1,d0
                            	   158:     moveq   #$0,d1    
                            	   159:     move.b  #\1,d1
                            	   160: .cgl1\@:
                            	   161:     move.w  d1,(a0)+
                            	   162:     dbf     d0,.cgl1\@
                            	   163:     ENDM
                            	   164: 
                            	   165: 
                            	   166: ; =============================================================================
                            	   167: ; Tileset copy macros
                            	   168: ;
                            	   169: ; In 256-colour mode, tile pixel data is 8bpp (1 byte per pixel).
                            	   170: ; MD tilesets are 4bpp (2 pixels per byte, packed nibbles).
                            	   171: ; After your startup conversion (4bpp -> 8bpp with palette offset applied),
                            	   172: ; tiles are stored in RAM as 8bpp ready for direct VRAM copy.
                            	   173: ;
                            	   174: ; Tile dimensions on X68000 graphic layers:
                            	   175: ;   We choose 8x8 tiles to match MD, but any size is valid since the
                            	   176: ;   graphic layer is a plain framebuffer — tiles are just rectangular blits.
                            	   177: ;
                            	   178: ; TILE_W / TILE_H defined here — change if your port uses different tile sizes
                            	   179: ; =============================================================================
                            	   180: 
                            	   181: TILE_W          equ 8               ; tile width in pixels
                            	   182: TILE_H          equ 8               ; tile height in pixels
                            	   183: TILE_WORDS      equ TILE_W*TILE_H   ; 1 word per pixel = 64 in 8bpp or 4bpp regardless
                            	   184: MD_TILE_BYTES   equ TILE_W*TILE_H/2 ; 2 pixels per byte
                            	   185: 
                            	   186: ; BLIT_TILE_L0 src_areg, x_dreg, y_dreg, tmp_areg
                            	   187: ; Copy one 8x8 8bpp tile from RAM to graphic layer 0 VRAM
                            	   188: ; \1 = address register pointing to tile source data (4bpp, 32 bytes)
                            	   189: ; \2 = data register holding tile X pixel position
                            	   190: ; \3 = data register holding tile Y pixel position
                            	   191: ; \4 = scratch address register for VRAM destination
                            	   192: ; Clobbers: \4, d0, d1, d4, d5
                            	   193: BLIT_TILE_L0    MACRO
                            	   194:     GVRAM_ADDR_L0 \2,\3,\4          ; calculate VRAM destination
                            	   195:     move.w  #(TILE_W-1),d1
                            	   196:     .bt_row\@:
                            	   197:         move.l  (\1)+,d4                ; copy 8 pixels
                            	   198:         move.w  #(TILE_H-1),d0          
                            	   199:         .bt_col\@:
                            	   200:             rol.l   #$4,d4                  ; shift for next nibble    
                            	   201:             move.w  d4,d5                   ; copy word as only bottom nibble is used
                            	   202:             and.w   #$000f,d5               ; TODO as a pallet nibble to bits 7-4
                            	   203:             move.w  d5,(\4)+
                            	   204:             dbf     d0,.bt_col\@
                            	   205:         lea     (GVRAM_WIDTH-TILE_W*2,\4),\4   ; advance destination by one row stride
                            	   206:         dbf     d1,.bt_row\@
                            	   207:     ENDM
                            	   208: 
                            	   209: ; BLIT_TILE_L1 src_areg, x_dreg, y_dreg, tmp_areg
                            	   210: ; Copy one 8x8 8bpp tile to graphic layer 1 VRAM
                            	   211: BLIT_TILE_L1    MACRO
                            	   212:     GVRAM_ADDR_L1 \2,\3,\4          ; calculate VRAM destination
                            	   213:     move.w  #(TILE_W-1),d1
                            	   214:     .bt_row\@:
                            	   215:         move.l  (\1)+,d4                ; copy 8 pixels
                            	   216:         move.w  #(TILE_H-1),d0
                            	   217:         .bt_col\@:
                            	   218:             rol.l   #$4,d4                  ; shift for next nibble
                            	   219:             move.w  d4,d5                   ; copy word as only bottom nibble is used
                            	   220:             and.w   #$000f,d5               ; TODO as a pallet nibble to bits 7-4
                            	   221:             move.w  d5,(\4)+
                            	   222:             dbf     d0,.bt_col\@
                            	   223:         lea     (GVRAM_WIDTH-TILE_W*2,\4),\4   ; advance destination by one row stride
                            	   224:         dbf     d1,.bt_row\@
                            	   225:     ENDM
                            	   226: 
                            	   227: 
                            	   228: ; =============================================================================
                            	   229: ; Sprite macros
                            	   230: ; =============================================================================
                            	   231: 
                            	   232: ; SPRITE_SET index, x, y, pattern, palette, hflip, vflip
                            	   233: ; Write all fields of a sprite table entry
                            	   234: ; \1 = sprite index (immediate, 0-127)
                            	   235: ; \2 = X screen coordinate (immediate or dreg)
                            	   236: ; \3 = Y screen coordinate (immediate or dreg)
                            	   237: ; \4 = pattern number (immediate, 0-255)
                            	   238: ; \5 = palette block (immediate, 0-15)
                            	   239: ; \6 = hflip (0 or SP_HFLIP)
                            	   240: ; \7 = vflip (0 or SP_VFLIP)
                            	   241: ; \8 = priority (0,1,2,3)
                            	   242: ; Clobbers: a0, d0
                            	   243: SPRITE_SET  MACRO
                            	   244:     lea     (SPRITE_TABLE+(\1*SPRITE_ENTRY_SIZE)),a0
                            	   245:     move.w  #(\2+SP_X_OFFSET),(SP_OFF_X,a0)
                            	   246:     move.w  #(\3+SP_Y_OFFSET),(SP_OFF_Y,a0)
                            	   247:     move.w  #((\4<<SP_PATTERN_SHIFT)|\6|\7|\5),(SP_OFF_ATTR,a0)
                            	   248:     ENDM
                            	   249: 
                            	   250: ; SPRITE_LINK index, next_index
                            	   251: ; Set the link field of sprite \1 to point to sprite \2
                            	   252: ; \1 = this sprite index (immediate)
                            	   253: ; \2 = next sprite index (immediate, set equal to \1 to terminate chain)
                            	   254: SPRITE_LINK MACRO
                            	   255:     move.w  #(\2&SP_LINK_MASK),(SPRITE_TABLE+(\1*SPRITE_ENTRY_SIZE)+SP_OFF_LINK)
                            	   256:     ENDM
                            	   257: 
                            	   258: ; SPRITE_HIDE index
                            	   259: ; Move a sprite off screen (negative coordinates via offset trick)
                            	   260: ; \1 = sprite index (immediate)
                            	   261: ; Clobbers: a0
                            	   262: SPRITE_HIDE MACRO
                            	   263:     lea     (SPRITE_TABLE+(\1*SPRITE_ENTRY_SIZE)),a0
                            	   264:     clr.w   (SP_OFF_X,a0)          ; X=0 = SP_X_OFFSET-SP_X_OFFSET = off left
                            	   265:     clr.w   (SP_OFF_Y,a0)
                            	   266:     ENDM
                            	   267: 
                            	   268: ; SPRITE_SET_HEAD index
                            	   269: ; Set the sprite display list head in BG_CTRL
                            	   270: ; \1 = first sprite index (immediate)
                            	   271: ; Clobbers: d0
                            	   272: SPRITE_SET_HEAD MACRO
                            	   273:     move.w  (BG_CTRL),d0
                            	   274:     andi.w  #~($FE00),d0            ; clear old head
                            	   275:     ori.w   #((\1)<<BG_SPRITE_HEAD_SHIFT),d0
                            	   276:     move.w  d0,(BG_CTRL)
                            	   277:     ENDM
                            	   278: 
                            	   279: 
                            	   280: ; =============================================================================
                            	   281: ; Interrupt macros
                            	   282: ; =============================================================================
                            	   283: 
                            	   284: ; DISABLE_INTERRUPTS / ENABLE_INTERRUPTS
                            	   285: ;
                            	   286: ; *** DO NOT USE under Human68k user-mode programs ***
                            	   287: ; MOVE SR,<ea> and MOVE <ea>,SR are PRIVILEGED instructions on the 68000.
                            	   288: ; Executing either in user mode (which is how Human68k runs .X executables)
                            	   289: ; raises a privilege violation exception (vector 8) and crashes the program
                            	   290: ; immediately, before any visible output.
                            	   291: ;
                            	   292: ; If supervisor-mode interrupt masking is genuinely required, use the
                            	   293: ; Human68k DOS _SUPER call ($FF20) to switch to supervisor mode first —
                            	   294: ; see doscall.i. For installing interrupt handlers via the vector table,
                            	   295: ; a plain MOVE.L to the vector table address (e.g. VBLANK_VECTOR*4) is a
                            	   296: ; normal RAM write and works fine in user mode without any SR access.
                            	   297: DISABLE_INTERRUPTS  MACRO
                            	   298:     ; intentionally left as a no-op placeholder — see comment above
                            	   299:     ENDM
                            	   300: 
                            	   301: ENABLE_INTERRUPTS   MACRO
                            	   302:     ; intentionally left as a no-op placeholder — see comment above
                            	   303:     ENDM
                            	   304: 
                            	   305: ; SET_VBLANK_VECTOR addr
                            	   306: ; Install a V-blank handler address into the MFP vector table
                            	   307: ; \1 = handler routine label
                            	   308: ; Clobbers: a0
                            	   309: SET_VBLANK_VECTOR   MACRO
                            	   310:     lea     (\1),a0
                            	   311:     move.l  a0,(VBLANK_VECTOR*4)
                            	   312:     ENDM
                            	   313: 
                            	   314: 
                            	   315: ; =============================================================================
                            	   316: ; Utility macros
                            	   317: ; =============================================================================
                            	   318: 
                            	   319: ; WAIT_VBLANK
                            	   320: ; Busy-wait for the start of vertical blank by polling CRTC raster register
                            	   321: ; Clobbers: d0
                            	   322: WAIT_VBLANK MACRO
                            	   323: .wa_wait\@: ; wait for rendering
                            	   324:     btst    #4,MFP_GPDR
                            	   325:     beq     .wa_wait\@
                            	   326: .wvb_wait\@: ; wait for vblank
                            	   327:     btst    #4,MFP_GPDR
                            	   328:     bne     .wvb_wait\@
                            	   329:     ENDM
                            	   330: 
                            	   331: ; SAVE_REGS
                            	   332: ; Push all data and address registers to stack (except SP)
                            	   333: SAVE_REGS   MACRO
                            	   334:     movem.l d0-d7/a0-a6,-(sp)
                            	   335:     ENDM
                            	   336: 
                            	   337: ; RESTORE_REGS
                            	   338: ; Pop all data and address registers from stack
                            	   339: RESTORE_REGS    MACRO
                            	   340:     movem.l (sp)+,d0-d7/a0-a6
                            	   341:     ENDM
                            	   342: 

Source: "sega_logo_x68k.s"
                            	    41:     include "inc/doscall.i"

Source: "inc/doscall.i"
                            	     1: ; =============================================================================
                            	     2: ; doscall.i — Human68k DOS Call Definitions
                            	     3: ;
                            	     4: ; Human68k DOS calls are F-line instructions: the entire $FFxx word IS the
                            	     5: ; instruction. There is no separate TRAP. Usage:
                            	     6: ;
                            	     7: ;   move.w  d0,-(sp)        ; push parameter(s), word-aligned
                            	     8: ;   DOS _PUTCHAR            ; expands to dc.w $FF02
                            	     9: ;   addq.l  #2,sp           ; pop parameter(s)
                            	    10: ;
                            	    11: ; All parameters are pushed right-to-left and must be word or longword sized
                            	    12: ; (never push a single byte — it misaligns the stack and causes an address
                            	    13: ; error on the next instruction).
                            	    14: ;
                            	    15: ; Reference: Human68k DOSCALL specification (doscall.man)
                            	    16: ; =============================================================================
                            	    17: 
                            	    18: ; -----------------------------------------------------------------------
                            	    19: ; DOS macro — emits the F-line word for a given doscall name
                            	    20: ; Usage: DOS _PUTCHAR
                            	    21: ; -----------------------------------------------------------------------
                            	    22: DOS MACRO
                            	    23:     dc.w    __DOS_\1
                            	    24:     ENDM
                            	    25: 
                            	    26: 
                            	    27: ; =============================================================================
                            	    28: ; Character I/O
                            	    29: ; =============================================================================
                            	    30: __DOS__EXIT0       equ $FF00   ; _EXIT — terminate (no return code)
                            	    31: __DOS__GETCHAR     equ $FF01   ; _GETCHAR — read char from stdin, no echo
                            	    32: __DOS__PUTCHAR     equ $FF02   ; _PUTCHAR — write char to stdout (push word)
                            	    33: __DOS__COMINP      equ $FF03   ; _COMINP — direct console input check
                            	    34: __DOS__COMOUT      equ $FF04   ; _COMOUT — direct console output
                            	    35: __DOS__COMISNS     equ $FF05   ; _COMISNS — console input status
                            	    36: __DOS__COMOSNS     equ $FF06   ; _COMOSNS — console output status
                            	    37: __DOS__INPOUT      equ $FF07   ; _INPOUT — char I/O combined
                            	    38: __DOS__INKEY       equ $FF08   ; _INKEY — non-blocking key check
                            	    39: __DOS__PRINT       equ $FF09   ; _PRINT — print string (push longword ptr,
                            	    40:                                 ;          string ends with $00 or $0D)
                            	    41: __DOS__KFLUSH      equ $FF0C   ; _KFLUSH — flush keyboard buffer
                            	    42: __DOS__FFLUSH      equ $FF0D   ; _FFLUSH — flush file buffers
                            	    43: __DOS__CHGDRV      equ $FF0E   ; _CHGDRV — change current drive
                            	    44: __DOS__DRVCTRL     equ $FF0F   ; _DRVCTRL — drive control
                            	    45: 
                            	    46: __DOS__KEYCHK      equ $FF12   ; _KEYCHK — keyboard sense
                            	    47: __DOS__KEYCTRL     equ $FF13   ; _KEYCTRL — keyboard control
                            	    48: 
                            	    49: __DOS__GETENV      equ $FF53   ; _GETENV — get environment variable
                            	    50: __DOS__VERIFY      equ $FF54   ; _VERIFY — set verify flag
                            	    51: 
                            	    52: 
                            	    53: ; =============================================================================
                            	    54: ; File operations
                            	    55: ; =============================================================================
                            	    56: __DOS__CHDIR       equ $FF3B   ; _CHDIR — change directory
                            	    57: __DOS__MKDIR       equ $FF3C   ; _MKDIR — make directory
                            	    58: __DOS__OPEN        equ $FF3D   ; _OPEN — open file
                            	    59:                                 ;   push: mode.w, path_ptr.l
                            	    60:                                 ;   returns: d0.l = handle (negative = error)
                            	    61: __DOS__CREATE      equ $FF3C   ; _CREATE — create file (alias context)
                            	    62: __DOS__CLOSE       equ $FF3E   ; _CLOSE — close file handle
                            	    63:                                 ;   push: handle.l
                            	    64: __DOS__READ        equ $FF3F   ; _READ — read from file
                            	    65:                                 ;   push: handle.l, buffer_ptr.l, length.l
                            	    66:                                 ;   returns: d0.l = bytes read (negative=error)
                            	    67: __DOS__WRITE       equ $FF40   ; _WRITE — write to file
                            	    68:                                 ;   push: handle.l, buffer_ptr.l, length.l
                            	    69: __DOS__DELETE      equ $FF41   ; _DELETE — delete file
                            	    70: __DOS__SEEK        equ $FF42   ; _SEEK — seek within file
                            	    71:                                 ;   push: handle.l, offset.l, mode.w
                            	    72:                                 ;   mode: 0=SEEK_SET 1=SEEK_CUR 2=SEEK_END
                            	    73: __DOS__CHMOD       equ $FF43   ; _CHMOD — change file attributes
                            	    74: __DOS__IOCTRL      equ $FF44   ; _IOCTRL — I/O control
                            	    75: __DOS__DUP         equ $FF45   ; _DUP — duplicate file handle
                            	    76: __DOS__DUP2        equ $FF46   ; _DUP2 — duplicate to specific handle
                            	    77: __DOS__CREATETMP   equ $FF47   ; _CREATETMP — create temp file
                            	    78: 
                            	    79: __DOS__MALLOC      equ $FF48   ; _MALLOC — allocate memory
                            	    80:                                 ;   push: size.l
                            	    81:                                 ;   returns: d0.l = pointer (negative=error)
                            	    82: __DOS__MFREE       equ $FF49   ; _MFREE — free memory block
                            	    83:                                 ;   push: pointer.l
                            	    84: __DOS__SETBLOCK    equ $FF4A   ; _SETBLOCK — resize memory block
                            	    85: __DOS__MALLOC2     equ $FF4B   ; _MALLOC2 — allocate from top of memory
                            	    86: 
                            	    87: __DOS__EXIT2       equ $FF4C   ; _EXIT2 — terminate with return code
                            	    88:                                 ;   push: code.w
                            	    89: __DOS__EXEC        equ $FF4D   ; _EXEC — execute program
                            	    90: __DOS__GETENV2     equ $FF4E   ; _GETENV2
                            	    91: 
                            	    92: __DOS__FFIND       equ $FF4F   ; _FFIND — find first file
                            	    93: __DOS__NFIND       equ $FF50   ; _NFIND — find next file
                            	    94: __DOS__SETDATE     equ $FF51   ; _SETDATE
                            	    95: __DOS__SETTIME     equ $FF52   ; _SETTIME
                            	    96: 
                            	    97: __DOS__SETPDB      equ $FF55   ; _SETPDB — set Process Descriptor Block
                            	    98: __DOS__GETPDB      equ $FF56   ; _GETPDB — get Process Descriptor Block
                            	    99:                                 ;   returns: d0.l = PDB pointer
                            	   100: __DOS__SETENV      equ $FF57   ; _SETENV
                            	   101: __DOS__PATHCHK     equ $FF58   ; _PATHCHK — check path
                            	   102: 
                            	   103: __DOS__GETTIME2    equ $FF5A   ; _GETTIME2
                            	   104: __DOS__SETTIME2    equ $FF5B   ; _SETTIME2
                            	   105: __DOS__NAMECK      equ $FF5C   ; _NAMECK — check filename validity
                            	   106: 
                            	   107: 
                            	   108: ; =============================================================================
                            	   109: ; Process control
                            	   110: ; =============================================================================
                            	   111: __DOS__FORK        equ $FF5D   ; _FORK
                            	   112: __DOS__GETTIME     equ $FF2C   ; _GETTIME
                            	   113: __DOS__GETDATE     equ $FF2A   ; _GETDATE
                            	   114: __DOS__SUPER       equ $FF20   ; _SUPER — switch to supervisor mode
                            	   115:                                 ;   push: 0 (or stack ptr) — see manual
                            	   116:                                 ;   returns: d0.l = old SSP, sets supervisor
                            	   117: __DOS__FNCKEY      equ $FF21   ; _FNCKEY — function key control
                            	   118: __DOS__KEEPPR      equ $FF22   ; _KEEPPR — terminate and stay resident
                            	   119: __DOS__GETTIM2     equ $FF23   ; _GETTIM2
                            	   120: __DOS__SETTIM2     equ $FF24   ; _SETTIM2
                            	   121: __DOS__INTVCS      equ $FF25   ; _INTVCS — set interrupt vector (user-mode safe)
                            	   122:                                 ;   push handler_ptr.l FIRST, then vector_num.w
                            	   123:                                 ;   returns: d0.l = previous handler address
                            	   124:                                 ;   NOTE: was wrongly set to $FF33 (_BREAKCK)
                            	   125:                                 ;   Correct value confirmed from Human68k reference
                            	   126: 
                            	   127: __DOS__GETENVPTR   equ $FF26   ; _GETENVPTR
                            	   128: 
                            	   129: 
                            	   130: __DOS__BREAKCK     equ $FF33   ; _BREAKCK — set break check (NOT _INTVCS)
                            	   131: 
                            	   132: __DOS__ASSIGN      equ $FF35   ; _ASSIGN
                            	   133: __DOS__BUS_ERR     equ $FF3A   ; _BUS_ERR — install bus error handler
                            	   134: 
                            	   135: __DOS__NEWPDB      equ $FF80   ; _NEWPDB — create new PDB (v3 address)
                            	   136: 
                            	   137: ; =============================================================================
                            	   138: ; Common combined sequences as macros
                            	   139: ; These follow the convention: push parameters, emit DOS call, clean stack
                            	   140: ; =============================================================================
                            	   141: 
                            	   142: ; DOS_PUTCHAR_W d0 — print character in d0.b (pushed as word for alignment)
                            	   143: DOS_PUTCHAR_W   MACRO
                            	   144:     move.w  d0,-(sp)
                            	   145:     DOS     _PUTCHAR
                            	   146:     addq.l  #2,sp
                            	   147:     ENDM
                            	   148: 
                            	   149: ; DOS_GETCHAR_D0 — read character into d0.l (no stack params)
                            	   150: DOS_GETCHAR_D0  MACRO
                            	   151:     DOS     _GETCHAR
                            	   152:     ENDM
                            	   153: 
                            	   154: ; DOS_EXIT_CODE n — exit with return code n (immediate)
                            	   155: DOS_EXIT_CODE   MACRO
                            	   156:     move.w  #\1,-(sp)
                            	   157:     DOS     _EXIT2
                            	   158:     ENDM
                            	   159: 
                            	   160: ; DOS_OPEN_FILE — a0=path pointer, mode in d1.w; returns handle in d0.l
                            	   161: DOS_OPEN_FILE   MACRO
                            	   162:     move.w  d1,-(sp)
                            	   163:     move.l  a0,-(sp)
                            	   164:     DOS     _OPEN
                            	   165:     addq.l  #6,sp
                            	   166:     ENDM
                            	   167: 
                            	   168: ; DOS_CLOSE_FILE — d1.l = handle
                            	   169: DOS_CLOSE_FILE  MACRO
                            	   170:     move.l  d1,-(sp)
                            	   171:     DOS     _CLOSE
                            	   172:     addq.l  #4,sp
                            	   173:     ENDM
                            	   174: 
                            	   175: ; DOS_READ_FILE — d1.l=handle, a0=buffer, d2.l=length; returns d0.l=bytes read
                            	   176: DOS_READ_FILE   MACRO
                            	   177:     move.l  d2,-(sp)
                            	   178:     move.l  a0,-(sp)
                            	   179:     move.w  d1,-(sp)
                            	   180:     DOS     _READ
                            	   181:     add.l   #10,sp
                            	   182:     ENDM
                            	   183: 
                            	   184: DOS_SUPER MACRO
                            	   185:     pea     0
                            	   186:     DOS     _SUPER
                            	   187:     addq.l  #4,sp
                            	   188:     ENDM
                            	   189: 

Source: "sega_logo_x68k.s"
                            	    42:     include "inc/gfx/palettes.i"

Source: "inc/gfx/palettes.i"
                            	     1: ; ==========================================================
                            	     2: ; Palette macros
                            	     3: ; ==========================================================
                            	     4: ;MDCOLOR MACRO b,g,r
                            	     5: MDCOLOR MACRO
                            	     6:     dc.w ((\1)<<7)|((\2)<<4)|((\3)<<1)
                            	     7: ENDM
                            	     8: 
                            	     9: 
                            	    10: ; DEC_N_COLOURS_TO_TARGET _target_pal _src_pal _n_colours (a2=_target_pal, a3=_src_pal d4=(_n_colours-1)
                            	    11: DEC_N_COLOURS_TO_TARGET MACRO
                            	    12:     INLINE
                            	    13:     lea         (\2),a3
                            	    14:     lea         (\1),a2
                            	    15:     moveq       #(\3-1),d4
                            	    16:     .loop_n_times:
                            	    17:         move.b      (a3),d0
                            	    18:         cmp.b       (a2)+,d3
                            	    19:         bcs.b       .save_b
                            	    20:         subq.b      #$2,d0
                            	    21:     .save_b:
                            	    22:         move.b      d0,(a3)+
                            	    23:         move.b      (a3),d0
                            	    24:         move.b      d0,d1
                            	    25:         andi.b      #$e0,d0
                            	    26:         andi.b      #$0e,d1
                            	    27:         move.b      (a2),d2
                            	    28:         lsr.b       #$4,d2
                            	    29:         cmp.b       d2,d3
                            	    30:         bcs.b       .save_g
                            	    31:         subi.b      #$20,d0
                            	    32:     .save_g:
                            	    33:         move.b      (a2)+,d2
                            	    34:         andi.b      #$0e,d2
                            	    35:         cmp.b       d2,d3
                            	    36:         bcs.b       .save_r
                            	    37:         subq.b      #$2,d1
                            	    38:     .save_r:
                            	    39:         or.b        d1,d0
                            	    40:         move.b      d0,(a3)+
                            	    41:         dbf         d4,.loop_n_times
                            	    42:     EINLINE
                            	    43:     ENDM
                            	    44: 
                            	    45: ; DEC_N_COLOURS _src_pal _decount_reg _n_colours (_target_pal is an address reg, _decount_reg=(_n_colours-1)
                            	    46: DEC_N_COLOURS MACRO
                            	    47:     INLINE
                            	    48:     moveq       #(\3-1),\2      ; will loop 16 times (32 bytes modified in total)
                            	    49:     .loop_n_times:
                            	    50:         move.b      (\1),d0
                            	    51:         beq.b       .save_b
                            	    52:         subq.b      #$2,d0      ; d0=d0-2
                            	    53:     .save_b:
                            	    54:         move.b      d0,(\1)+    ; save it back
                            	    55:         move.b      (\1),d0
                            	    56:         move.b      d0,d1
                            	    57:         andi.b      #$0e,d1      ; d1=d0&$0e
                            	    58:         andi.b      #$e0,d0     ; d0=d0&$e0
                            	    59:         beq.b       .save_g
                            	    60:         subi.b      #$20,d0     ; d0=d0-$20
                            	    61:     .save_g:
                            	    62:         tst.b       d1
                            	    63:         beq.b       .save_r
                            	    64:         subq.w      #$2,d1      ; d1=d1-2
                            	    65:     .save_r:
                            	    66:         or.b        d1,d0       ; put 2 nibbles into d0
                            	    67:         move.b      d0,(\1)+    ; and save back
                            	    68:         dbf         \2,.loop_n_times
                            	    69:     EINLINE
                            	    70:     ENDM
                            	    71: 

Source: "sega_logo_x68k.s"
                            	    43: 
                            	    44:     text
                            	    45:     even
                            	    46: 
                            	    47: ; =============================================================================
                            	    48: ; display_sega_logo
                            	    49: ; Equivalent of the MD display_sega_logo routine (alisia_dis.asm ~L700-757)
                            	    50: ; =============================================================================
                            	    51: display_sega_logo:
                            	    52:     DOS_SUPER
00:00000000 48780000        	     1M     pea     0
                            	     2M     DOS     _SUPER
00:00000004 FF20            	     1M     dc.w    __DOS__SUPER
00:00000006 588F            	     3M     addq.l  #4,sp
00:00000008 610005CE        	    53:     bsr.w   init_crtc_320x224      ; MD: init_vdp (register setup half only —
                            	    54:                                     ; the MD's vram_fill_dma VRAM-zero call has
                            	    55:                                     ; no direct analogue here; GVRAM is cleared
                            	    56:                                     ; explicitly below instead)
                            	    57: 
                            	    58:     ; --- Clear graphic layer 0 to colour index 0 ---
                            	    59:     ; MD: reset_vram_bg1_and_2_tilemaps filled BOTH nametables with a blank
                            	    60:     ; tile ($400) under DISABLE_INTERRUPTS, because the MD VDP would show
                            	    61:     ; garbage tile data otherwise. On X68000 there's no nametable to
                            	    62:     ; initialise — the equivalent guarantee is just: the framebuffer starts
                            	    63:     ; at colour index 0 everywhere until we blit real pixels over it.
                            	    64:     CLEAR_GVRAM_L0  0
00:0000000C 41F900C00000    	     1M     lea     (GVRAM_PAGE0),a0
00:00000012 203C0003FFFF    	     2M     move.l  #(GVRAM_PAGE_SIZE/2)-1,d0   ; divide by 2 as words will be processed
00:00000018 7200            	     3M     moveq   #$0,d1    
00:0000001A 123C0000        	     4M     move.b  #0,d1
                            	     5M .cgl0_000007:
00:0000001E 30C1            	     6M     move.w  d1,(a0)+
00:00000020 51C8FFFC        	     7M     dbf     d0,.cgl0_000007
                            	    65:     CLEAR_GVRAM_L1  0
00:00000024 41F900D00000    	     1M     lea     (GVRAM_PAGE2),a0
00:0000002A 203C0003FFFF    	     2M     move.l  #(GVRAM_PAGE_SIZE/2)-1,d0
00:00000030 7200            	     3M     moveq   #$0,d1    
00:00000032 123C0000        	     4M     move.b  #0,d1
                            	     5M .cgl1_000008:
00:00000036 30C1            	     6M     move.w  d1,(a0)+
00:00000038 51C8FFFC        	     7M     dbf     d0,.cgl1_000008
                            	    66:     CLEAR_GPAL
00:0000003C 41F900E82000    	     1M     lea     (GPAL_BASE),a0
00:00000042 303C00FF        	     2M     move.w  #(GPAL_COUNT-1),d0
                            	     3M .cgp_loop_000009:
00:00000046 4258            	     4M     clr.w   (a0)+
00:00000048 51C8FFFC        	     5M     dbf     d0,.cgp_loop_000009
                            	    67:     CLEAR_SPAL
00:0000004C 41F900E82200    	     1M     lea     (SPAL_BASE),a0
00:00000052 303C00FF        	     2M     move.w  #(SPAL_COUNT-1),d0
                            	     3M .csp_loop_000010:
00:00000056 4258            	     4M     clr.w   (a0)+
00:00000058 51C8FFFC        	     5M     dbf     d0,.csp_loop_000010
                            	    68: 
                            	    69:     ; clear bss variables
00:0000005C 61000708        	    70:     bsr     clear_bg_pal_ram
00:00000060 61000716        	    71:     bsr     clear_sp_pal_ram
                            	    72: 
                            	    73:     ; --- Clear graphic palette entries 0-15 (logo's palette block) ---
                            	    74:     ; MD: clear_palettes_0_to_3 + clear_palettes_4_to_7 zeroed all 8 CRAM
                            	    75:     ; palettes (4 words x 8 = 32 words). We only need entries 0-15 here,
                            	    76:     ; since the logo's 8bpp tile data only ever indexes 0-15 (see
                            	    77:     ; conversion note above) and nothing else uses GPAL 16-255 yet.
00:00000064 41F900E82000    	    78:     lea     (GPAL_BASE),a0
00:0000006A 700F            	    79:     moveq   #15,d0
                            	    80: .clear_gpal_loop:
00:0000006C 4258            	    81:     clr.w   (a0)+
00:0000006E 51C8FFFC        	    82:     dbf     d0,.clear_gpal_loop
                            	    83: 
                            	    84:     ; --- Upload and blit tile pixel data directly into place ---
                            	    85:     ; MD: two separate steps — (1) raw copy of all 49 tiles to VRAM address
                            	    86:     ; 0 as a flat blob, then (2) a 12x4 tilemap write that references tile
                            	    87:     ; indices 1-48 by number, landing them at nametable address $C61C
                            	    88:     ; (column 14, row 12 — see conversation notes for the derivation).
                            	    89:     ; X68000: no indirection needed — blit each tile's pixels straight to
                            	    90:     ; its final framebuffer position in one pass, in the same raster order
                            	    91:     ; the MD tilemap used (sega_logo_tilemap is a plain ascending sequence
                            	    92:     ; 1..48, no reordering or flip bits), so no tilemap table is needed at
                            	    93:     ; all on this side.
00:00000072 41F90000005E    	    94:     lea     (sega_logo_tiles_4bpp+MD_TILE_BYTES),a0   ; skip unused tile 0
00:00000078 7C03            	    95:     moveq   #3,d6                  ; 4 rows (was moveq #$3,d6 on MD)
00:0000007A 363C0060        	    96:     move.w  #LOGO_ORIGIN_Y,d3      ; current row's Y pixel position
                            	    97: .blit_row:
00:0000007E 7E0B            	    98:     moveq   #11,d7                 ; 12 columns (was moveq #$b,d5 on MD)
00:00000080 343C0070        	    99:     move.w  #(LOGO_ORIGIN_X),d2  ; current column's X pixel position in words
                            	   100: .blit_col:
                            	   101:     ; NOTE: GVRAM_ADDR_L0's doc comment (x68k_macros.i) claims it clobbers
                            	   102:     ; the Y register, but its actual body only writes the result register
                            	   103:     ; -- traced directly rather than trusting the comment, so no save/
                            	   104:     ; restore of d2/d3 is needed around this call.
                            	   105:     BLIT_TILE_L0 a0,d2,d3,a1        ; a0 auto-advances past this tile
                            	     1M     GVRAM_ADDR_L0 d2,d3,a1          ; calculate VRAM destination
00:00000084 3003            	     1M     move.w   d3,d0
00:00000086 C0FC0400        	     2M     mulu.w   #GVRAM_WIDTH,d0
00:0000008A 43F900C00000    	     3M     lea      (GVRAM_PAGE0),a1
00:00000090 D3C0            	     4M     adda.l   d0,a1
00:00000092 D2C2            	     5M     adda.w   d2,a1     
00:00000094 D2C2            	     6M     adda.w   d2,a1  ; add twice to point at words
00:00000096 323C0007        	     2M     move.w  #(TILE_W-1),d1
                            	     3M     .bt_row_000011:
00:0000009A 2818            	     4M         move.l  (a0)+,d4                ; copy 8 pixels
00:0000009C 303C0007        	     5M         move.w  #(TILE_H-1),d0          
                            	     6M         .bt_col_000011:
00:000000A0 E99C            	     7M             rol.l   #$4,d4                  ; shift for next nibble    
00:000000A2 3A04            	     8M             move.w  d4,d5                   ; copy word as only bottom nibble is used
00:000000A4 CA7C000F        	     9M             and.w   #$000f,d5               ; TODO as a pallet nibble to bits 7-4
00:000000A8 32C5            	    10M             move.w  d5,(a1)+
00:000000AA 51C8FFF4        	    11M             dbf     d0,.bt_col_000011
00:000000AE 43E903F0        	    12M         lea     (GVRAM_WIDTH-TILE_W*2,a1),a1   ; advance destination by one row stride
00:000000B2 51C9FFE6        	    13M         dbf     d1,.bt_row_000011
00:000000B6 5042            	   106:     addq.w  #(TILE_W),d2
00:000000B8 51CFFFCA        	   107:     dbf     d7,.blit_col
00:000000BC 5043            	   108:     addq.w  #TILE_H,d3
00:000000BE 51CEFFBE        	   109:     dbf     d6,.blit_row
                            	   110: 
                            	   111:     ; --- Convert the MD colour-cycle table once, up front ---
                            	   112:     ; See convert_md_colours_to_x68k below. Keeping the MD table verbatim
                            	   113:     ; as the single source of truth (rather than hand-transcribing a
                            	   114:     ; pre-converted table) means any future correction to the original
                            	   115:     ; data doesn't need a parallel manual re-conversion.
                            	   116:     CONVERT_MD_TO_X68K_COLOURS sega_logo_colours_md, sega_logo_colours_x68k, 30
00:000000C2 48E7F0C0        	     1M     movem.l d0-d3/a0-a1,-(sp)
00:000000C6 41F900000000    	     2M     lea     (sega_logo_colours_md),a0
00:000000CC 43F90000BF12    	     3M     lea     (sega_logo_colours_x68k),a1
00:000000D2 761E            	     4M     moveq   #30,d3
00:000000D4 610005AE        	     5M     bsr     convert_md_colours_to_x68k
00:000000D8 4CDF030F        	     6M     movem.l (sp)+,d0-d3/a0-a1
                            	   117: 
                            	   118:     ; --- Set up initial colour-cycle state and enable display ---
                            	   119:     ; MD: move.w #$0000,(palettes_4) / move.w #CRAM_WHITE,(palettes_4+2)
                            	   120:     ; then moveq #$0,d5 / moveq #$28,d6 / moveq #$0,d7 before enabling
                            	   121:     ; display and entering the wait loop. We don't need the palettes_4
                            	   122:     ; staging area at all (see deferred fade-in note above) — go straight
                            	   123:     ; to the live colour-cycle state.
00:000000DC 7A00            	   124:     moveq   #0,d5                  ; vblank delay counter (reload $3)
00:000000DE 3C3C0028        	   125:     move.w  #COLOUR_CYCLE_START,d6 ; word index into sega_logo_colours_x68k
00:000000E2 7E00            	   126:     moveq   #0,d7                  ; elapsed-frame counter
                            	   127: 
00:000000E4 41F900E82000    	   128:     lea     (GPAL_BASE),a0
00:000000EA 30FC0000        	   129:     move.w  #$0000,(a0)+
00:000000EE 30FCFFFE        	   130:     move.w  #$fffe,(a0)+
00:000000F2 610005BA        	   131:     bsr.w   update_sega_logo_colours_x68k
                            	   132:     
                            	   133:     ; Enable graphic layer 0 + sprite/text stay off for this screen
00:000000F6 33FC005F00E82600	   134:     move.w  #VC_R2_GAME,(VC_R2)
                            	   135: 
                            	   136:     REPT 60
                            	   137:         WAIT_VBLANK
                            	   138:     ENDR
                            	     1R         WAIT_VBLANK
                            	     1M .wa_wait_000015: ; wait for rendering
00:000000FE 0839000400E88001	     2M     btst    #4,MFP_GPDR
00:00000106 67F6            	     3M     beq     .wa_wait_000015
                            	     4M .wvb_wait_000015: ; wait for vblank
00:00000108 0839000400E88001	     5M     btst    #4,MFP_GPDR
00:00000110 66F6            	     6M     bne     .wvb_wait_000015
                            	     2R     
                            	     1R         WAIT_VBLANK
                            	     1M .wa_wait_000016: ; wait for rendering
00:00000112 0839000400E88001	     2M     btst    #4,MFP_GPDR
00:0000011A 67F6            	     3M     beq     .wa_wait_000016
                            	     4M .wvb_wait_000016: ; wait for vblank
00:0000011C 0839000400E88001	     5M     btst    #4,MFP_GPDR
00:00000124 66F6            	     6M     bne     .wvb_wait_000016
                            	     2R     
                            	     1R         WAIT_VBLANK
                            	     1M .wa_wait_000017: ; wait for rendering
00:00000126 0839000400E88001	     2M     btst    #4,MFP_GPDR
00:0000012E 67F6            	     3M     beq     .wa_wait_000017
                            	     4M .wvb_wait_000017: ; wait for vblank
00:00000130 0839000400E88001	     5M     btst    #4,MFP_GPDR
00:00000138 66F6            	     6M     bne     .wvb_wait_000017
                            	     2R     
                            	     1R         WAIT_VBLANK
                            	     1M .wa_wait_000018: ; wait for rendering
00:0000013A 0839000400E88001	     2M     btst    #4,MFP_GPDR
00:00000142 67F6            	     3M     beq     .wa_wait_000018
                            	     4M .wvb_wait_000018: ; wait for vblank
00:00000144 0839000400E88001	     5M     btst    #4,MFP_GPDR
00:0000014C 66F6            	     6M     bne     .wvb_wait_000018
                            	     2R     
                            	     1R         WAIT_VBLANK
                            	     1M .wa_wait_000019: ; wait for rendering
00:0000014E 0839000400E88001	     2M     btst    #4,MFP_GPDR
00:00000156 67F6            	     3M     beq     .wa_wait_000019
                            	     4M .wvb_wait_000019: ; wait for vblank
00:00000158 0839000400E88001	     5M     btst    #4,MFP_GPDR
00:00000160 66F6            	     6M     bne     .wvb_wait_000019
                            	     2R     
                            	     1R         WAIT_VBLANK
                            	     1M .wa_wait_000020: ; wait for rendering
00:00000162 0839000400E88001	     2M     btst    #4,MFP_GPDR
00:0000016A 67F6            	     3M     beq     .wa_wait_000020
                            	     4M .wvb_wait_000020: ; wait for vblank
00:0000016C 0839000400E88001	     5M     btst    #4,MFP_GPDR
00:00000174 66F6            	     6M     bne     .wvb_wait_000020
                            	     2R     
                            	     1R         WAIT_VBLANK
                            	     1M .wa_wait_000021: ; wait for rendering
00:00000176 0839000400E88001	     2M     btst    #4,MFP_GPDR
00:0000017E 67F6            	     3M     beq     .wa_wait_000021
                            	     4M .wvb_wait_000021: ; wait for vblank
00:00000180 0839000400E88001	     5M     btst    #4,MFP_GPDR
00:00000188 66F6            	     6M     bne     .wvb_wait_000021
                            	     2R     
                            	     1R         WAIT_VBLANK
                            	     1M .wa_wait_000022: ; wait for rendering
00:0000018A 0839000400E88001	     2M     btst    #4,MFP_GPDR
00:00000192 67F6            	     3M     beq     .wa_wait_000022
                            	     4M .wvb_wait_000022: ; wait for vblank
00:00000194 0839000400E88001	     5M     btst    #4,MFP_GPDR
00:0000019C 66F6            	     6M     bne     .wvb_wait_000022
                            	     2R     
                            	     1R         WAIT_VBLANK
                            	     1M .wa_wait_000023: ; wait for rendering
00:0000019E 0839000400E88001	     2M     btst    #4,MFP_GPDR
00:000001A6 67F6            	     3M     beq     .wa_wait_000023
                            	     4M .wvb_wait_000023: ; wait for vblank
00:000001A8 0839000400E88001	     5M     btst    #4,MFP_GPDR
00:000001B0 66F6            	     6M     bne     .wvb_wait_000023
                            	     2R     
                            	     1R         WAIT_VBLANK
                            	     1M .wa_wait_000024: ; wait for rendering
00:000001B2 0839000400E88001	     2M     btst    #4,MFP_GPDR
00:000001BA 67F6            	     3M     beq     .wa_wait_000024
                            	     4M .wvb_wait_000024: ; wait for vblank
00:000001BC 0839000400E88001	     5M     btst    #4,MFP_GPDR
00:000001C4 66F6            	     6M     bne     .wvb_wait_000024
                            	     2R     
                            	     1R         WAIT_VBLANK
                            	     1M .wa_wait_000025: ; wait for rendering
00:000001C6 0839000400E88001	     2M     btst    #4,MFP_GPDR
00:000001CE 67F6            	     3M     beq     .wa_wait_000025
                            	     4M .wvb_wait_000025: ; wait for vblank
00:000001D0 0839000400E88001	     5M     btst    #4,MFP_GPDR
00:000001D8 66F6            	     6M     bne     .wvb_wait_000025
                            	     2R     
                            	     1R         WAIT_VBLANK
                            	     1M .wa_wait_000026: ; wait for rendering
00:000001DA 0839000400E88001	     2M     btst    #4,MFP_GPDR
00:000001E2 67F6            	     3M     beq     .wa_wait_000026
                            	     4M .wvb_wait_000026: ; wait for vblank
00:000001E4 0839000400E88001	     5M     btst    #4,MFP_GPDR
00:000001EC 66F6            	     6M     bne     .wvb_wait_000026
                            	     2R     
                            	     1R         WAIT_VBLANK
                            	     1M .wa_wait_000027: ; wait for rendering
00:000001EE 0839000400E88001	     2M     btst    #4,MFP_GPDR
00:000001F6 67F6            	     3M     beq     .wa_wait_000027
                            	     4M .wvb_wait_000027: ; wait for vblank
00:000001F8 0839000400E88001	     5M     btst    #4,MFP_GPDR
00:00000200 66F6            	     6M     bne     .wvb_wait_000027
                            	     2R     
                            	     1R         WAIT_VBLANK
                            	     1M .wa_wait_000028: ; wait for rendering
00:00000202 0839000400E88001	     2M     btst    #4,MFP_GPDR
00:0000020A 67F6            	     3M     beq     .wa_wait_000028
                            	     4M .wvb_wait_000028: ; wait for vblank
00:0000020C 0839000400E88001	     5M     btst    #4,MFP_GPDR
00:00000214 66F6            	     6M     bne     .wvb_wait_000028
                            	     2R     
                            	     1R         WAIT_VBLANK
                            	     1M .wa_wait_000029: ; wait for rendering
00:00000216 0839000400E88001	     2M     btst    #4,MFP_GPDR
00:0000021E 67F6            	     3M     beq     .wa_wait_000029
                            	     4M .wvb_wait_000029: ; wait for vblank
00:00000220 0839000400E88001	     5M     btst    #4,MFP_GPDR
00:00000228 66F6            	     6M     bne     .wvb_wait_000029
                            	     2R     
                            	     1R         WAIT_VBLANK
                            	     1M .wa_wait_000030: ; wait for rendering
00:0000022A 0839000400E88001	     2M     btst    #4,MFP_GPDR
00:00000232 67F6            	     3M     beq     .wa_wait_000030
                            	     4M .wvb_wait_000030: ; wait for vblank
00:00000234 0839000400E88001	     5M     btst    #4,MFP_GPDR
00:0000023C 66F6            	     6M     bne     .wvb_wait_000030
                            	     2R     
                            	     1R         WAIT_VBLANK
                            	     1M .wa_wait_000031: ; wait for rendering
00:0000023E 0839000400E88001	     2M     btst    #4,MFP_GPDR
00:00000246 67F6            	     3M     beq     .wa_wait_000031
                            	     4M .wvb_wait_000031: ; wait for vblank
00:00000248 0839000400E88001	     5M     btst    #4,MFP_GPDR
00:00000250 66F6            	     6M     bne     .wvb_wait_000031
                            	     2R     
                            	     1R         WAIT_VBLANK
                            	     1M .wa_wait_000032: ; wait for rendering
00:00000252 0839000400E88001	     2M     btst    #4,MFP_GPDR
00:0000025A 67F6            	     3M     beq     .wa_wait_000032
                            	     4M .wvb_wait_000032: ; wait for vblank
00:0000025C 0839000400E88001	     5M     btst    #4,MFP_GPDR
00:00000264 66F6            	     6M     bne     .wvb_wait_000032
                            	     2R     
                            	     1R         WAIT_VBLANK
                            	     1M .wa_wait_000033: ; wait for rendering
00:00000266 0839000400E88001	     2M     btst    #4,MFP_GPDR
00:0000026E 67F6            	     3M     beq     .wa_wait_000033
                            	     4M .wvb_wait_000033: ; wait for vblank
00:00000270 0839000400E88001	     5M     btst    #4,MFP_GPDR
00:00000278 66F6            	     6M     bne     .wvb_wait_000033
                            	     2R     
                            	     1R         WAIT_VBLANK
                            	     1M .wa_wait_000034: ; wait for rendering
00:0000027A 0839000400E88001	     2M     btst    #4,MFP_GPDR
00:00000282 67F6            	     3M     beq     .wa_wait_000034
                            	     4M .wvb_wait_000034: ; wait for vblank
00:00000284 0839000400E88001	     5M     btst    #4,MFP_GPDR
00:0000028C 66F6            	     6M     bne     .wvb_wait_000034
                            	     2R     
                            	     1R         WAIT_VBLANK
                            	     1M .wa_wait_000035: ; wait for rendering
00:0000028E 0839000400E88001	     2M     btst    #4,MFP_GPDR
00:00000296 67F6            	     3M     beq     .wa_wait_000035
                            	     4M .wvb_wait_000035: ; wait for vblank
00:00000298 0839000400E88001	     5M     btst    #4,MFP_GPDR
00:000002A0 66F6            	     6M     bne     .wvb_wait_000035
                            	     2R     
                            	     1R         WAIT_VBLANK
                            	     1M .wa_wait_000036: ; wait for rendering
00:000002A2 0839000400E88001	     2M     btst    #4,MFP_GPDR
00:000002AA 67F6            	     3M     beq     .wa_wait_000036
                            	     4M .wvb_wait_000036: ; wait for vblank
00:000002AC 0839000400E88001	     5M     btst    #4,MFP_GPDR
00:000002B4 66F6            	     6M     bne     .wvb_wait_000036
                            	     2R     
                            	     1R         WAIT_VBLANK
                            	     1M .wa_wait_000037: ; wait for rendering
00:000002B6 0839000400E88001	     2M     btst    #4,MFP_GPDR
00:000002BE 67F6            	     3M     beq     .wa_wait_000037
                            	     4M .wvb_wait_000037: ; wait for vblank
00:000002C0 0839000400E88001	     5M     btst    #4,MFP_GPDR
00:000002C8 66F6            	     6M     bne     .wvb_wait_000037
                            	     2R     
                            	     1R         WAIT_VBLANK
                            	     1M .wa_wait_000038: ; wait for rendering
00:000002CA 0839000400E88001	     2M     btst    #4,MFP_GPDR
00:000002D2 67F6            	     3M     beq     .wa_wait_000038
                            	     4M .wvb_wait_000038: ; wait for vblank
00:000002D4 0839000400E88001	     5M     btst    #4,MFP_GPDR
00:000002DC 66F6            	     6M     bne     .wvb_wait_000038
                            	     2R     
                            	     1R         WAIT_VBLANK
                            	     1M .wa_wait_000039: ; wait for rendering
00:000002DE 0839000400E88001	     2M     btst    #4,MFP_GPDR
00:000002E6 67F6            	     3M     beq     .wa_wait_000039
                            	     4M .wvb_wait_000039: ; wait for vblank
00:000002E8 0839000400E88001	     5M     btst    #4,MFP_GPDR
00:000002F0 66F6            	     6M     bne     .wvb_wait_000039
                            	     2R     
                            	     1R         WAIT_VBLANK
                            	     1M .wa_wait_000040: ; wait for rendering
00:000002F2 0839000400E88001	     2M     btst    #4,MFP_GPDR
00:000002FA 67F6            	     3M     beq     .wa_wait_000040
                            	     4M .wvb_wait_000040: ; wait for vblank
00:000002FC 0839000400E88001	     5M     btst    #4,MFP_GPDR
00:00000304 66F6            	     6M     bne     .wvb_wait_000040
                            	     2R     
                            	     1R         WAIT_VBLANK
                            	     1M .wa_wait_000041: ; wait for rendering
00:00000306 0839000400E88001	     2M     btst    #4,MFP_GPDR
00:0000030E 67F6            	     3M     beq     .wa_wait_000041
                            	     4M .wvb_wait_000041: ; wait for vblank
00:00000310 0839000400E88001	     5M     btst    #4,MFP_GPDR
00:00000318 66F6            	     6M     bne     .wvb_wait_000041
                            	     2R     
                            	     1R         WAIT_VBLANK
                            	     1M .wa_wait_000042: ; wait for rendering
00:0000031A 0839000400E88001	     2M     btst    #4,MFP_GPDR
00:00000322 67F6            	     3M     beq     .wa_wait_000042
                            	     4M .wvb_wait_000042: ; wait for vblank
00:00000324 0839000400E88001	     5M     btst    #4,MFP_GPDR
00:0000032C 66F6            	     6M     bne     .wvb_wait_000042
                            	     2R     
                            	     1R         WAIT_VBLANK
                            	     1M .wa_wait_000043: ; wait for rendering
00:0000032E 0839000400E88001	     2M     btst    #4,MFP_GPDR
00:00000336 67F6            	     3M     beq     .wa_wait_000043
                            	     4M .wvb_wait_000043: ; wait for vblank
00:00000338 0839000400E88001	     5M     btst    #4,MFP_GPDR
00:00000340 66F6            	     6M     bne     .wvb_wait_000043
                            	     2R     
                            	     1R         WAIT_VBLANK
                            	     1M .wa_wait_000044: ; wait for rendering
00:00000342 0839000400E88001	     2M     btst    #4,MFP_GPDR
00:0000034A 67F6            	     3M     beq     .wa_wait_000044
                            	     4M .wvb_wait_000044: ; wait for vblank
00:0000034C 0839000400E88001	     5M     btst    #4,MFP_GPDR
00:00000354 66F6            	     6M     bne     .wvb_wait_000044
                            	     2R     
                            	     1R         WAIT_VBLANK
                            	     1M .wa_wait_000045: ; wait for rendering
00:00000356 0839000400E88001	     2M     btst    #4,MFP_GPDR
00:0000035E 67F6            	     3M     beq     .wa_wait_000045
                            	     4M .wvb_wait_000045: ; wait for vblank
00:00000360 0839000400E88001	     5M     btst    #4,MFP_GPDR
00:00000368 66F6            	     6M     bne     .wvb_wait_000045
                            	     2R     
                            	     1R         WAIT_VBLANK
                            	     1M .wa_wait_000046: ; wait for rendering
00:0000036A 0839000400E88001	     2M     btst    #4,MFP_GPDR
00:00000372 67F6            	     3M     beq     .wa_wait_000046
                            	     4M .wvb_wait_000046: ; wait for vblank
00:00000374 0839000400E88001	     5M     btst    #4,MFP_GPDR
00:0000037C 66F6            	     6M     bne     .wvb_wait_000046
                            	     2R     
                            	     1R         WAIT_VBLANK
                            	     1M .wa_wait_000047: ; wait for rendering
00:0000037E 0839000400E88001	     2M     btst    #4,MFP_GPDR
00:00000386 67F6            	     3M     beq     .wa_wait_000047
                            	     4M .wvb_wait_000047: ; wait for vblank
00:00000388 0839000400E88001	     5M     btst    #4,MFP_GPDR
00:00000390 66F6            	     6M     bne     .wvb_wait_000047
                            	     2R     
                            	     1R         WAIT_VBLANK
                            	     1M .wa_wait_000048: ; wait for rendering
00:00000392 0839000400E88001	     2M     btst    #4,MFP_GPDR
00:0000039A 67F6            	     3M     beq     .wa_wait_000048
                            	     4M .wvb_wait_000048: ; wait for vblank
00:0000039C 0839000400E88001	     5M     btst    #4,MFP_GPDR
00:000003A4 66F6            	     6M     bne     .wvb_wait_000048
                            	     2R     
                            	     1R         WAIT_VBLANK
                            	     1M .wa_wait_000049: ; wait for rendering
00:000003A6 0839000400E88001	     2M     btst    #4,MFP_GPDR
00:000003AE 67F6            	     3M     beq     .wa_wait_000049
                            	     4M .wvb_wait_000049: ; wait for vblank
00:000003B0 0839000400E88001	     5M     btst    #4,MFP_GPDR
00:000003B8 66F6            	     6M     bne     .wvb_wait_000049
                            	     2R     
                            	     1R         WAIT_VBLANK
                            	     1M .wa_wait_000050: ; wait for rendering
00:000003BA 0839000400E88001	     2M     btst    #4,MFP_GPDR
00:000003C2 67F6            	     3M     beq     .wa_wait_000050
                            	     4M .wvb_wait_000050: ; wait for vblank
00:000003C4 0839000400E88001	     5M     btst    #4,MFP_GPDR
00:000003CC 66F6            	     6M     bne     .wvb_wait_000050
                            	     2R     
                            	     1R         WAIT_VBLANK
                            	     1M .wa_wait_000051: ; wait for rendering
00:000003CE 0839000400E88001	     2M     btst    #4,MFP_GPDR
00:000003D6 67F6            	     3M     beq     .wa_wait_000051
                            	     4M .wvb_wait_000051: ; wait for vblank
00:000003D8 0839000400E88001	     5M     btst    #4,MFP_GPDR
00:000003E0 66F6            	     6M     bne     .wvb_wait_000051
                            	     2R     
                            	     1R         WAIT_VBLANK
                            	     1M .wa_wait_000052: ; wait for rendering
00:000003E2 0839000400E88001	     2M     btst    #4,MFP_GPDR
00:000003EA 67F6            	     3M     beq     .wa_wait_000052
                            	     4M .wvb_wait_000052: ; wait for vblank
00:000003EC 0839000400E88001	     5M     btst    #4,MFP_GPDR
00:000003F4 66F6            	     6M     bne     .wvb_wait_000052
                            	     2R     
                            	     1R         WAIT_VBLANK
                            	     1M .wa_wait_000053: ; wait for rendering
00:000003F6 0839000400E88001	     2M     btst    #4,MFP_GPDR
00:000003FE 67F6            	     3M     beq     .wa_wait_000053
                            	     4M .wvb_wait_000053: ; wait for vblank
00:00000400 0839000400E88001	     5M     btst    #4,MFP_GPDR
00:00000408 66F6            	     6M     bne     .wvb_wait_000053
                            	     2R     
                            	     1R         WAIT_VBLANK
                            	     1M .wa_wait_000054: ; wait for rendering
00:0000040A 0839000400E88001	     2M     btst    #4,MFP_GPDR
00:00000412 67F6            	     3M     beq     .wa_wait_000054
                            	     4M .wvb_wait_000054: ; wait for vblank
00:00000414 0839000400E88001	     5M     btst    #4,MFP_GPDR
00:0000041C 66F6            	     6M     bne     .wvb_wait_000054
                            	     2R     
                            	     1R         WAIT_VBLANK
                            	     1M .wa_wait_000055: ; wait for rendering
00:0000041E 0839000400E88001	     2M     btst    #4,MFP_GPDR
00:00000426 67F6            	     3M     beq     .wa_wait_000055
                            	     4M .wvb_wait_000055: ; wait for vblank
00:00000428 0839000400E88001	     5M     btst    #4,MFP_GPDR
00:00000430 66F6            	     6M     bne     .wvb_wait_000055
                            	     2R     
                            	     1R         WAIT_VBLANK
                            	     1M .wa_wait_000056: ; wait for rendering
00:00000432 0839000400E88001	     2M     btst    #4,MFP_GPDR
00:0000043A 67F6            	     3M     beq     .wa_wait_000056
                            	     4M .wvb_wait_000056: ; wait for vblank
00:0000043C 0839000400E88001	     5M     btst    #4,MFP_GPDR
00:00000444 66F6            	     6M     bne     .wvb_wait_000056
                            	     2R     
                            	     1R         WAIT_VBLANK
                            	     1M .wa_wait_000057: ; wait for rendering
00:00000446 0839000400E88001	     2M     btst    #4,MFP_GPDR
00:0000044E 67F6            	     3M     beq     .wa_wait_000057
                            	     4M .wvb_wait_000057: ; wait for vblank
00:00000450 0839000400E88001	     5M     btst    #4,MFP_GPDR
00:00000458 66F6            	     6M     bne     .wvb_wait_000057
                            	     2R     
                            	     1R         WAIT_VBLANK
                            	     1M .wa_wait_000058: ; wait for rendering
00:0000045A 0839000400E88001	     2M     btst    #4,MFP_GPDR
00:00000462 67F6            	     3M     beq     .wa_wait_000058
                            	     4M .wvb_wait_000058: ; wait for vblank
00:00000464 0839000400E88001	     5M     btst    #4,MFP_GPDR
00:0000046C 66F6            	     6M     bne     .wvb_wait_000058
                            	     2R     
                            	     1R         WAIT_VBLANK
                            	     1M .wa_wait_000059: ; wait for rendering
00:0000046E 0839000400E88001	     2M     btst    #4,MFP_GPDR
00:00000476 67F6            	     3M     beq     .wa_wait_000059
                            	     4M .wvb_wait_000059: ; wait for vblank
00:00000478 0839000400E88001	     5M     btst    #4,MFP_GPDR
00:00000480 66F6            	     6M     bne     .wvb_wait_000059
                            	     2R     
                            	     1R         WAIT_VBLANK
                            	     1M .wa_wait_000060: ; wait for rendering
00:00000482 0839000400E88001	     2M     btst    #4,MFP_GPDR
00:0000048A 67F6            	     3M     beq     .wa_wait_000060
                            	     4M .wvb_wait_000060: ; wait for vblank
00:0000048C 0839000400E88001	     5M     btst    #4,MFP_GPDR
00:00000494 66F6            	     6M     bne     .wvb_wait_000060
                            	     2R     
                            	     1R         WAIT_VBLANK
                            	     1M .wa_wait_000061: ; wait for rendering
00:00000496 0839000400E88001	     2M     btst    #4,MFP_GPDR
00:0000049E 67F6            	     3M     beq     .wa_wait_000061
                            	     4M .wvb_wait_000061: ; wait for vblank
00:000004A0 0839000400E88001	     5M     btst    #4,MFP_GPDR
00:000004A8 66F6            	     6M     bne     .wvb_wait_000061
                            	     2R     
                            	     1R         WAIT_VBLANK
                            	     1M .wa_wait_000062: ; wait for rendering
00:000004AA 0839000400E88001	     2M     btst    #4,MFP_GPDR
00:000004B2 67F6            	     3M     beq     .wa_wait_000062
                            	     4M .wvb_wait_000062: ; wait for vblank
00:000004B4 0839000400E88001	     5M     btst    #4,MFP_GPDR
00:000004BC 66F6            	     6M     bne     .wvb_wait_000062
                            	     2R     
                            	     1R         WAIT_VBLANK
                            	     1M .wa_wait_000063: ; wait for rendering
00:000004BE 0839000400E88001	     2M     btst    #4,MFP_GPDR
00:000004C6 67F6            	     3M     beq     .wa_wait_000063
                            	     4M .wvb_wait_000063: ; wait for vblank
00:000004C8 0839000400E88001	     5M     btst    #4,MFP_GPDR
00:000004D0 66F6            	     6M     bne     .wvb_wait_000063
                            	     2R     
                            	     1R         WAIT_VBLANK
                            	     1M .wa_wait_000064: ; wait for rendering
00:000004D2 0839000400E88001	     2M     btst    #4,MFP_GPDR
00:000004DA 67F6            	     3M     beq     .wa_wait_000064
                            	     4M .wvb_wait_000064: ; wait for vblank
00:000004DC 0839000400E88001	     5M     btst    #4,MFP_GPDR
00:000004E4 66F6            	     6M     bne     .wvb_wait_000064
                            	     2R     
                            	     1R         WAIT_VBLANK
                            	     1M .wa_wait_000065: ; wait for rendering
00:000004E6 0839000400E88001	     2M     btst    #4,MFP_GPDR
00:000004EE 67F6            	     3M     beq     .wa_wait_000065
                            	     4M .wvb_wait_000065: ; wait for vblank
00:000004F0 0839000400E88001	     5M     btst    #4,MFP_GPDR
00:000004F8 66F6            	     6M     bne     .wvb_wait_000065
                            	     2R     
                            	     1R         WAIT_VBLANK
                            	     1M .wa_wait_000066: ; wait for rendering
00:000004FA 0839000400E88001	     2M     btst    #4,MFP_GPDR
00:00000502 67F6            	     3M     beq     .wa_wait_000066
                            	     4M .wvb_wait_000066: ; wait for vblank
00:00000504 0839000400E88001	     5M     btst    #4,MFP_GPDR
00:0000050C 66F6            	     6M     bne     .wvb_wait_000066
                            	     2R     
                            	     1R         WAIT_VBLANK
                            	     1M .wa_wait_000067: ; wait for rendering
00:0000050E 0839000400E88001	     2M     btst    #4,MFP_GPDR
00:00000516 67F6            	     3M     beq     .wa_wait_000067
                            	     4M .wvb_wait_000067: ; wait for vblank
00:00000518 0839000400E88001	     5M     btst    #4,MFP_GPDR
00:00000520 66F6            	     6M     bne     .wvb_wait_000067
                            	     2R     
                            	     1R         WAIT_VBLANK
                            	     1M .wa_wait_000068: ; wait for rendering
00:00000522 0839000400E88001	     2M     btst    #4,MFP_GPDR
00:0000052A 67F6            	     3M     beq     .wa_wait_000068
                            	     4M .wvb_wait_000068: ; wait for vblank
00:0000052C 0839000400E88001	     5M     btst    #4,MFP_GPDR
00:00000534 66F6            	     6M     bne     .wvb_wait_000068
                            	     2R     
                            	     1R         WAIT_VBLANK
                            	     1M .wa_wait_000069: ; wait for rendering
00:00000536 0839000400E88001	     2M     btst    #4,MFP_GPDR
00:0000053E 67F6            	     3M     beq     .wa_wait_000069
                            	     4M .wvb_wait_000069: ; wait for vblank
00:00000540 0839000400E88001	     5M     btst    #4,MFP_GPDR
00:00000548 66F6            	     6M     bne     .wvb_wait_000069
                            	     2R     
                            	     1R         WAIT_VBLANK
                            	     1M .wa_wait_000070: ; wait for rendering
00:0000054A 0839000400E88001	     2M     btst    #4,MFP_GPDR
00:00000552 67F6            	     3M     beq     .wa_wait_000070
                            	     4M .wvb_wait_000070: ; wait for vblank
00:00000554 0839000400E88001	     5M     btst    #4,MFP_GPDR
00:0000055C 66F6            	     6M     bne     .wvb_wait_000070
                            	     2R     
                            	     1R         WAIT_VBLANK
                            	     1M .wa_wait_000071: ; wait for rendering
00:0000055E 0839000400E88001	     2M     btst    #4,MFP_GPDR
00:00000566 67F6            	     3M     beq     .wa_wait_000071
                            	     4M .wvb_wait_000071: ; wait for vblank
00:00000568 0839000400E88001	     5M     btst    #4,MFP_GPDR
00:00000570 66F6            	     6M     bne     .wvb_wait_000071
                            	     2R     
                            	     1R         WAIT_VBLANK
                            	     1M .wa_wait_000072: ; wait for rendering
00:00000572 0839000400E88001	     2M     btst    #4,MFP_GPDR
00:0000057A 67F6            	     3M     beq     .wa_wait_000072
                            	     4M .wvb_wait_000072: ; wait for vblank
00:0000057C 0839000400E88001	     5M     btst    #4,MFP_GPDR
00:00000584 66F6            	     6M     bne     .wvb_wait_000072
                            	     2R     
                            	     1R         WAIT_VBLANK
                            	     1M .wa_wait_000073: ; wait for rendering
00:00000586 0839000400E88001	     2M     btst    #4,MFP_GPDR
00:0000058E 67F6            	     3M     beq     .wa_wait_000073
                            	     4M .wvb_wait_000073: ; wait for vblank
00:00000590 0839000400E88001	     5M     btst    #4,MFP_GPDR
00:00000598 66F6            	     6M     bne     .wvb_wait_000073
                            	     2R     
                            	     1R         WAIT_VBLANK
                            	     1M .wa_wait_000074: ; wait for rendering
00:0000059A 0839000400E88001	     2M     btst    #4,MFP_GPDR
00:000005A2 67F6            	     3M     beq     .wa_wait_000074
                            	     4M .wvb_wait_000074: ; wait for vblank
00:000005A4 0839000400E88001	     5M     btst    #4,MFP_GPDR
00:000005AC 66F6            	     6M     bne     .wvb_wait_000074
                            	     2R     
                            	   139:     
                            	   140: 
                            	   141:     ; --- Hold for ~2 seconds, running the colour cycle each VBLANK ---
                            	   142:     ; MD: waits for pad Start (deferred here — see file header) OR a
                            	   143:     ; $0078 (120) frame timeout. Timeout-only version:
                            	   144: .wait_loop:
                            	   145:     WAIT_VBLANK
                            	     1M .wa_wait_000075: ; wait for rendering
00:000005AE 0839000400E88001	     2M     btst    #4,MFP_GPDR
00:000005B6 67F6            	     3M     beq     .wa_wait_000075
                            	     4M .wvb_wait_000075: ; wait for vblank
00:000005B8 0839000400E88001	     5M     btst    #4,MFP_GPDR
00:000005C0 66F6            	     6M     bne     .wvb_wait_000075
00:000005C2 610000EA        	   146:     bsr.w   update_sega_logo_colours_x68k
00:000005C6 5247            	   147:     addq.w  #1,d7
00:000005C8 0C470078        	   148:     cmpi.w  #120,d7                ; MD used $0078 = 120 frames (~2s)
00:000005CC 65E0            	   149:     bcs.b   .wait_loop
                            	   150: 
00:000005CE 61000400        	   151:     bsr     play_intro_credits
                            	   152: 
                            	   153: infinite_loop:
00:000005D2 60FE            	   154:     bra     infinite_loop
                            	   155: 
                            	   156:     DOS     _EXIT0
00:000005D4 FF00            	     1M     dc.w    __DOS__EXIT0
00:000005D6 4E75            	   157:     rts
                            	   158: 
                            	   159: 
                            	   160: 
                            	   161: 
                            	   162: LOGO_ORIGIN_X   equ 112             ; MD tilemap column 14 x 8px, unchanged
                            	   163:                                     ; since our GVRAM crop is left-anchored
                            	   164: LOGO_ORIGIN_Y   equ 96              ; MD tilemap row 12 x 8px, unchanged
                            	   165:                                     ; since our GVRAM crop is top-anchored
                            	   166: COLOUR_CYCLE_START equ $28          ; MD: d6 initial colour offset $28
                            	   167: 
                            	   168: 
                            	   169: ; =============================================================================
                            	   170: ; init_crtc_320x224
                            	   171: ; Programs the CRTC + video controller for the 320x224 15kHz mode derived
                            	   172: ; in x68k_hw.i, and selects 256-colour/512x512 graphic mode.
                            	   173: ; =============================================================================
                            	   174: init_crtc_320x224:
00:000005D8 41F900E80000    	   175:     lea     (CRTC_R00),a0
00:000005DE 30BC004C        	   176:     move.w  #CRTC_320_R00,(a0)
00:000005E2 317C00100002    	   177:     move.w  #CRTC_320_R01,(2,a0)
00:000005E8 317C001A0004    	   178:     move.w  #CRTC_320_R02,(4,a0)
00:000005EE 317C00450006    	   179:     move.w  #CRTC_320_R03,(6,a0)
00:000005F4 317C01030008    	   180:     move.w  #CRTC_320_R04,(8,a0)
00:000005FA 317C0002000A    	   181:     move.w  #CRTC_320_R05,(10,a0)
00:00000600 317C0018000C    	   182:     move.w  #CRTC_320_R06,(12,a0)
00:00000606 317C00F8000E    	   183:     move.w  #CRTC_320_R07,(14,a0)
00:0000060C 317C00240010    	   184:     move.w  #CRTC_320_R08,(16,a0)
00:00000612 33FC000100E80028	   185:     move.w  #CRTC_320_R20,(CRTC_R20)
00:0000061A 33FC003300E8002A	   186:     move.w  #CRTC_320_R21,(CRTC_R21)
                            	   187: 
00:00000622 33FC000100E82400	   188:     move.w  #VC_R0_GAME,(VC_R0)     ; 512x512 GVRAM + 256-colour
00:0000062A 33FC02E400E82500	   189:     move.w  #VC_R1_GAME,(VC_R1)     ; layer priority (sprite/text/graphic)
00:00000632 33FC000000E82600	   190:     move.w  #0,(VC_R2)
                            	   191: 
00:0000063A 33FC000000EB0800	   192:     move.w      #$0000,BG0_HSCROLL
00:00000642 33FC000000EB0802	   193:     move.w      #$0000,BG0_VSCROLL
00:0000064A 33FC000000EB0804	   194:     move.w      #$0000,BG1_HSCROLL
00:00000652 33FC000000EB0806	   195:     move.w      #$0000,BG1_VSCROLL
00:0000065A 33FC021200EB0808	   196:     move.w      #$0212,BG_CTRL
00:00000662 33FC00FF00EB080A	   197:     move.w      #$00ff,BG_H_TOTAL
00:0000066A 33FC000F00EB080C	   198:     move.w      #$000f,BG_H_POS
00:00000672 33FC003100EB080E	   199:     move.w      #$0031,BG_V_POS
00:0000067A 33FC000000EB0810	   200:     move.w      #$0000,BG_RES
                            	   201: 
                            	   202:     ; NOTE: VC_R2 (layer on/off) deliberately NOT set here — display_sega_logo
                            	   203:     ; sets it explicitly after the framebuffer/palette are ready, to avoid
                            	   204:     ; a frame of garbage on screen (mirrors the MD's own DISABLE_INTERRUPTS-
                            	   205:     ; wrapped setup-before-enable ordering).
00:00000682 4E75            	   206:     rts
                            	   207: 
                            	   208: 
                            	   209: ; =============================================================================
                            	   210: ; convert_md_colours_to_x68k
                            	   211: ; One-time conversion of the verbatim MD colour-cycle table into X68000
                            	   212: ; GPAL G5-R5-B5 format, into a RAM buffer.
                            	   213: ;
                            	   214: ; MD CRAM word format:   0000 BBB0 GGG0 RRR0 (3-bit channels, LSB unused)
                            	   215: ; X68k GPAL word format: GGGG GRRR RRBB BBBI (5-bit channels + intensity)
                            	   216: ;
                            	   217: ; Not used - Per-channel scaling uses md3_to_x68k5 (8-entry table, values 0-7 -> 0-31,
                            	   218: ; rounded to nearest: v*31/7). See x68k_hw.i's MD-to-X68k conversion note.
                            	   219: ; =============================================================================
                            	   220: convert_md_colours_to_x68k:
                            	   221: .convert_loop:
00:00000684 7400            	   222:     moveq   #$0,d2                  ; will store x68000 colour result
00:00000686 3018            	   223:     move.w  (a0)+,d0                ; d0 = MD colour word
                            	   224:     ; blue: bits 3-1
00:00000688 3200            	   225:     move.w  d0,d1
00:0000068A 0241000E        	   226:     andi.w  #$000E,d1
00:0000068E EF49            	   227:     lsl.w   #7,d1
00:00000690 8441            	   228:     or      d1,d2
                            	   229:     ; green: bits 7-5
00:00000692 3200            	   230:     move.w  d0,d1
00:00000694 024100E0        	   231:     andi.w  #$00E0,d1
00:00000698 E149            	   232:     lsl.w   #8,d1
00:0000069A 8441            	   233:     or      d1,d2
00:0000069C 3200            	   234:     move.w  d0,d1
00:0000069E 02410E00        	   235:     andi.w  #$0E00,d1
00:000006A2 EC49            	   236:     lsr.w   #6,d1
00:000006A4 8441            	   237:     or      d1,d2
00:000006A6 32C2            	   238:     move.w  d2,(a1)+
00:000006A8 51CBFFDA        	   239:     dbf     d3,.convert_loop
00:000006AC 4E75            	   240:     rts
                            	   241: 
                            	   242: 
                            	   243: ; =============================================================================
                            	   244: ; update_sega_logo_colours_x68k
                            	   245: ; Direct port of update_sega_logo_colours (alisia_dis.asm ~L784-798).
                            	   246: ; Steps backward through sega_logo_colours_x68k one word position every
                            	   247: ; 4th call, writing 11 converted colours into GPAL entries 2-12, until the
                            	   248: ; index goes negative (matches MD's "bmi .exit" -- this is a one-way run
                            	   249: ; through the table, NOT a repeating cycle; MD's original counted DOWN from
                            	   250: ; word index 20 to 0, i.e. 21 activations total, ~84 frames at 4 frames each).
                            	   251: ; =============================================================================
                            	   252: update_sega_logo_colours_x68k:
00:000006AE 48E7E0C0        	   253:     movem.l d0-d2/a0-a1,-(sp)
00:000006B2 5345            	   254:     subq.w  #1,d5
00:000006B4 6A20            	   255:     bpl.b   .exit
00:000006B6 3A3C0003        	   256:     move.w  #3,d5                    ; reload delay counter
00:000006BA 3006            	   257:     move.w  d6,d0
00:000006BC 6B18            	   258:     bmi.b   .exit                    ; table exhausted -- stop permanently
00:000006BE 5546            	   259:     subq.w  #2,d6                    ; move to previous table entry
00:000006C0 41F90000BF12    	   260:     lea     (sega_logo_colours_x68k),a0
00:000006C6 D0C0            	   261:     adda.w  d0,a0
00:000006C8 43F900E82004    	   262:     lea     (GPAL_BASE+4),a1         ; GPAL entry 2 (colour index 2)
00:000006CE 720A            	   263:     moveq   #(11-1),d1                   ; 11 colours
                            	   264: .copy_loop:
00:000006D0 32D8            	   265:     move.w  (a0)+,(a1)+
00:000006D2 51C9FFFC        	   266:     dbf     d1,.copy_loop
                            	   267: .exit:
00:000006D6 4CDF0307        	   268:     movem.l (sp)+,d0-d2/a0-a1
00:000006DA 4E75            	   269:     rts
                            	   270: 
                            	   271: 
                            	   272: ; increment_palette_if_palette_target_gt_d7 (00011176)
                            	   273: ; d7=colour level, a2=palette addr, a3=palette target addr
                            	   274: increment_palette_if_palette_target_gt_d7:
00:000006DC 2F07            	   275:     move.l      d7,-(SP)
00:000006DE 5247            	   276:     addq.w      #$1,d7
00:000006E0 E34F            	   277:     lsl.w       #$1,d7
00:000006E2 7C0F            	   278:     moveq       #$f,d6
                            	   279:     .loops_16_times:
00:000006E4 1012            	   280:         move.b      (a2),d0
00:000006E6 BE1B            	   281:         cmp.b       (a3)+,d7
00:000006E8 6208            	   282:         bhi.b       .L0
00:000006EA 0C00000E        	   283:         cmpi.b      #$0e,d0
00:000006EE 6402            	   284:         bcc.b       .L0
00:000006F0 5440            	   285:         addq.w      #$2,d0
                            	   286:     .L0:
00:000006F2 14C0            	   287:         move.b      d0,(a2)+
00:000006F4 121B            	   288:         move.b      (a3)+,d1
00:000006F6 1401            	   289:         move.b      d1,d2
00:000006F8 020100E0        	   290:         andi.b      #$e0,d1
00:000006FC E809            	   291:         lsr.b       #$4,d1
00:000006FE 1012            	   292:         move.b      (a2),d0
00:00000700 020000E0        	   293:         andi.b      #$e0,d0
00:00000704 BE01            	   294:         cmp.b       d1,d7
00:00000706 620A            	   295:         bhi.b       .L1
00:00000708 0C0000E0        	   296:         cmpi.b      #$e0,d0
00:0000070C 6404            	   297:         bcc.b       .L1
00:0000070E 06000020        	   298:         addi.b      #$20,d0
                            	   299:     .L1:
00:00000712 1200            	   300:         move.b      d0,d1
00:00000714 0202000E        	   301:         andi.b      #$0e,d2
00:00000718 1012            	   302:         move.b      (a2),d0
00:0000071A 0200000E        	   303:         andi.b      #$0e,d0
00:0000071E BE02            	   304:         cmp.b       d2,d7
00:00000720 6208            	   305:         bhi.b       .L2
00:00000722 0C00000E        	   306:         cmpi.b      #$0e,d0
00:00000726 6402            	   307:         bcc.b       .L2
00:00000728 5400            	   308:         addq.b      #$2,d0
                            	   309:     .L2:
00:0000072A 8200            	   310:         or.b        d0,d1
00:0000072C 14C1            	   311:         move.b      d1,(a2)+
00:0000072E 51CEFFB4        	   312:         dbf         d6,.loops_16_times
00:00000732 2E1F            	   313:     move.l      (SP)+,d7
00:00000734 4E75            	   314:     rts
                            	   315: 
                            	   316: ; decrement_palette
                            	   317: ; a2=palette addr, clobbers d0,d1,d6
                            	   318: decrement_palette:      ; (0001122e) + 1 to each colour up to 7
00:00000736 2F0A            	   319:     move.l      a2,-(SP)    ; save current A2 value
                            	   320:     DEC_N_COLOURS a2,d6,16
                            	     1M     INLINE
00:00000738 7C0F            	     2M     moveq       #(16-1),d6      ; will loop 16 times (32 bytes modified in total)
                            	     3M     .loop_n_times:
00:0000073A 1012            	     4M         move.b      (a2),d0
00:0000073C 6702            	     5M         beq.b       .save_b
00:0000073E 5500            	     6M         subq.b      #$2,d0      ; d0=d0-2
                            	     7M     .save_b:
00:00000740 14C0            	     8M         move.b      d0,(a2)+    ; save it back
00:00000742 1012            	     9M         move.b      (a2),d0
00:00000744 1200            	    10M         move.b      d0,d1
00:00000746 0201000E        	    11M         andi.b      #$0e,d1      ; d1=d0&$0e
00:0000074A 020000E0        	    12M         andi.b      #$e0,d0     ; d0=d0&$e0
00:0000074E 6704            	    13M         beq.b       .save_g
00:00000750 04000020        	    14M         subi.b      #$20,d0     ; d0=d0-$20
                            	    15M     .save_g:
00:00000754 4A01            	    16M         tst.b       d1
00:00000756 6702            	    17M         beq.b       .save_r
00:00000758 5541            	    18M         subq.w      #$2,d1      ; d1=d1-2
                            	    19M     .save_r:
00:0000075A 8001            	    20M         or.b        d1,d0       ; put 2 nibbles into d0
00:0000075C 14C0            	    21M         move.b      d0,(a2)+    ; and save back
00:0000075E 51CEFFDA        	    22M         dbf         d6,.loop_n_times
                            	    23M     EINLINE
00:00000762 245F            	   321:     movea.l     (SP)+,a2    ; restore initial A2 value
00:00000764 4E75            	   322:     rts
                            	   323: 
                            	   324: clear_bg_pal_ram:
00:00000766 3E3C003F        	   325:     move.w  #(16*4-1),d7
                            	   326: .clr_loop:
00:0000076A 41F90000BF5A    	   327:     lea     (bg_pal0),a0
00:00000770 4258            	   328:     clr.w   (a0)+
00:00000772 51CFFFF6        	   329:     dbf     d7,.clr_loop
00:00000776 4E75            	   330:     rts
                            	   331: 
                            	   332: clear_sp_pal_ram:
00:00000778 3E3C003F        	   333:     move.w  #(16*4-1),d7
                            	   334: .clr_loop:
00:0000077C 41F90000BFDA    	   335:     lea     (sp_pal0),a0
00:00000782 4258            	   336:     clr.w   (a0)+
00:00000784 51CFFFF6        	   337:     dbf     d7,.clr_loop
00:00000788 4E75            	   338:     rts
                            	   339: 
                            	   340: scroll_left_bg1:
00:0000078A 52790000BF52    	   341:     addq    #1,bg1_x
00:00000790 33F90000BF5200E8	   342:     move.w  bg1_x,CRTC_R12
00:00000798 0018
00:0000079A 4E75            	   343:     rts
                            	   344: 
                            	   345: scroll_right_bg1:
00:0000079C 53790000BF52    	   346:     subq    #1,bg1_x
00:000007A2 33F90000BF5200E8	   347:     move.w  bg1_x,CRTC_R12
00:000007AA 0018
00:000007AC 4E75            	   348:     rts
                            	   349: 
                            	   350: scroll_up_bg1:
00:000007AE 52790000BF54    	   351:     addq    #1,bg1_y
00:000007B4 33F90000BF5400E8	   352:     move.w  bg1_y,CRTC_R13
00:000007BC 001A
00:000007BE 4E75            	   353:     rts
                            	   354: 
                            	   355: scroll_down_bg1:
00:000007C0 53790000BF54    	   356:     subq    #1,bg1_y
00:000007C6 33F90000BF5400E8	   357:     move.w  bg1_y,CRTC_R13
00:000007CE 001A
00:000007D0 4E75            	   358:     rts
                            	   359: 
                            	   360: scroll_left_bg2:
00:000007D2 52790000BF56    	   361:     addq    #1,bg2_x
00:000007D8 33F90000BF5600E8	   362:     move.w  (bg2_x),CRTC_R16
00:000007E0 0020
00:000007E2 4E75            	   363:     rts
                            	   364: 
                            	   365: scroll_right_bg2:
00:000007E4 53790000BF56    	   366:     subq    #1,bg2_x
00:000007EA 33F90000BF5600E8	   367:     move.w  (bg2_x),CRTC_R16
00:000007F2 0020
00:000007F4 4E75            	   368:     rts
                            	   369: 
                            	   370: scroll_up_bg2:
00:000007F6 52790000BF58    	   371:     addq    #1,bg2_y
00:000007FC 33F90000BF5800E8	   372:     move.w  bg2_y,CRTC_R17
00:00000804 0022
00:00000806 4E75            	   373:     rts
                            	   374: 
                            	   375: scroll_down_bg2:
00:00000808 53790000BF58    	   376:     subq    #1,bg2_y
00:0000080E 33F90000BF5800E8	   377:     move.w  bg2_y,CRTC_R17
00:00000816 0022
00:00000818 4E75            	   378:     rts
                            	   379: 
                            	   380: ; include other source files here
                            	   381:     include "tile_decompress_x68k.s"

Source: "tile_decompress_x68k.s"
                            	     1: ; =============================================================================
                            	     2: ; tile_decompress_x68k.s — Standalone bitplane-RLE tile decompressor
                            	     3: ;
                            	     4: ; Extracted from write_tileset (alisia_dis.asm ~L16962-17222) and its
                            	     5: ; sub-routines .decompress_planar_data_streams / .decompress_plane /
                            	     6: ; .planar_to_packed_conv.
                            	     7: ;
                            	     8: ; IMPORTANT CONTEXT: the Mega Drive's main CPU is a 68000, same as the
                            	     9: ; X68000 -- this is NOT an instruction-set port like the Z80 sound driver
                            	    10: ; was. The algorithm below is untouched 68000 logic. The only things
                            	    11: ; removed are VDP-specific: the original write_tileset supported two output
                            	    12: ; modes selected by a runtime flag (d1 param) --
                            	    13: ;   flag=1 (what the MD actually used): set up a VDP VRAM write address,
                            	    14: ;           then stream each decoded word straight to VDP_DATA
                            	    15: ;   flag=0 (only path we need): write decoded words to a RAM pointer
                            	    16: ; This file keeps ONLY the flag=0 / RAM-output path, and drops the
                            	    17: ; VDP_CTRL address-setup preamble entirely, since VRAM isn't touched here
                            	    18: ; at all -- this routine's whole job is decompress-to-RAM. The separate
                            	    19: ; RAM-to-GVRAM blit (via the tilemap) is a distinct later step.
                            	    20: ;
                            	    21: ; DISABLE_INTERRUPTS/ENABLE_INTERRUPTS from the original are also dropped:
                            	    22: ; on the MD they guarded against an interrupt handler touching VDP_CTRL
                            	    23: ; mid-stream and corrupting the VRAM auto-increment address. Since this
                            	    24: ; routine never touches hardware -- it only writes to a linear RAM buffer
                            	    25: ; -- there's no equivalent hazard here.
                            	    26: ;
                            	    27: ; =============================================================================
                            	    28: ; Compressed data format (verified against write_tileset, not guessed):
                            	    29: ;
                            	    30: ;   header+$00..$01  tile count (big-endian word)
                            	    31: ;   header+$02..$09  8-byte "dictionary" -- used by the $00-$1F opcode class
                            	    32: ;   header+$0A..$0B  offset from header to plane 1's stream (big-endian word)
                            	    33: ;   header+$0C..$0D  offset from header to plane 2's stream
                            	    34: ;   header+$0E..$0F  offset from header to plane 3's stream
                            	    35: ;   header+$10       plane 0's stream starts here
                            	    36: ;
                            	    37: ; Each of the 4 streams is independently RLE-compressed (bitplane
                            	    38: ; separation: pixel N's 4-bit palette index is split one bit per plane,
                            	    39: ; each plane RLE'd separately since bitplanes have much longer runs than
                            	    40: ; interleaved 4bpp pixel data).
                            	    41: ;
                            	    42: ; Per-plane RLE opcode table (dispatched on the top bits of each control
                            	    43: ; byte read from the stream):
                            	    44: ;
                            	    45: ;   $00-$1F  write dictionary[(byte>>2)&7] TWICE, then copy (byte&3)
                            	    46: ;            (0-3) literal bytes
                            	    47: ;   $20-$2F  write ((byte>>2)&3)+2 (2-5) copies of $00, then copy (byte&3)
                            	    48: ;            (0-3) literal bytes
                            	    49: ;   $30-$3F  same as $20-$2F but with $FF instead of $00
                            	    50: ;   $40-$5F  write (byte&$1F)+6 (6-37) copies of $00, no literal tail
                            	    51: ;   $60-$7F  same as $40-$5F but with $FF
                            	    52: ;   $80-$BF  read one byte V from the stream; write ((byte>>2)&$F)+2
                            	    53: ;            (2-17) copies of V, then copy (byte&3) (0-3) literal bytes
                            	    54: ;   $C0-$FF  copy (byte&$3F)+1 (1-64) literal bytes verbatim, no run
                            	    55: ;
                            	    56: ; NOTE on the ranges above: the four run-count opcodes ($20-$7F, $80-$BF)
                            	    57: ; feed their computed count into a dbf loop, which executes (count+1)
                            	    58: ; times on a 68000 -- three of these four opcode classes don't pre-
                            	    59: ; compensate for that extra iteration the way the tail-copy loops and
                            	    60: ; the $C0-$FF literal opcode do (both have an explicit subq.w #1 right
                            	    61: ; before their own dbf). The ranges listed here already account for
                            	    62: ; that; the inline code comments near each opcode below note the raw
                            	    63: ; field value separately from the true executed range, since they
                            	    64: ; differ by one. This was wrong in an earlier revision (both here and
                            	    65: ; in the inline comments) until cross-checked against real compressed
                            	    66: ; game data (block39.bin) failing to decode -- a synthetic round-trip
                            	    67: ; self-test alone couldn't catch it, since a matching encoder/decoder
                            	    68: ; pair sharing the same wrong assumption still agree with each other.
                            	    69: ;
                            	    70: ; Reassembly: once a batch of up to 256 bytes/plane is decoded into the 4
                            	    71: ; scratch buffers below, each SET of 1 byte from every one of the 4 planes
                            	    72: ; (8 bits = 8 pixels' worth of that bit position) is bit-interleaved back
                            	    73: ; into 8 pixels of standard packed 4bpp tile data (4 output bytes) -- one
                            	    74: ; bit shifted out of each plane register per pixel nibble, 4 shifts per
                            	    75: ; pixel, rotated into an accumulator.
                            	    76: ;
                            	    77: ; Output size check (confirms the header's tile-count field is read
                            	    78: ; correctly): total_bytes_per_plane = tile_count * 8, matching exactly
                            	    79: ; 8 rows/tile x 1 byte/row/plane (8 pixels/row = 8 bits = 1 byte per
                            	    80: ; bitplane per tile row).
                            	    81: ; =============================================================================
                            	    82: 
                            	    83:     text
                            	    84:     even
                            	    85: 
                            	    86: ; =============================================================================
                            	    87: ; decompress_tileset
                            	    88: ; Decode one full compressed tileset block into packed 4bpp tile data.
                            	    89: ;
                            	    90: ; In:  a0 = pointer to compressed data (header, as described above)
                            	    91: ;      a1 = pointer to destination RAM buffer for decoded packed 4bpp
                            	    92: ;           tile data (caller must size this: tile_count * 32 bytes,
                            	    93: ;           since each 8x8 4bpp tile is 32 bytes packed)
                            	    94: ; Out: a1 = advanced past the last byte written (== start + total size)
                            	    95: ; Clobbers: d0-d7, a0-a6
                            	    96: ; =============================================================================
                            	    97: decompress_tileset:
00:0000081A 48E7FFFE        	    98:     movem.l a6-a0/d7-d0,-(sp)
                            	    99: 
                            	   100:     ; --- Read tile count, compute total bytes-per-plane to decode ---
00:0000081E 1210            	   101:     move.b  (a0),d1                ; header+$00 = count MSB
00:00000820 E149            	   102:     lsl.w   #8,d1
00:00000822 12280001        	   103:     move.b  (1,a0),d1               ; header+$01 = count LSB
00:00000826 C2FC0008        	   104:     mulu.w  #8,d1                   ; d1 = tile_count * 8 (bytes/plane total)
                            	   105: 
                            	   106:     ; --- Resolve the 4 plane stream start pointers ---
00:0000082A 2648            	   107:     movea.l a0,a3
00:0000082C 2848            	   108:     movea.l a0,a4
00:0000082E 2A48            	   109:     movea.l a0,a5
00:00000830 2C48            	   110:     movea.l a0,a6
00:00000832 7E00            	   111:     clr.l   d7
00:00000834 47EB0010        	   112:     adda.w  #$10,a3                 ; plane 0 stream starts right after header
                            	   113: 
00:00000838 1E28000A        	   114:     move.b  ($a,a0),d7               ; plane 1 offset MSB
00:0000083C E14F            	   115:     lsl.w   #8,d7
00:0000083E 1E28000B        	   116:     move.b  ($b,a0),d7               ; plane 1 offset LSB
00:00000842 D9C7            	   117:     adda.l  d7,a4
                            	   118: 
00:00000844 1E28000C        	   119:     move.b  ($c,a0),d7               ; plane 2 offset MSB
00:00000848 E14F            	   120:     lsl.w   #8,d7
00:0000084A 1E28000D        	   121:     move.b  ($d,a0),d7               ; plane 2 offset LSB
00:0000084E DBC7            	   122:     adda.l  d7,a5
                            	   123: 
00:00000850 1E28000E        	   124:     move.b  ($e,a0),d7               ; plane 3 offset MSB
00:00000854 E14F            	   125:     lsl.w   #8,d7
00:00000856 1E28000F        	   126:     move.b  ($f,a0),d7               ; plane 3 offset LSB
00:0000085A DDC7            	   127:     adda.l  d7,a6
                            	   128: 
                            	   129: .decode_loop:
00:0000085C 610E            	   130:     bsr.b   decompress_planar_data_streams
00:0000085E 61000142        	   131:     bsr.w   planar_to_packed_conv
00:00000862 4A41            	   132:     tst.w   d1
00:00000864 66F6            	   133:     bne.b   .decode_loop
                            	   134: 
00:00000866 4CDF7FFF        	   135:     movem.l (sp)+,d0-d7/a0-a6
00:0000086A 4E75            	   136:     rts
                            	   137: 
                            	   138: 
                            	   139: ; =============================================================================
                            	   140: ; decompress_planar_data_streams
                            	   141: ; Decode up to 256 bytes from EACH of the 4 plane streams into the 4
                            	   142: ; scratch buffers below. d1 = total bytes/plane still remaining overall
                            	   143: ; (decremented here); d2 = bytes decoded THIS batch (fed to
                            	   144: ; planar_to_packed_conv immediately after).
                            	   145: ; a3-a6 = current read position in each of the 4 plane streams (advanced
                            	   146: ; in place, ready for the next batch).
                            	   147: ; =============================================================================
                            	   148: decompress_planar_data_streams:
00:0000086C 4A41            	   149:     tst.w   d1
00:0000086E 67000046        	   150:     beq.w   .leave
00:00000872 2F09            	   151:     move.l  a1,-(sp)
00:00000874 343C0100        	   152:     move.w  #$100,d2
00:00000878 B242            	   153:     cmp.w   d2,d1
00:0000087A 6504            	   154:     bcs.b   .less_than_100h
00:0000087C 9242            	   155:     sub.w   d2,d1                   ; more than 256 left -- take a full batch
00:0000087E 6004            	   156:     bra.b   .decompress_all_planes
                            	   157: .less_than_100h:
00:00000880 3401            	   158:     move.w  d1,d2                   ; final partial batch
00:00000882 4241            	   159:     clr.w   d1
                            	   160: .decompress_all_planes:
00:00000884 224B            	   161:     movea.l a3,a1
00:00000886 45F900000000    	   162:     lea     (plane_buf0),a2
00:0000088C 612A            	   163:     bsr.b   decompress_plane
00:0000088E 2649            	   164:     movea.l a1,a3
                            	   165: 
00:00000890 224C            	   166:     movea.l a4,a1
00:00000892 45F900000100    	   167:     lea     (plane_buf1),a2
00:00000898 611E            	   168:     bsr.b   decompress_plane
00:0000089A 2849            	   169:     movea.l a1,a4
                            	   170: 
00:0000089C 224D            	   171:     movea.l a5,a1
00:0000089E 45F900000200    	   172:     lea     (plane_buf2),a2
00:000008A4 6112            	   173:     bsr.b   decompress_plane
00:000008A6 2A49            	   174:     movea.l a1,a5
                            	   175: 
00:000008A8 224E            	   176:     movea.l a6,a1
00:000008AA 45F900000300    	   177:     lea     (plane_buf3),a2
00:000008B0 6106            	   178:     bsr.b   decompress_plane
00:000008B2 2C49            	   179:     movea.l a1,a6
                            	   180: 
00:000008B4 225F            	   181:     movea.l (sp)+,a1
                            	   182: .leave:
00:000008B6 4E75            	   183:     rts
                            	   184: 
                            	   185: 
                            	   186: ; =============================================================================
                            	   187: ; decompress_plane
                            	   188: ; Decode one plane's RLE stream. a1 = stream read pointer (advanced),
                            	   189: ; a2 = scratch output buffer (advanced), d2 = bytes to produce.
                            	   190: ; a0 must still hold the compressed-block HEADER pointer (used for the
                            	   191: ; $00-$1F opcode's dictionary lookup at header+2..+9) -- this is why
                            	   192: ; decompress_tileset never repurposes a0 for anything else.
                            	   193: ; Clobbers: d3-d6, a1, a2
                            	   194: ; =============================================================================
                            	   195: decompress_plane:
00:000008B8 3C02            	   196:     move.w  d2,d6                   ; d6 = remaining output bytes this batch
                            	   197: .next_op:
00:000008BA 4A46            	   198:     tst.w   d6
00:000008BC 670000E2        	   199:     beq.w   .done
00:000008C0 1619            	   200:     move.b  (a1)+,d3                ; d3 = control byte
00:000008C2 1803            	   201:     move.b  d3,d4
00:000008C4 020400F0        	   202:     andi.b  #$f0,d4
00:000008C8 0C040030        	   203:     cmpi.b  #$30,d4
00:000008CC 6750            	   204:     beq.b   .op_30_ff_short
00:000008CE 0C040020        	   205:     cmpi.b  #$20,d4
00:000008D2 6746            	   206:     beq.b   .op_20_00_short
00:000008D4 020400E0        	   207:     andi.b  #$e0,d4
00:000008D8 0C040060        	   208:     cmpi.b  #$60,d4
00:000008DC 676E            	   209:     beq.b   .op_60_ff_long
00:000008DE 0C040040        	   210:     cmpi.b  #$40,d4
00:000008E2 6764            	   211:     beq.b   .op_40_00_long
00:000008E4 020400C0        	   212:     andi.b  #$c0,d4
00:000008E8 0C0400C0        	   213:     cmpi.b  #$c0,d4
00:000008EC 670000A0        	   214:     beq.w   .op_c0_literal
00:000008F0 0C040080        	   215:     cmpi.b  #$80,d4
00:000008F4 676C            	   216:     beq.b   .op_80_byte_run
                            	   217:     ; --- $00-$1F: dictionary byte x2, then (d3&3) literal bytes ---
00:000008F6 1803            	   218:     move.b  d3,d4
00:000008F8 0244001C        	   219:     andi.w  #$1c,d4
00:000008FC E44C            	   220:     lsr.w   #2,d4                    ; d4 = dictionary index 0-7
00:000008FE 1A304002        	   221:     move.b  ($2,a0,d4.w),d5           ; d5 = header+2+d4 (the dictionary byte)
00:00000902 5546            	   222:     subq.w  #2,d6
00:00000904 14C5            	   223:     move.b  d5,(a2)+
00:00000906 14C5            	   224:     move.b  d5,(a2)+
00:00000908 02430003        	   225:     andi.w  #3,d3
00:0000090C 67AC            	   226:     beq    .next_op
00:0000090E 9C43            	   227:     sub.w   d3,d6
00:00000910 5343            	   228:     subq.w  #1,d3
                            	   229: .op00_tail:
00:00000912 14D9            	   230:     move.b  (a1)+,(a2)+
00:00000914 51CBFFFC        	   231:     dbf     d3,.op00_tail
00:00000918 60A0            	   232:     bra     .next_op
                            	   233: 
                            	   234: .op_20_00_short:
00:0000091A 7A00            	   235:     moveq   #0,d5
00:0000091C 6002            	   236:     bra.b   .op_20_30_common
                            	   237: .op_30_ff_short:
00:0000091E 7AFF            	   238:     moveq   #-1,d5
                            	   239: .op_20_30_common:
00:00000920 1803            	   240:     move.b  d3,d4
00:00000922 0243000C        	   241:     andi.w  #$c,d3
00:00000926 E44B            	   242:     lsr.w   #2,d3
00:00000928 5243            	   243:     addq.w  #1,d3                    ; d3 = 1-4 here, but dbf below executes
                            	   244:                                      ; (d3+1) times -- true run length is 2-5.
                            	   245:                                      ; This matches real MD behaviour exactly
                            	   246:                                      ; (same dbf semantics on both CPUs); only
                            	   247:                                      ; get this wrong if you're computing the
                            	   248:                                      ; range from d3's value instead of from
                            	   249:                                      ; what the dbf loop actually executes.
00:0000092A 9C43            	   250:     sub.w   d3,d6
00:0000092C 5346            	   251:     subq.w  #1,d6
                            	   252: .op2030_run:
00:0000092E 14C5            	   253:     move.b  d5,(a2)+
00:00000930 51CBFFFC        	   254:     dbf     d3,.op2030_run
00:00000934 02440003        	   255:     andi.w  #3,d4                    ; literal tail count 0-3
00:00000938 6780            	   256:     beq     .next_op
00:0000093A 9C44            	   257:     sub.w   d4,d6
00:0000093C 5344            	   258:     subq.w  #1,d4
                            	   259: .op2030_tail:
00:0000093E 14D9            	   260:     move.b  (a1)+,(a2)+
00:00000940 51CCFFFC        	   261:     dbf     d4,.op2030_tail
00:00000944 6000FF74        	   262:     bra     .next_op
                            	   263: 
                            	   264: .op_40_00_long:
00:00000948 7A00            	   265:     moveq   #0,d5
00:0000094A 6002            	   266:     bra.b   .op_40_60_common
                            	   267: .op_60_ff_long:
00:0000094C 7AFF            	   268:     moveq   #-1,d5
                            	   269: .op_40_60_common:
00:0000094E 0243001F        	   270:     andi.w  #$1f,d3
00:00000952 5A43            	   271:     addq.w  #5,d3                    ; d3 = 5-36 here, but dbf below executes
                            	   272:                                      ; (d3+1) times -- true run length is 6-37.
00:00000954 9C43            	   273:     sub.w   d3,d6
00:00000956 5346            	   274:     subq.w  #1,d6
                            	   275: .op4060_run:
00:00000958 14C5            	   276:     move.b  d5,(a2)+
00:0000095A 51CBFFFC        	   277:     dbf     d3,.op4060_run
00:0000095E 6000FF5A        	   278:     bra     .next_op
                            	   279: 
                            	   280: .op_80_byte_run:
00:00000962 1803            	   281:     move.b  d3,d4
00:00000964 0243003C        	   282:     andi.w  #$3c,d3
00:00000968 E44B            	   283:     lsr.w   #2,d3
00:0000096A 5243            	   284:     addq.w  #1,d3                    ; d3 = 1-16 here, but dbf below executes
                            	   285:                                      ; (d3+1) times -- true run length is 2-17.
00:0000096C 9C43            	   286:     sub.w   d3,d6
00:0000096E 5346            	   287:     subq.w  #1,d6
00:00000970 1A19            	   288:     move.b  (a1)+,d5                 ; d5 = the byte value to repeat
                            	   289: .op80_run:
00:00000972 14C5            	   290:     move.b  d5,(a2)+
00:00000974 51CBFFFC        	   291:     dbf     d3,.op80_run
00:00000978 02440003        	   292:     andi.w  #3,d4                    ; literal tail count 0-3
00:0000097C 6700FF3C        	   293:     beq     .next_op
00:00000980 9C44            	   294:     sub.w   d4,d6
00:00000982 5344            	   295:     subq.w  #1,d4
                            	   296: .op80_tail:
00:00000984 14D9            	   297:     move.b  (a1)+,(a2)+
00:00000986 51CCFFFC        	   298:     dbf     d4,.op80_tail
00:0000098A 6000FF2E        	   299:     bra     .next_op
                            	   300: 
                            	   301: .op_c0_literal:
00:0000098E 0243003F        	   302:     andi.w  #$3f,d3
00:00000992 9C43            	   303:     sub.w   d3,d6
00:00000994 5346            	   304:     subq.w  #1,d6
                            	   305: .opc0_copy:
00:00000996 14D9            	   306:     move.b  (a1)+,(a2)+
00:00000998 51CBFFFC        	   307:     dbf     d3,.opc0_copy
00:0000099C 6000FF1C        	   308:     bra     .next_op
                            	   309: 
                            	   310: .done:
00:000009A0 4E75            	   311:     rts
                            	   312: 
                            	   313: 
                            	   314: ; =============================================================================
                            	   315: ; planar_to_packed_conv
                            	   316: ; Interleave one decoded batch (d2 bytes from EACH of the 4 plane scratch
                            	   317: ; buffers) into packed 4bpp pixel data, written to (a1)+.
                            	   318: ; Every 1 byte consumed from each of the 4 planes (8 bits = 8 pixels'
                            	   319: ; worth of that bit position) produces 8 pixels of packed output (4
                            	   320: ; bytes / 2 words), built 1 pixel nibble at a time: shift a bit out of
                            	   321: ; each of the 4 plane registers, rotate it into the accumulator -- 4
                            	   322: ; shifts per pixel nibble.
                            	   323: ; =============================================================================
                            	   324: planar_to_packed_conv:
00:000009A2 4A42            	   325:     tst.w   d2
00:000009A4 6700007A        	   326:     beq.w   .exit
00:000009A8 48E76000        	   327:     movem.l d2/d1,-(sp)
00:000009AC 45F900000000    	   328:     lea     (plane_buf0),a2
00:000009B2 5342            	   329:     subi.w  #1,d2
                            	   330: .byte_loop:
00:000009B4 4842            	   331:     swap    d2
00:000009B6 1A12            	   332:     move.b  (a2),d5                  ; plane 0 byte
00:000009B8 1C2A0100        	   333:     move.b  ($100,a2),d6              ; plane 1 byte
00:000009BC 182A0200        	   334:     move.b  ($200,a2),d4              ; plane 2 byte
00:000009C0 162A0300        	   335:     move.b  ($300,a2),d3              ; plane 3 byte
00:000009C4 524A            	   336:     addq.w  #1,a2
00:000009C6 343C0001        	   337:     move.w  #1,d2
                            	   338: .pixel_pair_loop:
                            	   339: BYTE_IDX SET 0
                            	   340:     REPT 2
                            	   341:         REPT 2
                            	   342:             ; Verified bit order (traced by hand through the 9-bit
                            	   343:             ; roxl.b rotate-through-extend ring across all 8 steps that
                            	   344:             ; build one output byte -- see the equivalent derivation in
                            	   345:             ; md_tile_codec.py's module docstring for the full working):
                            	   346:             ; each pixel's final nibble = (plane3_bit<<3)|(plane2_bit<<2)
                            	   347:             ; |(plane0_bit<<1)|(plane1_bit). Note plane0 and plane1 land
                            	   348:             ; in the middle bits, not bits 0/1 as you'd naively guess --
                            	   349:             ; an earlier revision of the comments below (but NOT the
                            	   350:             ; code, which was always correct) had d5/d6 swapped relative
                            	   351:             ; to their actual load source just above (plane_buf0/buf1).
                            	   352:             lsl.b   #1,d3             ; plane 3 bit -> carry
                            	   353:             roxl.b  #1,d1             ; ...into accumulator
                            	   354:             lsl.b   #1,d4             ; plane 2 bit
                            	   355:             roxl.b  #1,d1
                            	   356:             lsl.b   #1,d5             ; plane 0 bit (d5 loaded from plane_buf0)
                            	   357:             roxl.b  #1,d1
                            	   358:             lsl.b   #1,d6             ; plane 1 bit (d6 loaded from plane_buf1)
                            	   359:             roxl.b  #1,d1
                            	   360:         ENDR
                            	   361:         IF BYTE_IDX=1
                            	   362:             rol.w   #8,d7              ; previous packed byte -> high byte
                            	   363:         ENDIF
                            	   364:         move.b  d1,d7
                            	   365: BYTE_IDX SET BYTE_IDX+1
                            	   366:     ENDR
                            	     1R         REPT 2
                            	     2R             ; Verified bit order (traced by hand through the 9-bit
                            	     3R             ; roxl.b rotate-through-extend ring across all 8 steps that
                            	     4R             ; build one output byte -- see the equivalent derivation in
                            	     5R             ; md_tile_codec.py's module docstring for the full working):
                            	     6R             ; each pixel's final nibble = (plane3_bit<<3)|(plane2_bit<<2)
                            	     7R             ; |(plane0_bit<<1)|(plane1_bit). Note plane0 and plane1 land
                            	     8R             ; in the middle bits, not bits 0/1 as you'd naively guess --
                            	     9R             ; an earlier revision of the comments below (but NOT the
                            	    10R             ; code, which was always correct) had d5/d6 swapped relative
                            	    11R             ; to their actual load source just above (plane_buf0/buf1).
                            	    12R             lsl.b   #1,d3             ; plane 3 bit -> carry
                            	    13R             roxl.b  #1,d1             ; ...into accumulator
                            	    14R             lsl.b   #1,d4             ; plane 2 bit
                            	    15R             roxl.b  #1,d1
                            	    16R             lsl.b   #1,d5             ; plane 0 bit (d5 loaded from plane_buf0)
                            	    17R             roxl.b  #1,d1
                            	    18R             lsl.b   #1,d6             ; plane 1 bit (d6 loaded from plane_buf1)
                            	    19R             roxl.b  #1,d1
                            	    20R         ENDR
                            	     1R             ; Verified bit order (traced by hand through the 9-bit
                            	     2R             ; roxl.b rotate-through-extend ring across all 8 steps that
                            	     3R             ; build one output byte -- see the equivalent derivation in
                            	     4R             ; md_tile_codec.py's module docstring for the full working):
                            	     5R             ; each pixel's final nibble = (plane3_bit<<3)|(plane2_bit<<2)
                            	     6R             ; |(plane0_bit<<1)|(plane1_bit). Note plane0 and plane1 land
                            	     7R             ; in the middle bits, not bits 0/1 as you'd naively guess --
                            	     8R             ; an earlier revision of the comments below (but NOT the
                            	     9R             ; code, which was always correct) had d5/d6 swapped relative
                            	    10R             ; to their actual load source just above (plane_buf0/buf1).
00:000009CA E30B            	    11R             lsl.b   #1,d3             ; plane 3 bit -> carry
00:000009CC E311            	    12R             roxl.b  #1,d1             ; ...into accumulator
00:000009CE E30C            	    13R             lsl.b   #1,d4             ; plane 2 bit
00:000009D0 E311            	    14R             roxl.b  #1,d1
00:000009D2 E30D            	    15R             lsl.b   #1,d5             ; plane 0 bit (d5 loaded from plane_buf0)
00:000009D4 E311            	    16R             roxl.b  #1,d1
00:000009D6 E30E            	    17R             lsl.b   #1,d6             ; plane 1 bit (d6 loaded from plane_buf1)
00:000009D8 E311            	    18R             roxl.b  #1,d1
                            	    19R         
                            	     1R             ; Verified bit order (traced by hand through the 9-bit
                            	     2R             ; roxl.b rotate-through-extend ring across all 8 steps that
                            	     3R             ; build one output byte -- see the equivalent derivation in
                            	     4R             ; md_tile_codec.py's module docstring for the full working):
                            	     5R             ; each pixel's final nibble = (plane3_bit<<3)|(plane2_bit<<2)
                            	     6R             ; |(plane0_bit<<1)|(plane1_bit). Note plane0 and plane1 land
                            	     7R             ; in the middle bits, not bits 0/1 as you'd naively guess --
                            	     8R             ; an earlier revision of the comments below (but NOT the
                            	     9R             ; code, which was always correct) had d5/d6 swapped relative
                            	    10R             ; to their actual load source just above (plane_buf0/buf1).
00:000009DA E30B            	    11R             lsl.b   #1,d3             ; plane 3 bit -> carry
00:000009DC E311            	    12R             roxl.b  #1,d1             ; ...into accumulator
00:000009DE E30C            	    13R             lsl.b   #1,d4             ; plane 2 bit
00:000009E0 E311            	    14R             roxl.b  #1,d1
00:000009E2 E30D            	    15R             lsl.b   #1,d5             ; plane 0 bit (d5 loaded from plane_buf0)
00:000009E4 E311            	    16R             roxl.b  #1,d1
00:000009E6 E30E            	    17R             lsl.b   #1,d6             ; plane 1 bit (d6 loaded from plane_buf1)
00:000009E8 E311            	    18R             roxl.b  #1,d1
                            	    19R         
                            	    21R         IF BYTE_IDX=1
                            	    22R             rol.w   #8,d7              ; previous packed byte -> high byte
                            	    23R         ENDIF
00:000009EA 1E01            	    24R         move.b  d1,d7
                            	    25R BYTE_IDX SET BYTE_IDX+1
                            	    26R     
                            	     1R         REPT 2
                            	     2R             ; Verified bit order (traced by hand through the 9-bit
                            	     3R             ; roxl.b rotate-through-extend ring across all 8 steps that
                            	     4R             ; build one output byte -- see the equivalent derivation in
                            	     5R             ; md_tile_codec.py's module docstring for the full working):
                            	     6R             ; each pixel's final nibble = (plane3_bit<<3)|(plane2_bit<<2)
                            	     7R             ; |(plane0_bit<<1)|(plane1_bit). Note plane0 and plane1 land
                            	     8R             ; in the middle bits, not bits 0/1 as you'd naively guess --
                            	     9R             ; an earlier revision of the comments below (but NOT the
                            	    10R             ; code, which was always correct) had d5/d6 swapped relative
                            	    11R             ; to their actual load source just above (plane_buf0/buf1).
                            	    12R             lsl.b   #1,d3             ; plane 3 bit -> carry
                            	    13R             roxl.b  #1,d1             ; ...into accumulator
                            	    14R             lsl.b   #1,d4             ; plane 2 bit
                            	    15R             roxl.b  #1,d1
                            	    16R             lsl.b   #1,d5             ; plane 0 bit (d5 loaded from plane_buf0)
                            	    17R             roxl.b  #1,d1
                            	    18R             lsl.b   #1,d6             ; plane 1 bit (d6 loaded from plane_buf1)
                            	    19R             roxl.b  #1,d1
                            	    20R         ENDR
                            	     1R             ; Verified bit order (traced by hand through the 9-bit
                            	     2R             ; roxl.b rotate-through-extend ring across all 8 steps that
                            	     3R             ; build one output byte -- see the equivalent derivation in
                            	     4R             ; md_tile_codec.py's module docstring for the full working):
                            	     5R             ; each pixel's final nibble = (plane3_bit<<3)|(plane2_bit<<2)
                            	     6R             ; |(plane0_bit<<1)|(plane1_bit). Note plane0 and plane1 land
                            	     7R             ; in the middle bits, not bits 0/1 as you'd naively guess --
                            	     8R             ; an earlier revision of the comments below (but NOT the
                            	     9R             ; code, which was always correct) had d5/d6 swapped relative
                            	    10R             ; to their actual load source just above (plane_buf0/buf1).
00:000009EC E30B            	    11R             lsl.b   #1,d3             ; plane 3 bit -> carry
00:000009EE E311            	    12R             roxl.b  #1,d1             ; ...into accumulator
00:000009F0 E30C            	    13R             lsl.b   #1,d4             ; plane 2 bit
00:000009F2 E311            	    14R             roxl.b  #1,d1
00:000009F4 E30D            	    15R             lsl.b   #1,d5             ; plane 0 bit (d5 loaded from plane_buf0)
00:000009F6 E311            	    16R             roxl.b  #1,d1
00:000009F8 E30E            	    17R             lsl.b   #1,d6             ; plane 1 bit (d6 loaded from plane_buf1)
00:000009FA E311            	    18R             roxl.b  #1,d1
                            	    19R         
                            	     1R             ; Verified bit order (traced by hand through the 9-bit
                            	     2R             ; roxl.b rotate-through-extend ring across all 8 steps that
                            	     3R             ; build one output byte -- see the equivalent derivation in
                            	     4R             ; md_tile_codec.py's module docstring for the full working):
                            	     5R             ; each pixel's final nibble = (plane3_bit<<3)|(plane2_bit<<2)
                            	     6R             ; |(plane0_bit<<1)|(plane1_bit). Note plane0 and plane1 land
                            	     7R             ; in the middle bits, not bits 0/1 as you'd naively guess --
                            	     8R             ; an earlier revision of the comments below (but NOT the
                            	     9R             ; code, which was always correct) had d5/d6 swapped relative
                            	    10R             ; to their actual load source just above (plane_buf0/buf1).
00:000009FC E30B            	    11R             lsl.b   #1,d3             ; plane 3 bit -> carry
00:000009FE E311            	    12R             roxl.b  #1,d1             ; ...into accumulator
00:00000A00 E30C            	    13R             lsl.b   #1,d4             ; plane 2 bit
00:00000A02 E311            	    14R             roxl.b  #1,d1
00:00000A04 E30D            	    15R             lsl.b   #1,d5             ; plane 0 bit (d5 loaded from plane_buf0)
00:00000A06 E311            	    16R             roxl.b  #1,d1
00:00000A08 E30E            	    17R             lsl.b   #1,d6             ; plane 1 bit (d6 loaded from plane_buf1)
00:00000A0A E311            	    18R             roxl.b  #1,d1
                            	    19R         
                            	    21R         IF BYTE_IDX=1
00:00000A0C E15F            	    22R             rol.w   #8,d7              ; previous packed byte -> high byte
                            	    23R         ENDIF
00:00000A0E 1E01            	    24R         move.b  d1,d7
                            	    25R BYTE_IDX SET BYTE_IDX+1
                            	    26R     
00:00000A10 32C7            	   367:     move.w  d7,(a1)+                  ; write 1 word (2 packed bytes / 4 px)
00:00000A12 51CAFFB6        	   368:     dbf     d2,.pixel_pair_loop
00:00000A16 4842            	   369:     swap    d2
00:00000A18 51CAFF9A        	   370:     dbf     d2,.byte_loop
00:00000A1C 4CDF0006        	   371:     movem.l (sp)+,d1/d2
                            	   372: .exit:
00:00000A20 4E75            	   373:     rts
                            	   374: 
                            	   375: 
                            	   376: ; =============================================================================
                            	   377: ; Scratch buffers -- one 256-byte window per bitplane, reused across
                            	   378: ; batches. Not re-entrant; fine for load-time-only use.
                            	   379: ; =============================================================================
                            	   380:     bss
                            	   381:     even
01:00000000 00              	   382: plane_buf0:     ds.b    256
01:00000001 *
01:00000100 00              	   383: plane_buf1:     ds.b    256
01:00000101 *
01:00000200 00              	   384: plane_buf2:     ds.b    256
01:00000201 *
01:00000300 00              	   385: plane_buf3:     ds.b    256
01:00000301 *
                            	   386: 

Source: "sega_logo_x68k.s"
                            	   382:     include "intro_credits.s"

Source: "intro_credits.s"
                            	     1:     include "inc/gfx/palettes.i"

Source: "inc/gfx/palettes.i"
                            	     1: ; ==========================================================
                            	     2: ; Palette macros
                            	     3: ; ==========================================================
                            	     4: ;MDCOLOR MACRO b,g,r
                            	     5: MDCOLOR MACRO
                            	     6:     dc.w ((\1)<<7)|((\2)<<4)|((\3)<<1)
                            	     7: ENDM
                            	     8: 
                            	     9: 
                            	    10: ; DEC_N_COLOURS_TO_TARGET _target_pal _src_pal _n_colours (a2=_target_pal, a3=_src_pal d4=(_n_colours-1)
                            	    11: DEC_N_COLOURS_TO_TARGET MACRO
                            	    12:     INLINE
                            	    13:     lea         (\2),a3
                            	    14:     lea         (\1),a2
                            	    15:     moveq       #(\3-1),d4
                            	    16:     .loop_n_times:
                            	    17:         move.b      (a3),d0
                            	    18:         cmp.b       (a2)+,d3
                            	    19:         bcs.b       .save_b
                            	    20:         subq.b      #$2,d0
                            	    21:     .save_b:
                            	    22:         move.b      d0,(a3)+
                            	    23:         move.b      (a3),d0
                            	    24:         move.b      d0,d1
                            	    25:         andi.b      #$e0,d0
                            	    26:         andi.b      #$0e,d1
                            	    27:         move.b      (a2),d2
                            	    28:         lsr.b       #$4,d2
                            	    29:         cmp.b       d2,d3
                            	    30:         bcs.b       .save_g
                            	    31:         subi.b      #$20,d0
                            	    32:     .save_g:
                            	    33:         move.b      (a2)+,d2
                            	    34:         andi.b      #$0e,d2
                            	    35:         cmp.b       d2,d3
                            	    36:         bcs.b       .save_r
                            	    37:         subq.b      #$2,d1
                            	    38:     .save_r:
                            	    39:         or.b        d1,d0
                            	    40:         move.b      d0,(a3)+
                            	    41:         dbf         d4,.loop_n_times
                            	    42:     EINLINE
                            	    43:     ENDM
                            	    44: 
                            	    45: ; DEC_N_COLOURS _src_pal _decount_reg _n_colours (_target_pal is an address reg, _decount_reg=(_n_colours-1)
                            	    46: DEC_N_COLOURS MACRO
                            	    47:     INLINE
                            	    48:     moveq       #(\3-1),\2      ; will loop 16 times (32 bytes modified in total)
                            	    49:     .loop_n_times:
                            	    50:         move.b      (\1),d0
                            	    51:         beq.b       .save_b
                            	    52:         subq.b      #$2,d0      ; d0=d0-2
                            	    53:     .save_b:
                            	    54:         move.b      d0,(\1)+    ; save it back
                            	    55:         move.b      (\1),d0
                            	    56:         move.b      d0,d1
                            	    57:         andi.b      #$0e,d1      ; d1=d0&$0e
                            	    58:         andi.b      #$e0,d0     ; d0=d0&$e0
                            	    59:         beq.b       .save_g
                            	    60:         subi.b      #$20,d0     ; d0=d0-$20
                            	    61:     .save_g:
                            	    62:         tst.b       d1
                            	    63:         beq.b       .save_r
                            	    64:         subq.w      #$2,d1      ; d1=d1-2
                            	    65:     .save_r:
                            	    66:         or.b        d1,d0       ; put 2 nibbles into d0
                            	    67:         move.b      d0,(\1)+    ; and save back
                            	    68:         dbf         \2,.loop_n_times
                            	    69:     EINLINE
                            	    70:     ENDM
                            	    71: 

Source: "intro_credits.s"
                            	     2: 
                            	     3: play_intro_credits:
                            	     4:     ; load intro credits to PAGE1
01:00000400 41FA0BB0        	     5:     lea     intro_credits_ts_p1,a0
01:00000404 43F90000C05A    	     6:     lea     scratch_memory,a1
01:0000040A 6100081A        	     7:     bsr     decompress_tileset
01:0000040E 41FA4EEC        	     8:     lea     intro_credits_ts_p2,a0
01:00000412 43F90001205A    	     9:     lea     scratch_memory+$6000,a1
01:00000418 6100081A        	    10:     bsr     decompress_tileset
                            	    11:     ; save to VRAM
01:0000041C 47F9000093AA    	    12:     lea     (intro_credits_bg2_tm),a3  ; ($40+$c0/2)*$13 tile sin total (160x24)
01:00000422 363C0020        	    13:     move.w  #$20,d3   ; current row's Y pixel position in VRAM
01:00000426 7C13            	    14:     moveq   #(20-1),d6 ; intro credits tilemap is 20 rows high
                            	    15:     .blit_intro_credits_row:
01:00000428 343C0000        	    16:         move.w  #0,d2  ; current column's X pixel position in words
01:0000042C 7E3F            	    17:         moveq   #(64-1),d7  ; 64 tiles to fit the whole VRAM width (8x64=512px)
                            	    18:         .blit_intro_credits_col:   ; 64 columns to include 24 columns not yet visible on screen
01:0000042E 301B            	    19:             move.w  (a3)+,d0
01:00000430 EB48            	    20:             lsl.w   #5,d0      ; tm index shifted to address 64 KB space
01:00000432 43F90000C05A    	    21:             lea     scratch_memory,a1       ; point at start of scratch memory again
01:00000438 D2C0            	    22:             adda.w  d0,a1
                            	    23:             BLIT_TILE_L1 a1,d2,d3,a0        ; a1 auto-advances past this tile
                            	     1M     GVRAM_ADDR_L1 d2,d3,a0          ; calculate VRAM destination
01:0000043A 3003            	     1M     move.w   d3,d0
01:0000043C C0FC0400        	     2M     mulu.w   #GVRAM_WIDTH,d0
01:00000440 41F900D00000    	     3M     lea      (GVRAM_PAGE2),a0
01:00000446 D1C0            	     4M     adda.l   d0,a0
01:00000448 D0C2            	     5M     adda.w   d2,a0     
01:0000044A D0C2            	     6M     adda.w   d2,a0  ; add twice to point at words
01:0000044C 323C0007        	     2M     move.w  #(TILE_W-1),d1
                            	     3M     .bt_row_000084:
01:00000450 2819            	     4M         move.l  (a1)+,d4                ; copy 8 pixels
01:00000452 303C0007        	     5M         move.w  #(TILE_H-1),d0
                            	     6M         .bt_col_000084:
01:00000456 E99C            	     7M             rol.l   #$4,d4                  ; shift for next nibble
01:00000458 3A04            	     8M             move.w  d4,d5                   ; copy word as only bottom nibble is used
01:0000045A CA7C000F        	     9M             and.w   #$000f,d5               ; TODO as a pallet nibble to bits 7-4
01:0000045E 30C5            	    10M             move.w  d5,(a0)+
01:00000460 51C8FFF4        	    11M             dbf     d0,.bt_col_000084
01:00000464 41E803F0        	    12M         lea     (GVRAM_WIDTH-TILE_W*2,a0),a0   ; advance destination by one row stride
01:00000468 51C9FFE6        	    13M         dbf     d1,.bt_row_000084
01:0000046C 5042            	    24:             addq.w  #(TILE_W),d2
01:0000046E 51CFFFBE        	    25:             dbf     d7,.blit_intro_credits_col
01:00000472 47EB00C0        	    26:         adda.l      #(320-64*2),a3 ; skip horizontal tiles that will be displayed later when scrollng starts
01:00000476 5043            	    27:         addq.w  #(TILE_H),d3
01:00000478 51CEFFAE        	    28:         dbf         d6,.blit_intro_credits_row
                            	    29: 
                            	    30:     ; update sprite palette
01:0000047C 41FA0AB4        	    31:     lea     (sega_logo_sprite_palette),a0
01:00000480 43F90000BFDA    	    32:     lea     (sp_pal0),a1
01:00000486 7E0F            	    33:     moveq   #(16-1),d7             ; 16 colours
                            	    34: .copy_spal0:
01:00000488 32D8            	    35:     move.w  (a0)+,(a1)+
01:0000048A 51CFFFFC        	    36:     dbf     d7,.copy_spal0
                            	    37:     ; copy palette to CGRAM
                            	    38:     CONVERT_MD_TO_X68K_COLOURS sp_pal0,sega_logo_colours_x68k,16
01:0000048E 48E7F0C0        	     1M     movem.l d0-d3/a0-a1,-(sp)
01:00000492 41F90000BFDA    	     2M     lea     (sp_pal0),a0
01:00000498 43F90000BF12    	     3M     lea     (sega_logo_colours_x68k),a1
01:0000049E 7610            	     4M     moveq   #16,d3
01:000004A0 61000684        	     5M     bsr     convert_md_colours_to_x68k
01:000004A4 4CDF030F        	     6M     movem.l (sp)+,d0-d3/a0-a1
                            	    39:     WAIT_VBLANK
                            	     1M .wa_wait_000087: ; wait for rendering
01:000004A8 0839000400E88001	     2M     btst    #4,MFP_GPDR
01:000004B0 67F6            	     3M     beq     .wa_wait_000087
                            	     4M .wvb_wait_000087: ; wait for vblank
01:000004B2 0839000400E88001	     5M     btst    #4,MFP_GPDR
01:000004BA 66F6            	     6M     bne     .wvb_wait_000087
01:000004BC 41F90000BF12    	    40:     lea     (sega_logo_colours_x68k),a0
01:000004C2 43F900E82200    	    41:     lea     (SPAL_BASE),a1
01:000004C8 7E0F            	    42:     moveq   #(16-1),d7             ; 16 colours
                            	    43: .copy_sp_colour_loop:
01:000004CA 32D8            	    44:     move.w  (a0)+,(a1)+
01:000004CC 51CFFFFC        	    45:     dbf     d7,.copy_sp_colour_loop
                            	    46:     ; copy sprite tileset
01:000004D0 41FA0460        	    47:     lea     (sega_logo_sprite_tiles),a0
01:000004D4 43F900EB8000    	    48:     lea     (PCG_BASE),a1         ;
01:000004DA 3A3C0001        	    49:     move.w  #(2-1),d5                  ; for even and odd tiles
                            	    50: .even_odd_tiles:
01:000004DE 3C3C000B        	    51:     move.w  #(12-1),d6                 ; 12 sprites but 2 done each time
                            	    52: .copy_sprites:
01:000004E2 3E3C001F        	    53:     move.w  #(32-1),d7              ; 12 sprites in Sprite RAM (128 bytes or 64 words each)
                            	    54: .copy_sega_logo_sprite_tiles:
01:000004E6 32D8            	    55:     move.w  (a0)+,(a1)+  ; even tiles
01:000004E8 51CFFFFC        	    56:     dbf     d7,.copy_sega_logo_sprite_tiles
01:000004EC 41E80040        	    57:     lea     (64,a0),a0
01:000004F0 51CEFFF0        	    58:     dbf     d6,.copy_sprites
01:000004F4 41FA043C        	    59:     lea     (sega_logo_sprite_tiles),a0
01:000004F8 41E80040        	    60:     adda    #64,a0
01:000004FC 51CDFFE0        	    61:     dbf     d5,.even_odd_tiles
                            	    62:     ; update sprite table
01:00000500 41FA0A50        	    63:     lea     (sega_logo_sprite_table),a0
01:00000504 43F900EB0000    	    64:     lea     (SPRITE_TABLE),a1         ;
01:0000050A 7E2F            	    65:     moveq   #(12*4-1),d7              ; 12 sprites in table
                            	    66: .copy_sega_logo_sprite_table:
01:0000050C 32D8            	    67:     move.w  (a0)+,(a1)+
01:0000050E 51CFFFFC        	    68:     dbf     d7,.copy_sega_logo_sprite_table
                            	    69: 
                            	    70:     ; enable sptites
                            	    71:     ; disable bg1 - clear sega logo from gvram
                            	    72:     CLEAR_GVRAM_L0 0
01:00000512 41F900C00000    	     1M     lea     (GVRAM_PAGE0),a0
01:00000518 203C0003FFFF    	     2M     move.l  #(GVRAM_PAGE_SIZE/2)-1,d0   ; divide by 2 as words will be processed
01:0000051E 7200            	     3M     moveq   #$0,d1    
01:00000520 123C0000        	     4M     move.b  #0,d1
                            	     5M .cgl0_000088:
01:00000524 30C1            	     6M     move.w  d1,(a0)+
01:00000526 51C8FFFC        	     7M     dbf     d0,.cgl0_000088
01:0000052A 7E06            	    73:     moveq       #$6,d7  ; max possible value
                            	    74:     .intro_fadein:
01:0000052C 7C00            	    75:         moveq       #$0,d6
                            	    76:         .L0:
                            	    77:             WAIT_VBLANK
                            	     1M .wa_wait_000089: ; wait for rendering
01:0000052E 0839000400E88001	     2M     btst    #4,MFP_GPDR
01:00000536 67F6            	     3M     beq     .wa_wait_000089
                            	     4M .wvb_wait_000089: ; wait for vblank
01:00000538 0839000400E88001	     5M     btst    #4,MFP_GPDR
01:00000540 66F6            	     6M     bne     .wvb_wait_000089
                            	    78:             WAIT_VBLANK
                            	     1M .wa_wait_000090: ; wait for rendering
01:00000542 0839000400E88001	     2M     btst    #4,MFP_GPDR
01:0000054A 67F6            	     3M     beq     .wa_wait_000090
                            	     4M .wvb_wait_000090: ; wait for vblank
01:0000054C 0839000400E88001	     5M     btst    #4,MFP_GPDR
01:00000554 66F6            	     6M     bne     .wvb_wait_000090
01:00000556 610007D2        	    79:             bsr.w   scroll_left_bg2
01:0000055A 51CEFFD2        	    80:             dbf         d6,.L0
01:0000055E 47F90000ACAE    	    81:         lea     (target_title_screen_palette),a3
01:00000564 45F90000BF5A    	    82:         lea     (bg_pal0),a2    ; will be set to zero to be gin with
01:0000056A 610006DC        	    83:         bsr     increment_palette_if_palette_target_gt_d7
                            	    84:         CONVERT_MD_TO_X68K_COLOURS bg_pal0,sega_logo_colours_x68k,16
01:0000056E 48E7F0C0        	     1M     movem.l d0-d3/a0-a1,-(sp)
01:00000572 41F90000BF5A    	     2M     lea     (bg_pal0),a0
01:00000578 43F90000BF12    	     3M     lea     (sega_logo_colours_x68k),a1
01:0000057E 7610            	     4M     moveq   #16,d3
01:00000580 61000684        	     5M     bsr     convert_md_colours_to_x68k
01:00000584 4CDF030F        	     6M     movem.l (sp)+,d0-d3/a0-a1
                            	    85:         WAIT_VBLANK
                            	     1M .wa_wait_000092: ; wait for rendering
01:00000588 0839000400E88001	     2M     btst    #4,MFP_GPDR
01:00000590 67F6            	     3M     beq     .wa_wait_000092
                            	     4M .wvb_wait_000092: ; wait for vblank
01:00000592 0839000400E88001	     5M     btst    #4,MFP_GPDR
01:0000059A 66F6            	     6M     bne     .wvb_wait_000092
                            	    86:         WAIT_VBLANK
                            	     1M .wa_wait_000093: ; wait for rendering
01:0000059C 0839000400E88001	     2M     btst    #4,MFP_GPDR
01:000005A4 67F6            	     3M     beq     .wa_wait_000093
                            	     4M .wvb_wait_000093: ; wait for vblank
01:000005A6 0839000400E88001	     5M     btst    #4,MFP_GPDR
01:000005AE 66F6            	     6M     bne     .wvb_wait_000093
01:000005B0 610007D2        	    87:         bsr.w   scroll_left_bg2
01:000005B4 41F90000BF12    	    88:         lea     (sega_logo_colours_x68k),a0
01:000005BA 43F900E82000    	    89:         lea     (GPAL_BASE),a1
01:000005C0 7A0F            	    90:         moveq   #(16-1),d5             ; 16 colours
                            	    91:         .copy_bg2_colour_loop:
01:000005C2 32D8            	    92:             move.w  (a0)+,(a1)+
01:000005C4 51CDFFFC        	    93:             dbf     d5,.copy_bg2_colour_loop
01:000005C8 51CFFF62        	    94:         dbf         d7,.intro_fadein
01:000005CC 7E06            	    95:     moveq       #$6,d7
                            	    96:     .sp_fadeout:
01:000005CE 7C00            	    97:         moveq       #$0,d6
                            	    98:         .L2:
                            	    99:             WAIT_VBLANK
                            	     1M .wa_wait_000094: ; wait for rendering
01:000005D0 0839000400E88001	     2M     btst    #4,MFP_GPDR
01:000005D8 67F6            	     3M     beq     .wa_wait_000094
                            	     4M .wvb_wait_000094: ; wait for vblank
01:000005DA 0839000400E88001	     5M     btst    #4,MFP_GPDR
01:000005E2 66F6            	     6M     bne     .wvb_wait_000094
                            	   100:             WAIT_VBLANK
                            	     1M .wa_wait_000095: ; wait for rendering
01:000005E4 0839000400E88001	     2M     btst    #4,MFP_GPDR
01:000005EC 67F6            	     3M     beq     .wa_wait_000095
                            	     4M .wvb_wait_000095: ; wait for vblank
01:000005EE 0839000400E88001	     5M     btst    #4,MFP_GPDR
01:000005F6 66F6            	     6M     bne     .wvb_wait_000095
01:000005F8 610007D2        	   101:             bsr.w   scroll_left_bg2
01:000005FC 51CEFFD2        	   102:             dbf         d6,.L2
01:00000600 45F90000BFDA    	   103:         lea         (sp_pal0),a2
01:00000606 61000736        	   104:         bsr.w       decrement_palette
                            	   105:         CONVERT_MD_TO_X68K_COLOURS sp_pal0,sega_logo_colours_x68k,16
01:0000060A 48E7F0C0        	     1M     movem.l d0-d3/a0-a1,-(sp)
01:0000060E 41F90000BFDA    	     2M     lea     (sp_pal0),a0
01:00000614 43F90000BF12    	     3M     lea     (sega_logo_colours_x68k),a1
01:0000061A 7610            	     4M     moveq   #16,d3
01:0000061C 61000684        	     5M     bsr     convert_md_colours_to_x68k
01:00000620 4CDF030F        	     6M     movem.l (sp)+,d0-d3/a0-a1
                            	   106:         WAIT_VBLANK
                            	     1M .wa_wait_000097: ; wait for rendering
01:00000624 0839000400E88001	     2M     btst    #4,MFP_GPDR
01:0000062C 67F6            	     3M     beq     .wa_wait_000097
                            	     4M .wvb_wait_000097: ; wait for vblank
01:0000062E 0839000400E88001	     5M     btst    #4,MFP_GPDR
01:00000636 66F6            	     6M     bne     .wvb_wait_000097
                            	   107:         WAIT_VBLANK
                            	     1M .wa_wait_000098: ; wait for rendering
01:00000638 0839000400E88001	     2M     btst    #4,MFP_GPDR
01:00000640 67F6            	     3M     beq     .wa_wait_000098
                            	     4M .wvb_wait_000098: ; wait for vblank
01:00000642 0839000400E88001	     5M     btst    #4,MFP_GPDR
01:0000064A 66F6            	     6M     bne     .wvb_wait_000098
01:0000064C 610007D2        	   108:         bsr.w   scroll_left_bg2
01:00000650 41F90000BF12    	   109:         lea     (sega_logo_colours_x68k),a0
01:00000656 43F900E82200    	   110:         lea     (SPAL_BASE),a1
01:0000065C 7A0F            	   111:         moveq   #(16-1),d5             ; 16 colours
                            	   112:         .copy_sp0_colour_loop:
01:0000065E 32D8            	   113:             move.w  (a0)+,(a1)+
01:00000660 51CDFFFC        	   114:             dbf     d5,.copy_sp0_colour_loop
01:00000664 51CFFF68        	   115:         dbf         d7,.sp_fadeout
01:00000668 7C46            	   116:     moveq       #$46,d6
                            	   117:     .keep_scrolling_for_142_frames:
                            	   118:         WAIT_VBLANK
                            	     1M .wa_wait_000099: ; wait for rendering
01:0000066A 0839000400E88001	     2M     btst    #4,MFP_GPDR
01:00000672 67F6            	     3M     beq     .wa_wait_000099
                            	     4M .wvb_wait_000099: ; wait for vblank
01:00000674 0839000400E88001	     5M     btst    #4,MFP_GPDR
01:0000067C 66F6            	     6M     bne     .wvb_wait_000099
                            	   119:         WAIT_VBLANK
                            	     1M .wa_wait_000100: ; wait for rendering
01:0000067E 0839000400E88001	     2M     btst    #4,MFP_GPDR
01:00000686 67F6            	     3M     beq     .wa_wait_000100
                            	     4M .wvb_wait_000100: ; wait for vblank
01:00000688 0839000400E88001	     5M     btst    #4,MFP_GPDR
01:00000690 66F6            	     6M     bne     .wvb_wait_000100
01:00000692 610007D2        	   120:         bsr.w   scroll_left_bg2
01:00000696 51CEFFD2        	   121:         dbf         d6,.keep_scrolling_for_142_frames
                            	   122:     ; TODO add sound valriation if start has been pressed during 142 frames
01:0000069A 423900000000    	   123:     clr.b       (alt_intro_credits_sound_flag)
01:000006A0 4A3900000000    	   124:     tst.b       (jp2_en_flag)
01:000006A6 6608            	   125:     bne.b       .L4
01:000006A8 13FC000100000000	   126:     move.b      #$1,(alt_intro_credits_sound_flag)
                            	   127: .L4:
01:000006B0 47F90000BEE4    	   128:     lea         (S_PRODUCED_BY),a3      ; string
01:000006B6 49F90000BE5E    	   129:     lea         (TM_GAME_ART),a4        ; graphics sprites data
01:000006BC 323C00D8        	   130:     move.w      #(S_PRODUCED_VPOS),d1
01:000006C0 3C3C00EE        	   131:     move.w      #(S_PRODUCED_HPOS),d6
01:000006C4 13FC000000000000	   132:     move.b      #PAD_A,(intro_credits_pad_key)     ; pad code during intro?
01:000006CC 61000000        	   133:     bsr.w       process_intro_credits_text_and_graphics
01:000006D0 47F90000BEF0    	   134:     lea         (S_ASSOCIATED_WITH),a3  ; string
01:000006D6 49F90000BE90    	   135:     lea         (TM_GAINAX),a4          ; graphics sprites data
01:000006DC 323C00D8        	   136:     move.w      #(S_ASSOCIATED_WITH_VPOS),d1
01:000006E0 3C3C00E4        	   137:     move.w      #(S_ASSOCIATED_WITH_HPOS),d6
01:000006E4 13FC000000000000	   138:     move.b      #PAD_B,(intro_credits_pad_key)
01:000006EC 61000000        	   139:     bsr.w       process_intro_credits_text_and_graphics
01:000006F0 47F90000BF00    	   140:     lea         (S_MUSIC_COMPOSED_BY),a3; string
01:000006F6 49F90000BEB2    	   141:     lea         (TM_MECANO),a4          ; graphics sprites data
01:000006FC 323C00D8        	   142:     move.w      #(S_MUSIC_COMPOSED_BY_VPOS),d1
01:00000700 3C3C00D8        	   143:     move.w      #(S_MUSIC_COMPOSED_BY_HPOS),d6
01:00000704 13FC000000000000	   144:     move.b      #PAD_C,(intro_credits_pad_key)
01:0000070C 61000000        	   145:     bsr.w       process_intro_credits_text_and_graphics
                            	   146:     .dec_intro_counter:
01:00000710 61000000        	   147:         bsr.w       wait_for_vblank_and_check_pad_start
01:00000714 61000000        	   148:         bsr.w       wait_for_vblank_and_check_pad_start
01:00000718 61000000        	   149:         bsr.w       intro_credit_scrolling
01:0000071C 303900000000    	   150:         move.w      (start_options_index),d0    ; check counter
01:00000722 0C40FCE8        	   151:         cmpi.w      #$fce8,d0 ; 792 vblanks or 12 seconds?
01:00000726 6702            	   152:         beq.b       .intro_counter_match
01:00000728 60E6            	   153:         bra.b       .dec_intro_counter
                            	   154: .intro_counter_match:
01:0000072A 41F90000A76A    	   155:     lea         ($0000a76a),a0
01:00000730 D1FC00000000    	   156:     adda.l      #(L0007ace2),a0   ; from $0008544c contains compressed tiles
01:00000736 7200            	   157:     moveq       #$0,d1
01:00000738 243C00000000    	   158:     move.l      #(DAT_00ff1a48),d2   ; to RAM
01:0000073E 61000000        	   159:     bsr.w       write_tileset
01:00000742 41F90000CEE2    	   160:     lea         ($0000cee2),a0
01:00000748 D1FC00000000    	   161:     adda.l      #(L0007ace2),a0   ; from $00087bc4
01:0000074E 7200            	   162:     moveq       #$0,d1
01:00000750 243C00000000    	   163:     move.l      #(DAT_00ff3a48),d2   ; to RAM
01:00000756 61000000        	   164:     bsr.w       write_tileset
01:0000075A 41F900000000    	   165:     lea         (VDP_CTRL),a0
01:00000760 7E00            	   166:     moveq       #$0,d7
                            	   167:     .L0001014e:
01:00000762 7C03            	   168:         moveq       #$3,d6
                            	   169:         .L00010150:
01:00000764 48E70300        	   170:             movem.l     d7-d6,-(SP)
01:00000768 61000000        	   171:             bsr.w       wait_for_vblank_and_check_pad_start
01:0000076C 61000000        	   172:             bsr.w       update_cram_with_palettes_0123
01:00000770 61000000        	   173:             bsr.w       wait_for_vblank_and_check_pad_start
01:00000774 4CDF00C0        	   174:             movem.l     (SP)+,d6-d7
01:00000778 61000000        	   175:             bsr.w       update_cram_col1_8_with_d7
01:0000077C 51CEFFE6        	   176:             dbf         d6,.L00010150
01:00000780 47F900000000    	   177:         lea         (L0001163c),a3
01:00000786 45F900000000    	   178:         lea         (palettes_0),a2
01:0000078C 61000000        	   179:         bsr.w       increment_half_palette_if_palette_target_gt_d7    ; only called once
01:00000790 61000000        	   180:         bsr.w       update_cram_with_palettes_0123
01:00000794 5247            	   181:         addq.w      #$1,d7
01:00000796 0C470007        	   182:         cmpi.w      #$7,d7
01:0000079A 65C6            	   183:         bcs.b       .L0001014e
01:0000079C 61000000        	   184:     bsr.w       wait_for_vblank_and_check_pad_start
01:000007A0 7C08            	   185:     moveq       #$8,d6
01:000007A2 7E07            	   186:     moveq       #$7,d7
                            	   187:     .L00010190:
01:000007A4 61000000        	   188:         bsr.w       wait_for_vblank_and_check_pad_start
01:000007A8 61000000        	   189:         bsr.w       update_cram_col1_8_with_d7
01:000007AC 61000000        	   190:         bsr.w       wait_for_vblank_and_check_pad_start
01:000007B0 61000000        	   191:         bsr.w       update_cram_with_palettes_0123
01:000007B4 61000000        	   192:         bsr.w       wait_for_vblank_and_check_pad_start
01:000007B8 61000000        	   193:         bsr.w       update_cram_blue_col1_8_with_d7
01:000007BC 61000000        	   194:         bsr.w       wait_for_vblank_and_check_pad_start
01:000007C0 61000000        	   195:         bsr.w       update_cram_with_palettes_0123
01:000007C4 51CEFFDE        	   196:         dbf         d6,.L00010190
01:000007C8 7E06            	   197:     moveq       #$6,d7
                            	   198:     .L000101b6:
01:000007CA 7C00            	   199:         moveq       #$0,d6
                            	   200:         .L000101b8:
01:000007CC 61000000        	   201:             bsr.w       wait_for_vblank_and_check_pad_start
01:000007D0 61000000        	   202:             bsr.w       update_cram_blue_col1_8_with_d7
01:000007D4 61000000        	   203:             bsr.w       wait_for_vblank_and_check_pad_start
01:000007D8 61000000        	   204:             bsr.w       update_cram_with_palettes_0123
01:000007DC 61000000        	   205:             bsr.w       wait_for_vblank_and_check_pad_start
01:000007E0 61000000        	   206:             bsr.w       update_cram_blue_col1_8_with_d7
01:000007E4 61000000        	   207:             bsr.w       wait_for_vblank_and_check_pad_start
01:000007E8 61000000        	   208:             bsr.w       update_cram_with_palettes_0123
01:000007EC 61000000        	   209:             bsr.w       wait_for_vblank_and_check_pad_start
01:000007F0 61000000        	   210:             bsr.w       update_cram_blue_col1_8_with_d7
01:000007F4 51CEFFD6        	   211:             dbf         d6,.L000101b8
01:000007F8 45F900000000    	   212:         lea         (palettes_0),a2
01:000007FE 61000000        	   213:         bsr.w       drecrement_half_palette
01:00000802 61000000        	   214:         bsr.w       wait_for_vblank_and_check_pad_start
01:00000806 61000000        	   215:         bsr.w       update_cram_with_palettes_0123
01:0000080A 61000000        	   216:         bsr.w       wait_for_vblank_and_check_pad_start
01:0000080E 61000000        	   217:         bsr.w       update_cram_blue_col1_8_with_d7
01:00000812 51CFFFB6        	   218:         dbf         d7,.L000101b6
01:00000816 47F900000000    	   219:     lea         (DAT_00ff655c),a3
01:0000081C 7004            	   220:     moveq       #$4,d0
                            	   221:     .L0001020a:
01:0000081E 61000000        	   222:         bsr.w       wait_for_vblank_and_check_pad_start
01:00000822 721D            	   223:         moveq       #$1d,d1
                            	   224:         .L00010210:
01:00000824 26FC00000000    	   225:             move.l      #$0,(a3)+
01:0000082A 26FC00000000    	   226:             move.l      #$0,(a3)+
01:00000830 26FC00000000    	   227:             move.l      #$0,(a3)+
01:00000836 26FC00000000    	   228:             move.l      #$0,(a3)+
01:0000083C 51C9FFE6        	   229:             dbf         d1,.L00010210
01:00000840 51C8FFDC        	   230:         dbf         d0,.L0001020a
01:00000844 61000000        	   231:     bsr.w       L00010b32
01:00000848 61000000        	   232:     bsr.w       L0001074e
01:0000084C 61000000        	   233:     bsr.w       L00010862
01:00000850 61000000        	   234:     bsr.w       L0001065c
01:00000854 427900000000    	   235:     clr.w       (start_options_index)
01:0000085A 3E3C00A0        	   236:     move.w      #$00a0,d7     ; psb_phase counter
                            	   237:     psb_phase:
01:0000085E 2F07            	   238:         move.l      d7,-(SP)
01:00000860 61000000        	   239:         bsr.w       update_psb_msg
01:00000864 4EB900000000    	   240:         jsr         jp_read
01:0000086A 0839000700000000	   241:         btst.b      #$7,(jp1_result)    ; PAD_START
01:00000872 664E            	   242:         bne.b       .psb_start_pressed           ; branch if start pressed
01:00000874 2E1F            	   243:         move.l      (SP)+,d7
01:00000876 51CFFFE6        	   244:         dbf         d7,psb_phase
01:0000087A 61000000        	   245:     bsr.w       write_z80_reg6_with_c8h
01:0000087E 7E07            	   246:     moveq       #$7,d7
                            	   247:     .dec_palettes:
01:00000880 45F900000000    	   248:         lea         (palettes_3),a2
01:00000886 61000736        	   249:         bsr.w       decrement_palette
01:0000088A 45F900000000    	   250:         lea         (palettes_2),a2
01:00000890 61000736        	   251:         bsr.w       decrement_palette
01:00000894 45F900000000    	   252:         lea         (palettes_1),a2
01:0000089A 61000736        	   253:         bsr.w       decrement_palette
01:0000089E 45F900000000    	   254:         lea         (palettes_0),a2
01:000008A4 61000736        	   255:         bsr.w       decrement_palette
01:000008A8 61000000        	   256:         bsr.w       wait_for_vblank_and_check_pad_start
01:000008AC 61000000        	   257:         bsr.w       wait_for_vblank_and_check_pad_start
01:000008B0 61000000        	   258:         bsr.w       update_cram_with_palettes_0123
01:000008B4 51CFFFCA        	   259:         dbf         d7,.dec_palettes
01:000008B8 4EB900000000    	   260:     jsr         disable_display
01:000008BE 7000            	   261:     moveq       #$0,d0
01:000008C0 4E75            	   262:     rts
                            	   263:     .psb_start_pressed:
                            	   264:         VDP_WVRAM_CMD $ec90
                            	     ^-ERROR:0002
01:000008C2 7018            	   265:         moveq       #$18,d0
                            	   266:         .clear_bg1_line1_char:
01:000008C4 32BC0000        	   267:             move.w      #$0,(a1)
01:000008C8 51C8FFFA        	   268:             dbf         d0,.clear_bg1_line1_char
                            	   269:         VDP_WVRAM_CMD $ed10
                            	     ^-ERROR:0002
01:000008CC 7018            	   270:         moveq       #$18,d0
                            	   271:         .clear_bg1_line2_char:
01:000008CE 32BC0000        	   272:             move.w      #$0,(a1)
01:000008D2 51C8FFFA        	   273:             dbf         d0,.clear_bg1_line2_char
01:000008D6 7E00            	   274:         moveq       #$0,d7  ; row counter reset
                            	   275:         .set_bg2_tilemap_row:
01:000008D8 61000000        	   276:             bsr.w       wait_for_vblank_plus_small_delay
01:000008DC 23FC000000000000	   277:             move.l      #VDP_VSRAM_WADDR,(VDP_CTRL)
01:000008E4 0000
01:000008E6 33C700000000    	   278:             move.w      d7,(VDP_DATA)   ; reset v scrolling
01:000008EC 33C700000000    	   279:             move.w      d7,(VDP_DATA)   ; reset v scrolling
                            	   280:             VDP_WVRAM_CMD $f000
                            	     ^-ERROR:0002
01:000008F2 7C4F            	   281:             moveq       #$4f,d6
01:000008F4 45F900000000    	   282:             lea         (sprite_table_data),a2  ; might be scratch memory not only for sprites
                            	   283:             .transfer_sprite_table_item:
01:000008FA 5352            	   284:                 subq.w      #$1,(a2)        ; vpos_1 is temp sprite table?
01:000008FC 33DA00000000    	   285:                 move.w      (a2)+,(VDP_DATA)
01:00000902 33DA00000000    	   286:                 move.w      (a2)+,(VDP_DATA)
01:00000908 33DA00000000    	   287:                 move.w      (a2)+,(VDP_DATA)
01:0000090E 33DA00000000    	   288:                 move.w      (a2)+,(VDP_DATA)
01:00000914 51CEFFE4        	   289:                 dbf         d6,.transfer_sprite_table_item
01:00000918 5247            	   290:             addq.w      #$1,d7  ; row counter++
01:0000091A 0C470018        	   291:             cmpi.w      #$18,d7 ; 24 rows
01:0000091E 65B8            	   292:             bcs.b       .set_bg2_tilemap_row
                            	   293:         VDP_WVRAM_CMD PRESS_START_BUTTON_POS
                            	     ^-ERROR:0002
01:00000920 7E1E            	   294:         moveq       #$1e,d7     ; message length-1
                            	   295:         .erase_psb_msg:
01:00000922 33FC000000000000	   296:             move.w      #$0,(VDP_DATA)
01:0000092A 51CFFFF6        	   297:             dbf         d7,.erase_psb_msg
01:0000092E 60000000        	   298:         bra.w       start_options_screen
                            	   299: 
                            	   300: 
                            	   301: sega_logo_sprite_tiles:  ; $0001171c - $600 bytes of sprite tiles
01:00000932 0000000000000111	   302:     incbin "inc/gfx/intro_credits/sega_logo_sprite_tiles.bin"
01:0000093A 0001166700156666
01:00000942 0155666601555666
01:0000094A 1555566114555516
01:00000952 1455516614455156
01:0000095A 1445515614445155
01:00000962 1444515514444155
01:0000096A 1444415513444415
01:00000972 0144445101344445
01:0000097A 0014444500134444
01:00000982 0001114411111111
01:0000098A 1333344413333344
01:00000992 1233334412233334
01:0000099A 1111111112223333
01:000009A2 1222333312222333
01:000009AA 1222233311111111
01:000009B2 0000000011111111
01:000009BA 7778888977778888
01:000009C2 7777888867777888
01:000009CA 1111111166777788
01:000009D2 6677778866677778
01:000009DA 6667777866111111
01:000009E2 6666777756666777
01:000009EA 5666677755666677
01:000009F2 1111111755566661
01:000009FA 5556666755556666
01:00000A02 5555666611115666
01:00000A0A 4555566644555566
01:00000A12 4455556644455551
01:00000A1A 1111111644445555
01:00000A22 4444555534444555
01:00000A2A 3444455511111111
01:00000A32 0000000011111100
01:00000A3A 999AA1009999A101
01:00000A42 9999A11589999115
01:00000A4A 1111115588999155
01:00000A52 8899914588899145
01:00000A5A 8889914411111144
01:00000A62 1111114478111144
01:00000A6A 7881114477881144
01:00000A72 7788113477788134
01:00000A7A 1778813317778133
01:00000A82 1777813317777133
01:00000A8A 1777713316777133
01:00000A92 1677712366677123
01:00000A9A 6667712266661012
01:00000AA2 6666101256610001
01:00000AAA 5110000010000000
01:00000AB2 0000000000111111
01:00000ABA 1166777766667777
01:00000AC2 5666677756666777
01:00000ACA 5566611155661677
01:00000AD2 5551666755516667
01:00000ADA 5551666655516661
01:00000AE2 4551566645515666
01:00000AEA 4451556644515566
01:00000AF2 4441111144415556
01:00000AFA 4441555544415555
01:00000B02 3441455534414551
01:00000B0A 3341445533414455
01:00000B12 3331444533341445
01:00000B1A 3333411133334444
01:00000B22 2333344423333444
01:00000B2A 1133334400111111
01:00000B32 0000000011111111
01:00000B3A 8888999988889999
01:00000B42 7888899978888999
01:00000B4A 1111111177888899
01:00000B52 7778888977788889
01:00000B5A 7777888811111111
01:00000B62 6777788867777888
01:00000B6A 6677778866777788
01:00000B72 1111111166677778
01:00000B7A 6666777766667777
01:00000B82 5666677711111111
01:00000B8A 5566667755666677
01:00000B92 5556666755566667
01:00000B9A 1111111155556666
01:00000BA2 4555566645555666
01:00000BAA 4455556611111111
01:00000BB2 0000000011110000
01:00000BBA AAA10011AAA10166
01:00000BC2 9AA115669AA11566
01:00000BCA 1111555699A15556
01:00000BD2 9991555599914555
01:00000BDA 9991455511114455
01:00000BE2 8111445581114445
01:00000BEA 8111444581114444
01:00000BF2 1111444481113444
01:00000BFA 8111344481113344
01:00000C02 7111334411113334
01:00000C0A 7781333477813333
01:00000C12 7771233377712333
01:00000C1A 1111123377711233
01:00000C22 6771122367710123
01:00000C2A 6671001111110000
01:00000C32 0000000011111111
01:00000C3A 6777788867777888
01:00000C42 6677778866777788
01:00000C4A 6661111161177778
01:00000C52 1666777716666777
01:00000C5A 1666677715666111
01:00000C62 1566617715566167
01:00000C6A 1556616715556166
01:00000C72 1555611115555166
01:00000C7A 1555516614555166
01:00000C82 1455516614455111
01:00000C8A 1445555614445555
01:00000C92 1444555531144555
01:00000C9A 3341111133444455
01:00000CA2 3334444533344445
01:00000CAA 3333444411111111
01:00000CB2 0000000011111111
01:00000CBA 89999AAA89999AAA
01:00000CC2 889999AA889999AA
01:00000CCA 111111118889999A
01:00000CD2 8888999978889999
01:00000CDA 7888899911111111
01:00000CE2 7788889977788899
01:00000CEA 7778888977778889
01:00000CF2 1111188867771888
01:00000CFA 6777188866771788
01:00000D02 6677178866671778
01:00000D0A 6667177866661777
01:00000D12 6666177756661777
01:00000D1A 1111167755666677
01:00000D22 5556666755566667
01:00000D2A 5555666611111111
01:00000D32 0000000011000000
01:00000D3A A1000000A1000000
01:00000D42 A1000000A1000000
01:00000D4A 11000000A1000001
01:00000D52 A1000001A1000001
01:00000D5A 9100001511000015
01:00000D62 9100001591000155
01:00000D6A 9100015591000145
01:00000D72 9100144591001444
01:00000D7A 8100144481013444
01:00000D82 8101344481013344
01:00000D8A 8113334481133334
01:00000D92 8123333471223333
01:00000D9A 7722333377222331
01:00000DA2 7722233177222231
01:00000DAA 7722223111111111
01:00000DB2 0000000000000111
01:00000DBA 0001188800177888
01:00000DC2 0177788816777788
01:00000DCA 1677778866677711
01:00000DD2 6667771166667177
01:00000DDA 6666717756666177
01:00000DE2 5666177755661677
01:00000DEA 5566167755516667
01:00000DF2 5551666755516666
01:00000DFA 5515666645155666
01:00000E02 4515561141555511
01:00000E0A 4155556641455556
01:00000E12 1445555614445555
01:00000E1A 1444111134441555
01:00000E22 3441155533411455
01:00000E2A 3311145511111111
01:00000E32 0000111110000010
01:00000E3A 9110001089910010
01:00000E42 8999101088999100
01:00000E4A 8899910088899910
01:00000E52 8889991018889910
01:00000E5A 1888999118888991
01:00000E62 7188899171888899
01:00000E6A 7188889977188889
01:00000E72 7718888977178888
01:00000E7A 7771888867717888
01:00000E82 6771788866771788
01:00000E8A 6677178866671778
01:00000E92 6667717866667177
01:00000E9A 1111117756666777
01:00000EA2 5666677755666677
01:00000EAA 5566667711111111
01:00000EB2 1010000100110011
01:00000EBA 0010110100100001
01:00000EC2 0010000100000000
01:00000ECA 0000000000000000
01:00000ED2 0000000000000000
01:00000EDA 0000000000000000
01:00000EE2 0000000010000000
01:00000EEA 1000000010000000
01:00000EF2 9100000091000000
01:00000EFA 9100000089100000
01:00000F02 8910000088100000
01:00000F0A 8891000088810000
01:00000F12 8881000088881000
01:00000F1A 8888100078881000
01:00000F22 7888810077888100
01:00000F2A 7788810011111100
                            	   303: 
                            	   304: sega_logo_sprite_palette:
                            	   305:     MDCOLOR 0,0,0
01:00000F32 0000            	     1M     dc.w ((0)<<7)|((0)<<4)|((0)<<1)
                            	   306:     MDCOLOR 7,7,7
01:00000F34 03FE            	     1M     dc.w ((7)<<7)|((7)<<4)|((7)<<1)
                            	   307:     MDCOLOR 7,6,0
01:00000F36 03E0            	     1M     dc.w ((7)<<7)|((6)<<4)|((0)<<1)
                            	   308:     MDCOLOR 7,5,0
01:00000F38 03D0            	     1M     dc.w ((7)<<7)|((5)<<4)|((0)<<1)
                            	   309:     MDCOLOR 7,4,0
01:00000F3A 03C0            	     1M     dc.w ((7)<<7)|((4)<<4)|((0)<<1)
                            	   310:     MDCOLOR 7,3,0
01:00000F3C 03B0            	     1M     dc.w ((7)<<7)|((3)<<4)|((0)<<1)
                            	   311:     MDCOLOR 7,2,0
01:00000F3E 03A0            	     1M     dc.w ((7)<<7)|((2)<<4)|((0)<<1)
                            	   312:     MDCOLOR 7,1,0
01:00000F40 0390            	     1M     dc.w ((7)<<7)|((1)<<4)|((0)<<1)
                            	   313:     MDCOLOR 7,0,0
01:00000F42 0380            	     1M     dc.w ((7)<<7)|((0)<<4)|((0)<<1)
                            	   314:     MDCOLOR 6,0,0
01:00000F44 0300            	     1M     dc.w ((6)<<7)|((0)<<4)|((0)<<1)
                            	   315:     MDCOLOR 5,0,0
01:00000F46 0280            	     1M     dc.w ((5)<<7)|((0)<<4)|((0)<<1)
                            	   316:     MDCOLOR 4,0,0
01:00000F48 0200            	     1M     dc.w ((4)<<7)|((0)<<4)|((0)<<1)
                            	   317:     MDCOLOR 3,0,0
01:00000F4A 0180            	     1M     dc.w ((3)<<7)|((0)<<4)|((0)<<1)
                            	   318:     MDCOLOR 0,0,0
01:00000F4C 0000            	     1M     dc.w ((0)<<7)|((0)<<4)|((0)<<1)
                            	   319:     MDCOLOR 0,0,0
01:00000F4E 0000            	     1M     dc.w ((0)<<7)|((0)<<4)|((0)<<1)
                            	   320:     MDCOLOR 0,0,0
01:00000F50 0000            	     1M     dc.w ((0)<<7)|((0)<<4)|((0)<<1)
                            	   321: 
                            	   322: sega_logo_sprite_table:  ; 12 sprites (X68000 ------XXXXXXXXXX,------YYYYYYYYYY,VH--CCCCSSSSSSSS,,X,
01:00000F52 00F8            	   323:     dw $00f8, $0057, $0000, $0003   ; s1 t0 p3
01:00000F54 0057
01:00000F56 0000
01:00000F58 0003
01:00000F5A 0108            	   324:     dw $0108, $0057, $0001, $0003   ; s1 t1 p3
01:00000F5C 0057
01:00000F5E 0001
01:00000F60 0003
01:00000F62 0118            	   325:     dw $0118, $0057, $0002, $0003   ; s1 t2 p3
01:00000F64 0057
01:00000F66 0002
01:00000F68 0003
01:00000F6A 0128            	   326:     dw $0128, $0057, $0003, $0003   ; s1 t3 p3
01:00000F6C 0057
01:00000F6E 0003
01:00000F70 0003
01:00000F72 0138            	   327:     dw $0138, $0057, $0004, $0003   ; s2 t4 p3
01:00000F74 0057
01:00000F76 0004
01:00000F78 0003
01:00000F7A 0148            	   328:     dw $0148, $0057, $0005, $0003   ; s2 t1 p3
01:00000F7C 0057
01:00000F7E 0005
01:00000F80 0003
01:00000F82 00F8            	   329:     dw $00f8, $0067, $0006, $0003   ; s2 t2 p3
01:00000F84 0067
01:00000F86 0006
01:00000F88 0003
01:00000F8A 0108            	   330:     dw $0108, $0067, $0007, $0003   ; s2 t3 p3
01:00000F8C 0067
01:00000F8E 0007
01:00000F90 0003
01:00000F92 0118            	   331:     dw $0118, $0067, $0008, $0003   ; s3 t4 p3
01:00000F94 0067
01:00000F96 0008
01:00000F98 0003
01:00000F9A 0128            	   332:     dw $0128, $0067, $0009, $0003   ; s3 t1 p3
01:00000F9C 0067
01:00000F9E 0009
01:00000FA0 0003
01:00000FA2 0138            	   333:     dw $0138, $0067, $000a, $0003   ; s3 t2 p3
01:00000FA4 0067
01:00000FA6 000A
01:00000FA8 0003
01:00000FAA 0148            	   334:     dw $0148, $0067, $000b, $0003   ; s3 t3 p3
01:00000FAC 0067
01:00000FAE 000B
01:00000FB0 0003
                            	   335: 
                            	   336: intro_credits_ts_p1:
01:00000FB2 0300FEF7FBDFBFEF	   337:     incbin  "inc/gfx/intro_credits/block39.bin"
01:00000FBA 7FFD18962F674265
01:00000FC2 EB2010AA01AA4508
01:00000FCA 55FFFBFAFD837E40
01:00000FD2 3FFF7FFDE180E000
01:00000FDA FF2090CAD1EAE570
01:00000FE2 D5FFFD8077D47A6C
01:00000FEA 1FF0F8FC1C830E07
01:00000FF2 FFF7C2FB7D1D810E
01:00000FFA 173780F5D4C3727C
01:00001002 3FFF13BAB7BFC1B6
01:0000100A BF35AA310039AA33
01:00001012 00FFF6C2FEF6AE03
01:0000101A 00FEB6D2BEB6BEB6
01:00001022 BEB6BEB6BEB6BEB6
01:0000102A BEB6BEB7BFB7BA13
01:00001032 80FFFE33AFF7FFFF
01:0000103A 37BF2010AA01A847
01:00001042 0D54200097217A49
01:0000104A 534B2010EAE1F2F5
01:00001052 20D520D96A66B5A9
01:0000105A A45F2099AA665589
01:00001062 44FF2099AA665589
01:0000106A 44FF02B6DA4AB804
01:00001072 8A81D02BEC2D622C
01:0000107A C1D738C200BDC683
01:00001082 AB242718F706B948
01:0000108A 77FF00FF0600E315
01:00001092 CCAC5B2BB000F03A
01:0000109A 4D148AE66A209228
01:000010A2 4210410058000309
01:000010AA 002210800400E19E
01:000010B2 712E0138C9201052
01:000010BA D10844DA54E02313
01:000010C2 AD00AA490A5821CF
01:000010CA 358CCA5738BEE440
01:000010D2 EC31C2E5489540EF
01:000010DA 6B36994D454A0031
01:000010E2 00333F810133C6DB
01:000010EA CECCC94F8060FD92
01:000010F2 4D23F5F8C922B283
01:000010FA 316AAAA5E84F57AA
01:00001102 616274A853FAF9AD
01:0000110A 1C0A32DBA59F8F40
01:00001112 FE3D050F9962A5F2
01:0000111A 5448475B6600F0AA
01:00001122 550CCAA66A018202
01:0000112A 0103830204081883
01:00001132 D0702937D8FA2A39
01:0000113A 201878CC08302017
01:00001142 B410AF035D45449C
01:0000114A 88816CF5A01542C3
01:00001152 9DA2BC00339B4941
01:0000115A F6B06F7F7264201F
01:00001162 C242BDFF51A400FF
01:0000116A D744B2FD449500FF
01:00001172 506CD12F952208FE
01:0000117A 0FFC8561BE850816
01:00001182 5AB54001EE6FB7B3
01:0000118A 72D23368ACF59594
01:00001192 8335EC0203DCD956
01:0000119A 1A662AFCEE6A3DE0
01:000011A2 EE0562A7EF9BB244
01:000011AA 2876DDDC641CF8C8
01:000011B2 98C00123020108C0
01:000011BA 00DF2010AB01AA45
01:000011C2 0854B8885C16A348
01:000011CA 14A2EBDDC4298655
01:000011D2 D75A36D72C239093
01:000011DA 4775E06F3520DFDB
01:000011E2 6D24DBFC4B83FF6D
01:000011EA B6926D817214E98A
01:000011F2 9B3B98E715D36F6C
01:000011FA 0B1B915983D1D9A6
01:00001202 B7FFB18FB2594C2B
01:0000120A BF453B6AA8B1B3B6
01:00001212 73EB877F0DE7F435
01:0000121A 65605A4022BCFE6A
01:00001222 667A669EBA55AB56
01:0000122A A850B061F4F22E6E
01:00001232 62DFDE82C1030002
01:0000123A 030108002112A900
01:00001242 AA45FF08556BD5A2
01:0000124A 79DB0D8A0A2AA994
01:00001252 81CA252815E04A50
01:0000125A 052000FF55FF6250
01:00001262 4F3FB3A944FE4B85
01:0000126A FAFEBE2F33C64F55
01:00001272 5AB58889986ED768
01:0000127A B3735E3216C7F11E
01:00001282 DECABAC46A28350B
01:0000128A B4C54BB54E023AEB
01:00001292 83AB57CB67E913BD
01:0000129A 79615F5E6A6061DF
01:000012A2 E20EB42D9A75E897
01:000012AA A75FBC55A445BE55
01:000012B2 FE5DB455A44DBE55
01:000012BA 0107040203010800
01:000012C2 FF2010AB01AA4509
01:000012CA 5589685A31F29510
01:000012D2 15109052893A79C4
01:000012DA 3C84594B902FC40B
01:000012E2 5523DF63B5E44B08
01:000012EA 5FD79D4ECB55AAE5
01:000012F2 4247A1D269B5DD74
01:000012FA 85E2FAAA562E16FA
01:00001302 FEFF649E68266B85
01:0000130A 6B254D4572D96AFD
01:00001312 95B75040B73B599F
01:0000131A 11FA4BDC6F6B246F
01:00001322 6B94305FB28D69D7
01:0000132A 957500F04CBAE6FA
01:00001332 F8F73307AB08A74E
01:0000133A 0B55D0E0FA21CAD5
01:00001342 6821C32011AB01C3
01:0000134A AA45095583F07221
01:00001352 D3C7FD1AF74048DC
01:0000135A 49B483847B2010C8
01:00001362 AA01AA4508552D03
01:0000136A FF83B56D0F59DF39
01:00001372 FD0E7C1F750E7C78
01:0000137A 07B858E757895E45
01:00001382 B8AD96326D247603
01:0000138A 02B2D15244614183
01:00001392 6CDA3692ECFF5501
01:0000139A 3E16A45AA54DD23C
01:000013A2 C8588FC14A84CB54
01:000013AA D49368C7D5272D60
01:000013B2 2AF836EAF8ED7839
01:000013BA 2A16AD0EB355174A
01:000013C2 6D2C83D37B2D72C0
01:000013CA DAFF4B7FAB942205
01:000013D2 120786E152B03356
01:000013DA 0DD401E0BE01F04F
01:000013E2 BE2FC85FCA85AA49
01:000013EA 8C963C16BB15B255
01:000013F2 1051EC3026F9EA45
01:000013FA A8452013A80CFD40
01:00001402 3C5820DF70E7A967
01:0000140A 2FE9C100FCC2063A
01:00001412 5E8356262400FF12
01:0000141A 1440490255A0904A
01:00001422 516AC508552010AA
01:0000142A 01AA45001A200156
01:00001432 A9FD4C3CFB20508A
01:0000143A 61EAA58A572010AA
01:00001442 01AA05C89519BA58
01:0000144A 18193C25520C292B
01:00001452 102FC40B550CFCCE
01:0000145A 19ECAA896C29BF3F
01:00001462 D5BF52FFD7BFA1CE
01:0000146A 91A681A15294D42F
01:00001472 12B00FBC55125E83
01:0000147A E02AE1EAD5A59065
01:00001482 301FA807AF4A0957
01:0000148A 67A023C7CFCD4C46
01:00001492 1A02FC035E5402F7
01:0000149A A050AA012A458853
01:000014A2 2014AB01AB450855
01:000014AA 6DE55A2E329D9E79
01:000014B2 ABFCDC8A8B99EF56
01:000014BA 2F9BF1B7D862BBF9
01:000014C2 E0C0EA1162B55035
01:000014CA 2010AA01AA410456
01:000014D2 FF2714AD0BA8461D
01:000014DA 52CAC97C6D534FBB
01:000014E2 95EFBB9A603FC520
01:000014EA BD341328842B4508
01:000014F2 5520106A812A4488
01:000014FA 522010AA01AA4508
01:00001502 152F1BB711AF5E3E
01:0000150A 6F39EEB97662B049
01:00001512 F6FFFE3056DADB91
01:0000151A 926E25110FEB3E3F
01:00001522 656A00E02A418AE5
01:0000152A 28D5D490EA00A946
01:00001532 0955A110A901A3DD
01:0000153A 2EE19670EA618AE5
01:00001542 88D5D030AA01AA44
01:0000154A 09552912A6284091
01:00001552 2245DB2A24927DCF
01:0000155A AC8A595E93789E67
01:00001562 D976ADD473AC46D3
01:0000156A B96EF6201062ACDC
01:00001572 15642AC904093245
01:0000157A AA55A8512010A00E
01:00001582 B77E1BAE261ABA59
01:0000158A DA45353A1F835919
01:00001592 E4FFFF827FFD829A
01:0000159A 92423CF61AAA17AD
01:000015A2 02A9470850A050AA
01:000015AA 812A8548257929B0
01:000015B2 A0D829A94B3810AA
01:000015BA 01922D22432010AA
01:000015C2 01AA4508542214A9
01:000015CA 1294284091820A17
01:000015D2 2A5C24C0A8C055FF
01:000015DA 36CDB35CAB248A25
01:000015E2 CBC622D937CD33EF
01:000015EA 4190AA81AA450855
01:000015F2 CC3ABA04AA450855
01:000015FA 261861871A250851
01:00001602 B99E2A01AA450855
01:0000160A 5F5DA51CAE571648
01:00001612 FFC14ECB6C52CA14
01:0000161A FFE88C6AC1329538
01:00001622 F5234280A7ADA599
01:0000162A 4214884A292A2908
01:00001632 092010A801A94202
01:0000163A 5444848E111A2548
01:00001642 542111A204891314
01:0000164A 2C2255A60A94AC51
01:00001652 87A00E318C3EEF27
01:0000165A A5FF8152A314A947
01:00001662 0F585AA4CAC693E3
01:0000166A 9E9420102AC17259
01:00001672 24D62010AA01AA41
01:0000167A 0C555E516E81BC63
01:00001682 1C1720C438C83A95
01:0000168A 6AA72610A902A50A
01:00001692 728347A32D2269C6
01:0000169A 0957CBE830AAF98A
01:000016A2 38FFCB2210AD02CC
01:000016AA 2CD009D748801A21
01:000016B2 6AC5085504830913
01:000016BA 1625E12854A010A1
01:000016C2 008A050A1052A450
01:000016CA 93451863D61D34DA
01:000016D2 49ABB8C01FD19E4C
01:000016DA E10E353887FF2F1F
01:000016E2 B31FB7530E57A3D0
01:000016EA 4A414A05C8956DAB
01:000016F2 CB4EAD520A542856
01:000016FA F0C7DA250855E01C
01:00001702 C338AF4508156010
01:0000170A 8A710CE51C550C70
01:00001712 9F60C07FE01E2201
01:0000171A FA0902E00718D336
01:00001722 10E708B05F08E120
01:0000172A 00F80701F90F5520
01:00001732 10AA01D429430B53
01:0000173A 50B0E041820C137D
01:00001742 23458C610E758855
01:0000174A 308307E0BC47FF08
01:00001752 55E0100AE11C8370
01:0000175A 5E701EAB012A8570
01:00001762 0E300F8F23A75C0B
01:0000176A 55A000BA79E29968
01:00001772 5D2011A200A8450A
01:0000177A 552010AA01AA8588
01:00001782 55C03807E0BC47A8
01:0000178A 0520100AE12AA5FF
01:00001792 685500FEAA02AA46
01:0000179A 08FE00FF2A81AA45
01:000017A2 885B1C03E01CAB45
01:000017AA 88556080700C8370
01:000017B2 0C5620100AE17CAF
01:000017BA 5B25E01FAF012A85
01:000017C2 70CE208078C7B846
01:000017CA 091520100A807807
01:000017D2 C8C07021100A0002
01:000017DA 8078C807C138AF01
01:000017E2 0A012085FF2010AA
01:000017EA 0FAA440B562048DA
01:000017F2 699249FCFD0209AD
01:000017FA 4BA4491F5F0204AA
01:00001802 78AA11E8B5200798
01:0000180A 20A74D5805C231C8
01:00001812 440AC609552010AA
01:0000181A 00AB47095708007C
01:00001822 83E0F8ECFEFF0864
01:0000182A D260889343553E15
01:00001832 A361B09C4C7B2000
01:0000183A 2A216A45C8950510
01:00001842 AA01AA45085549B6
01:0000184A AA01AA4508555090
01:00001852 AA01AA4508552003
01:0000185A AC109122040520C0
01:00001862 320984651252FF21
01:0000186A 10A903AA410D5A00
01:00001872 F8FAF9A241588900
01:0000187A 0FAF4FA2410D4842
01:00001882 84CAE0AA4158AD00
01:0000188A 10C847A058075520
01:00001892 003CC3003CCB5521
01:0000189A 11AB02AA4508551F
01:000018A2 EF534A040BC588D7
01:000018AA 49C5C981ABD0CF7E
01:000018B2 2010AA018A75903F
01:000018BA 2211A71BBD759A0D
01:000018C2 D71FE34143BE4508
01:000018CA 55C0900A80AA4509
01:000018D2 55003F40808C160A
01:000018DA 0623A6B95ACA5558
01:000018E2 553212A023804588
01:000018EA 10FF2F16AD1EAF4D
01:000018F2 19B5F868BAED5CF6
01:000018FA E5340F0BAE5B9D37
01:00001902 5396FA34DABC7AD9
01:0000190A CC562010AA01AA45
01:00001912 08552010AA01AA45
01:0000191A 38DD2110AA01AB47
01:00001922 0E5809F69FFCF4DF
01:0000192A FAEDFFFDFF7B7AFB
01:00001932 9B3AEEF8D818F8FF
01:0000193A 15F8D408102AC1AA
01:00001942 411E412010AA01AA
01:0000194A 4418E0200072890A
01:00001952 0978D5E012A40891
01:0000195A 43240012742891A2
01:00001962 4508942E518014AC
01:0000196A 400408FF2213A801
01:00001972 AA430B52E8F80A51
01:0000197A AAF958490B0FA845
01:00001982 AA4F0D49A2E40A40
01:0000198A AAE16825221F6FE5
01:00001992 A7BD7FF7E8C86AC9
01:0000199A 2AC46BBC311BA606
01:000019A2 8B31C103BB377FD7
01:000019AA 9CB66153C77FF7EB
01:000019B2 E1673FF9C1C72112
01:000019BA 24089061B25C231E
01:000019C2 6182C13986830102
01:000019CA 0EF0E3A31C628420
01:000019D2 10AA01CA25000708
01:000019DA 010010EB49BEDB01
01:000019E2 3608508355A850F0
01:000019EA 0206F9AA452855FF
01:000019F2 2212AB02AA420A53
01:000019FA 942C9C02564E12FF
01:00001A02 141A9C20B539247F
01:00001A0A A224EA202A2128E5
01:00001A12 4E32AB01AA450855
01:00001A1A 9474AB01AA450854
01:00001A22 0418EA01AA450815
01:00001A2A 2E1BAB1AB1553262
01:00001A32 FF077BF9CB762FFE
01:00001A3A E228168B8945C9A3
01:00001A42 9200186E812A4508
01:00001A4A D5010E3AC0A9450B
01:00001A52 54EE3659CC6B34A9
01:00001A5A CBC949B6FF007FFE
01:00001A62 DB682AEDB96B16CA
01:00001A6A E900402A814A55E8
01:00001A72 A5FF2714AB05AB47
01:00001A7A 0C572E18260A264E
01:00001A82 89973A0CB228B239
01:00001A8A 487472146A506A71
01:00001A92 98F5D32B0B910EA4
01:00001A9A 00922116A8109123
01:00001AA2 2225E01804C2A250
01:00001AAA 11592618BF27B95F
01:00001AB2 1751D1DF9D9F9D80
01:00001ABA 40FFA05F7C635F7D
01:00001AC2 E0509040D0D12A01
01:00001ACA 2A8588552211AF08
01:00001AD2 A747085F56D7AAE7
01:00001ADA 87E6E4B7D6C23EFF
01:00001AE2 00338155F4C25BFB
01:00001AEA 2A83AB8B20C0C5F2
01:00001AF2 11F2F510F58220DC
01:00001AFA AA83D46A5D20CE10
01:00001B02 AA01A8420A540204
01:00001B0A AAC08AA128158302
01:00001B12 9D2A95DA152B5D30
01:00001B1A 2ED1202C565E1404
01:00001B22 000281A42520D229
01:00001B2A 18A810B0480E5583
01:00001B32 312021A0E260105F
01:00001B3A 9FC03FB8FFD15CB6
01:00001B42 0858A4045AA7A2A3
01:00001B4A 40202A71DAB5E241
01:00001B52 2718AF07A84F0952
01:00001B5A 87C4C2C7AAC9EF56
01:00001B62 807FDF00FF56BFFF
01:00001B6A 83898829F9FF5AFA
01:00001B72 55F010F2F112F5C8
01:00001B7A 257E328E03AD4609
01:00001B82 552412AC1BB64D18
01:00001B8A B512249A6CB6590C
01:00001B92 563F26B860DA3148
01:00001B9A D51350CA45A2510C
01:00001BA2 573118A8042AC530
01:00001BAA 0D20906A1108FF85
01:00001BB2 625220102A012A45
01:00001BBA 08552E11AA01AA45
01:00001BC2 0855A062B20AA848
01:00001BCA 08542011AB06AB47
01:00001BD2 095524C773D19211
01:00001BDA 2825D2A9346BCC5F
01:00001BE2 320A5AB67F00FFFE
01:00001BEA DB49E3CA166B99C4
01:00001BF2 ED6E2880F0C56A41
01:00001BFA AA450855F94020AA
01:00001C02 A1AAA5A8A5210E91
01:00001C0A 21C5CD8596109052
01:00001C12 5152559095310C83
01:00001C1A 00A8450855C03807
01:00001C22 C0300C03502E110A
01:00001C2A E11C0300C00080F0
01:00001C32 0C2B856825780723
01:00001C3A 80601CC457208478
01:00001C42 068202040583206A
01:00001C4A 41AAD54508552959
01:00001C52 AC944C2412892010
01:00001C5A 8881268E3B5B20C8
01:00001C62 3681DB4B83692C04
01:00001C6A D8FF6B6D652C2920
01:00001C72 1020014AE5B83982
01:00001C7A 808A818245886590
01:00001C82 4AC420B14F085500
01:00001C8A 202A41AA450855B0
01:00001C92 1C8B01AA45085520
01:00001C9A 504A81AA450855E4
01:00001CA2 18AA01AA45085559
01:00001CAA 58D7FF4AC54F464D
01:00001CB2 DA8AFA52E2D8E05A
01:00001CBA FF49007FD56A3FB5
01:00001CC2 FF2481FF56AAFD54
01:00001CCA C0D04A414A8588D5
01:00001CD2 4461359E6A278968
01:00001CDA ED369BCD6A34A8D1
01:00001CE2 94CF70800F39D62C
01:00001CEA D9E61DC903E098D6
01:00001CF2 E96EDAB366ACCA59
01:00001CFA 2B16A8002A91A2D5
01:00001D02 2825FF2010AA01AA
01:00001D0A 4508552818AC02AB
01:00001D12 450855A0504A212A
01:00001D1A 250804978FA289D0
01:00001D22 3F775C72F1155003
01:00001D2A FFEE1A20102A01AA
01:00001D32 4508554F4AB57FD4
01:00001D3A A190876AFF807FFF
01:00001D42 91847EFFABFF01FE
01:00001D4A FF1521FE20102A01
01:00001D52 2A4508552E57811C
01:00001D5A BF63583F32A3E6E5
01:00001D62 664BCCCFCA6F5970
01:00001D6A BFFF00FFCAED391D
01:00001D72 FAFF00FF948B4F4A
01:00001D7A 49A766E7E8E01271
01:00001D82 F29530F9FF2214A0
01:00001D8A 08B05010503EB39E
01:00001D92 B862C8A41200102A
01:00001D9A 81AA45085407F803
01:00001DA2 58010A2009001234
01:00001DAA 78819D6804225100
01:00001DB2 260C13E000CA969E
01:00001DBA 98979B9697FEBA96
01:00001DC2 DD9BB7BE9ACC5F3D
01:00001DCA B9DB99BD7B692010
01:00001DD2 2A012ACC45085547
01:00001DDA 40BF7FC1473F79C3
01:00001DE2 C58388848187CA84
01:00001DEA D5FFEAAA2AD5FF00
01:00001DF2 57FB83A9A857FFC2
01:00001DFA 00A766836766A5E7
01:00001E02 C866C800FAF90AC1
01:00001E0A F835FF40BED54BA6
01:00001E12 7D53572010003DCA
01:00001E1A B5304520009A29BA
01:00001E22 692879081001FAE8
01:00001E2A 5D3C6304FA2A89DE
01:00001E32 79D8D10A8956002A
01:00001E3A 90045284839A878F
01:00001E42 8988778DA79440BF
01:00001E4A 7D5756C1D9F4C191
01:00001E52 0103FAEA20D6102A
01:00001E5A 01AA450855231FBC
01:00001E62 11B74E38594B4CC3
01:00001E6A C6A522D1A8337059
01:00001E72 6FEA8E2CDAFFFB1D
01:00001E7A 39EDCBAB96E563C6
01:00001E82 C3CF841E2B90F072
01:00001E8A 31EAE52835B5AFDB
01:00001E92 6FF2AEB3AF3070D2
01:00001E9A 21FA4508558328AA
01:00001EA2 3144FF5D3C651A29
01:00001EAA B721BF4422573CE8
01:00001EB2 B6E974F574F9FAA8
01:00001EBA 5EFE9B4501F32010
01:00001EC2 AA012A4508555355
01:00001ECA E35AC54F4B4AEA4A
01:00001ED2 2EBE9A7AF8A82312
01:00001EDA AA03AA4509550F16
01:00001EE2 AA01ABD405788634
01:00001EEA 6ACD9F37ED497B35
01:00001EF2 0F8070CFFFBB7B58
01:00001EFA E0D5031DE6FB7B6D
01:00001F02 59AC66B3DA6F68BC
01:00001F0A E090AA01AA413CC3
01:00001F12 FF9F5BB63FCB5245
01:00001F1A 42A050CA812A8588
01:00001F22 955448A47DDC2D38
01:00001F2A 690F1FAA0BA64724
01:00001F32 54E824DAF95A2958
01:00001F3A 8939B97D5DFB78FB
01:00001F42 E920102A012A4508
01:00001F4A 554A35FFC4A99087
01:00001F52 DFCEA856FEAB0551
01:00001F5A F5F82010AA012A45
01:00001F62 08CE550170AC02AA
01:00001F6A 4509552A86495023
01:00001F72 2083245B49C9D136
01:00001F7A 2A8588956D2423D8
01:00001F82 A9420C54A942A408
01:00001F8A 80839190001CD56A
01:00001F92 82AB4509554540BF
01:00001F9A 71D365497940D0AA
01:00001FA2 C14A4528E58328AA
01:00001FAA 29AAD569205D0918
01:00001FB2 A70EAA4A305F2088
01:00001FBA F239AA69407D2DE9
01:00001FC2 EA83E96A29F7E820
01:00001FCA 102A012A450855A9
01:00001FD2 8BA877FF99DDB89A
01:00001FDA D9A877FF9DDDA920
01:00001FE2 102A012A45085521
01:00001FEA 902880A8440A5500
01:00001FF2 8308001011D10A55
01:00001FFA A814226346453855
01:00002002 2454928ACA413855
01:0000200A 8351492824CA04AA
01:00002012 5520162C824B4588
01:0000201A 55C520120411316F
01:00002022 232010AAFF01AA41
01:0000202A 07582010AA003FC9
01:00002032 02282010A8032D52
01:0000203A 29612000FE255002
01:00002042 7CFF20102A806592
01:0000204A 4A2A2010AA01F8A7
01:00002052 11042010AA01550A
01:0000205A C032F807AA012A45
01:00002062 085584C082FF8180
01:0000206A 81847F897EA2013F
01:00002072 415F1624934A61D2
01:0000207A 492452A853AC51A4
01:00002082 428986FE4D114A01
01:0000208A 7C83382A956A550A
01:00002092 55069A2992A40D97
01:0000209A 26499520102A012A
01:000020A2 4204562540A3D50C
01:000020AA 8B15A8541FE01FE5
01:000020B2 13488F37D3C44D23
01:000020BA 1433D49326D59AF5
01:000020C2 EBDCCBACDB9744B5
01:000020CA AAB29AA5ADF00EF1
01:000020D2 0E0100E08398448A
01:000020DA 41FFA45228140A11
01:000020E2 AA01AA8542D5003F
01:000020EA 404F9788B1B38A32
01:000020F2 30D5E60DFB7D29C4
01:000020FA 32CDB38D72D145AA
01:00002102 543DDBA6CE16CFFC
01:0000210A FE033B5D2D4145BA
01:00002112 545953CA66A12946
01:0000211A 9A67C19C63C1BF2E
01:00002122 FF280A1019032112
01:0000212A 0768A3D347A68D00
01:00002132 56FDDAAD86D365B8
01:0000213A 3649A25D2DB475EA
01:00002142 67F4AAD7493893ED
01:0000214A CD564E7CB9B3DD9E
01:00002152 595E5562CB962D78
01:0000215A C92C0A96C5CB6368
01:00002162 D3C42A61125132C5
01:0000216A 099A899297B783B6
01:00002172 B296B6FFA10B1E21
01:0000217A 49024E5497B69414
01:00002182 2A26420DF22EA75B
01:0000218A 19AC0A554122120D
01:00002192 81723CCF8F7AF8F5
01:0000219A 5062A945A6A5AA92
01:000021A2 B34805E413420451
01:000021AA 074E1C0B01A12BE2
01:000021B2 FE964BFEDBE1FF69
01:000021BA 77AE6B334BEE997F
01:000021C2 93FF517C6BAC7A93
01:000021CA EFC55C4DBBE723FC
01:000021D2 E3DBFFAF7BFB07FF
01:000021DA 19DBE96A59291113
01:000021E2 300FFF85887F9285
01:000021EA 4C45ECC1CCC58392
01:000021F2 96B292CB96926D4C
01:000021FA 088950521290CF93
01:00002202 8326114AC5E19075
01:0000220A 0A91C560B15CAB54
01:00002212 78837D50250801FF
01:0000221A A152064D1A75AA55
01:00002222 B28ADB41AD65215C
01:0000222A C47F38E54FDB8399
01:00002232 8EFA05D8B4676125
01:0000223A 1CC051A646840488
01:00002242 5027672E4CCCCD8C
01:0000224A 8A71FF00FE8302FC
01:00002252 00FFFFDAD5CDED5C
01:0000225A 46AA1D90A88453C5
01:00002262 2B54C87FC0B69BAB
01:0000226A 997B06FE30D9C865
01:00002272 EC25E480FC8A02FA
01:0000227A 0EE6D54814042D04
01:00002282 1104FD329E4AE630
01:0000228A 6CC3AE91E2C40F19
01:00002292 7597CAD12A9ACA6A
01:0000229A B8C86ADA04494346
01:000022A2 4D034E571254D1D4
01:000022AA 540191615393AED0
01:000022B2 24A048C080FF2400
01:000022BA 8D2433420008C200
01:000022C2 010033248210C001
01:000022CA 2033900440C00220
01:000022D2 33A411882433C802
01:000022DA 24C0802033954089
01:000022E2 C01223FE9968FD16
01:000022EA 492A85144532B1A8
01:000022F2 978F40BF7D00F80C
01:000022FA E5D4B534B57B5B9A
01:00002302 EA7A0AFA585E6452
01:0000230A 4F5C411E55C80ACA
01:00002312 8924C2075503104B
01:0000231A 016885889524489A
01:00002322 216AC50825FFC581
01:0000232A 917E29460945C030
01:00002332 8C63D83E8771A090
01:0000233A CA24D73C9A710007
01:00002342 38C31F7CE18F00D7
01:0000234A 48C7CF48C7D708C0
01:00002352 3886F17D0EE30B12
01:0000235A A649D678333F071B
01:00002362 638C37F9C73DC724
01:0000236A 0C20FD2A452045C7
01:00002372 0A05F1092B89A95A
01:0000237A 87B4B590B1FFB4B5
01:00002382 28182F01AE0A8A5A
01:0000238A 0010EA00C9444955
01:00002392 2515AC05AC430F55
01:0000239A A090AA81AA058895
01:000023A2 20102A00A9440855
01:000023AA 08532C1228215042
01:000023B2 0FFC94450C012404
01:000023BA 230E4C4D3B1BDC56
01:000023C2 663E70CF9F3873C6
01:000023CA 9948CEC74908C700
01:000023D2 01F91CC6F3390DC6
01:000023DA 3689C874DD65B4B0
01:000023E2 F4CCC07FA28880A5
01:000023EA 808120946A912A09
01:000023F2 540549D82A692968
01:000023FA 2AE7B48394B5B4B5
01:00002402 E9B46D2A1AAA0AAA
01:0000240A 4A0ADA40504A414A
01:00002412 4548132414A40040
01:0000241A A0A3DDA0908A6114
01:00002422 1A9A772010AA01AA
01:0000242A 450855CF00010306
01:00002432 0C0D0B0738DFCFFD
01:0000243A FE23BF5D2380C1C2
01:00002442 FF454AD5AB98BAA9
01:0000244A 1A05F088DDAC94AD
01:00002452 44BB8D95C435F544
01:0000245A B4441F6220102A00
01:00002462 A84409552010A906
01:0000246A 992753520078CC25
01:00002472 AA1244D32010AA01
01:0000247A AA450895001F758A
01:00002482 E4FF80B28800FFFE
01:0000248A FCBD8C7E002010CA
01:00002492 21529530552010AA
01:0000249A 01AB420C56003FCB
01:000024A2 1F472C855700F8CC
01:000024AA F5F66A22F68E17D2
01:000024B2 8E47CB89442F4155
01:000024BA 22522D81F26AA5AA
01:000024C2 74E9FFF6535F2862
01:000024CA B890D5681245A594
01:000024D2 AA02037D826D4BCB
01:000024DA B3A7673D914DA010
01:000024E2 2A0114B2145F212B
01:000024EA C049A75F0756C44B
01:000024F2 65D0F5E49E78A0D0
01:000024FA 0A71DAA5C8457F3F
01:00002502 B20DFFC064C13F55
01:0000250A 334BB7FEE284FF57
01:00002512 303BAD1D74C538F3
01:0000251A 24133F99D7AF4C6B
01:00002522 833F96323D9F917F
01:0000252A 90FCDA48B6FE16FF
01:00002532 FF2311A081AAC548
01:0000253A 553CCF3801AA411C
01:00002542 23BD76DA5BAC5B0A
01:0000254A F90A35E106833D55
01:00002552 6DB22A7AC19F9E42
01:0000255A 3AA358CF810279A9
01:00002562 992010AA00A94609
01:0000256A 53211682799661DA
01:00002572 84D3A79E69A64D68
01:0000257A 958D3888F2A1224C
01:00002582 B4AD2010AA01D3C6
01:0000258A B52E852211AB01AA
01:00002592 458895C67967DCF1
01:0000259A 867FFB83B5DB4AF6
01:000025A2 CAA568D5C0504800
01:000025AA 29C20C5627C65EF2
01:000025B2 D1062540A1AA95D7
01:000025BA D4ABE7CD55AAEAC2
01:000025C2 C763BF8396D6E6A4
01:000025CA FF5643874555C54D
01:000025D2 C5554D3D3A5A965A
01:000025DA 2A36D69689A99BA9
01:000025E2 8B899979266887A1
01:000025EA 5A01D32E847AC6B2
01:000025F2 78CEB4664A952B46
01:000025FA B269C85950A0D224
01:00002602 FD82AC514231AB06
01:0000260A 29D24B0E59A090AA
01:00002612 81AA858895B3AFAD
01:0000261A 59D70E2C4BD32010
01:00002622 AA018A25D0152715
01:0000262A AE07AD460F5518A0
01:00002632 C04082C040C0FF26
01:0000263A 3E6ABAB65D0AE77F
01:00002642 BA66224A3967FFCE
01:0000264A B27E017E00FFCF1D
01:00002652 E59F7DE2CA8A9286
01:0000265A 4E3A8BC77D0954F1
01:00002662 8D75FD8B2555B19D
01:0000266A 73AC48A5530F5492
01:00002672 4E9D73EE9F77FDDB
01:0000267A B424A892E53A63CF
01:00002682 26102A01AA050815
01:0000268A 2A15BE1DB85A0859
01:00002692 80908A81DCAA8588
01:0000269A 973F18AC03AA4500
01:000026A2 FFE00834C51AE500
01:000026AA FF2717AD05AC450C
01:000026B2 EDC08740C04140FF
01:000026BA 01F83FF1FFF06EF1
01:000026C2 7D97FF33FF38C639
01:000026CA 74DFB4D6DF1FFB3F
01:000026D2 6F25664C41A35E2A
01:000026DA 96A35C48192A4555
01:000026E2 D59DD16B298A7409
01:000026EA 532512AA01AA4508
01:000026F2 55BAF44E78677E50
01:000026FA D65595AA1083576C
01:00002702 1AC780D0AA012A85
01:0000270A 8845281AA807AE4A
01:00002712 D70A5ABF1FBC9EAE
01:0000271A 4E3AB4FF753071FD
01:00002722 7FDEBBFFBA080F9F
01:0000272A BF80DE83F475F3E3
01:00002732 C565196580400080
01:0000273A C08440FFE4152D85
01:00002742 82FC0181DE8E468E
01:0000274A D46C39C7A7922D07
01:00002752 83FD0602CA6432D9
01:0000275A CC8E8D8150102845
01:00002762 AA442993274D9837
01:0000276A 66C343422010AA01
01:00002772 AA4409562926B10E
01:0000277A A602C561C8EC18B3
01:00002782 C60C99702300C8A4
01:0000278A 0863608B83142A98
01:00002792 834A2AA82AC90874
01:0000279A 3295743291774BBA
01:000027A2 835D4DEF84C2C329
01:000027AA 1E833CB4B661E3C6
01:000027B2 A95D99E5DD5BA5DD
01:000027BA 4540514A42444140
01:000027C2 107899AD84BAAA9E
01:000027CA BCFE7DC7FE7C017C
01:000027D2 FA3C0783057545B5
01:000027DA D0F578F812111205
01:000027E2 D0754428BA01AA45
01:000027EA 0855833EA020A0FF
01:000027F2 60275909162D5A19
01:000027FA EF867195480A5DB4
01:00002802 62EAC1A07D1E42C8
01:0000280A 7F085503D3C0030A
01:00002812 DD08550A3A6A08A9
01:0000281A 450D553ADB9BB53D
01:00002822 1C127AB4B5AA564A
01:0000282A A6925A63B1B2E662
01:00002832 C3CC1C3979C36555
01:0000283A 15B283923E0054C5
01:00002842 4A410A050815CDDF
01:0000284A EF55FE55BAF7AAFF
01:00002852 FBFFFDFFFE377FFF
01:0000285A 9FC0FE373F8FC5D0
01:00002862 CEE5EAF7D0FFFDFF
01:0000286A 77ABFAD3DFF3F9FC
01:00002872 FD0032F7FB1C01EF
01:0000287A 3BF5AB72C2433FFF
01:00002882 81C0CF80C881C9FF
01:0000288A 21FF203421FF2030
01:00002892 8509F9800130B8C9
01:0000289A 85C8CF80C0348101
01:000028A2 F9800983C9DFEF55
01:000028AA EEFE54BFF7AF9FE0
01:000028B2 5F3D6F7D677D9F0F
01:000028BA E5EEF4F2F7D206D9
01:000028C2 FBFFFDECE4FF4699
01:000028CA BBFFDDDC44FF4699
01:000028D2 BBFFDDDC44FF4AB6
01:000028DA 03BE5EE2CBE7D4FB
01:000028E2 FF3FFBFFD3FA42BD
01:000028EA FF83BBBF7FB8C3C6
01:000028F2 BFFF7F370E1CEBEB
01:000028FA F6FFBFDBEFFF0FF7
01:00002902 C9B4EDF6FAF6DF6D
01:0000290A D7BDEFB6E3BBF8FF
01:00002912 F7FFDDEF7FFA0FE0
01:0000291A FEFFDFC73BFACF97
01:00002922 55D6FBFD00DFDFEB
01:0000292A 4FF75FBDFFAD9FFF
01:00002932 5FEFBA6F3FBECB53
01:0000293A EDFACCEAD7A87FFF
01:00002942 FBFFFDFCFDFE61C0
01:0000294A E73BFEEFEDE0EFE0
01:00002952 63FC6EB3DDFAFFF9
01:0000295A F757F7753BBBBD4F
01:00002962 DFFDF675F2F85FFE
01:0000296A FF7F9F7FF7D9BC32
01:00002972 7FFF1C33FEFBDDCD
01:0000297A DBDFC7DBFF0FF759
01:00002982 ACF5F6F8F4FD61C1
01:0000298A FBFF06FBFD33FBFA
01:00002992 FBC1DFFB37CDFF5E
01:0000299A CCDA7FB7FDEF7DDD
01:000029A2 CDFA6CFCED7C42C2
01:000029AA F7E3FD3BFE79BFC5
01:000029B2 CFFFEDFBFF3F33BD
01:000029BA FFAEC05B33F4F7B7
01:000029C2 C2FEBB6A33DCAD31
01:000029CA DADF6ADDF7FE0FFC
01:000029D2 FD7D9DBA71A67EEF
01:000029DA C3FFEE6FFFDA7FDF
01:000029E2 FFEFA7F780E71FF4
01:000029EA FAF7D0FF77FEF8F4
01:000029F2 DDFEB4FCC0FE1F6A
01:000029FA E7EFFFFE31F788FD
01:00002A02 84FB3BFDFEF7C0FF
01:00002A0A D5DFEE55FF54BAF7
01:00002A12 AAFBDFFFBEE7FB75
01:00002A1A F2E8FCFDA89E5533
01:00002A22 3FCFE7C1EFF007BA
01:00002A2A CFFA31DB33FBFCB7
01:00002A32 C27FFE6D33ED8DF3
01:00002A3A C2F7EF8E13AEEFF7
01:00002A42 C2F37FFF0AF75F0E
01:00002A4A CFE633EFDF7EC67F
01:00002A52 F35F277BBBCF87DF
01:00002A5A 7FEFE7C06F3087FD
01:00002A62 BB9F83D2FEBDFEB4
01:00002A6A B8A4F8A055AB57AF
01:00002A72 5FBF5FBFFDFEEF01
01:00002A7A DE01FD0BFFFDFEDE
01:00002A82 F7FFDDEF55FE54BA
01:00002A8A F7AAEFFFEF7FFF7D
01:00002A92 F3733FBD95BED5EA
01:00002A9A C7F2FFB5AFFADF33
01:00002AA2 AAFFFD0C33EEEFFE
01:00002AAA C2B77DFB33EFFFD6
01:00002AB2 D0CFDAD59ABFFEAF
01:00002ABA 7ECFAF5F9FAFC7E3
01:00002AC2 DFFF02FCBC83EE5D
01:00002ACA 4F36C5FB7DBEC7BA
01:00002AD2 ED83CD757BBFC15F
01:00002ADA BD139F9DB5DBBFBE
01:00002AE2 FFDD7349D66D9A70
01:00002AEA 877FBF5DBC7DFC7D
01:00002AF2 AAFFBC5DBC7DFC7D
01:00002AFA AAFD37FDFEF7C0FF
01:00002B02 CFDFEE55FF54BBF7
01:00002B0A ABF36AF9F6F5E2E7
01:00002B12 E283E755FA38DEFC
01:00002B1A 79BF7EAFBD7CF7FF
01:00002B22 F7A923DFFBF75EBF
01:00002B2A FDAFDFAF5FCFD7BB
01:00002B32 FD7EDFEDF7FB87FD
01:00002B3A FEE7FBCD53ABD3EB
01:00002B42 FBFFFD8EEEE6F599
01:00002B4A E3EF3373D8FACEFF
01:00002B52 DFFEF7F0F7BF6FEF
01:00002B5A E5FA5B9FFFFB33FB
01:00002B62 FFF2C39F3FED6F33
01:00002B6A 7F4FF3CDFDBEE7FE
01:00002B72 EEA6DFEF5FFF57BE
01:00002B7A FFBF07F5EED5D7CA
01:00002B82 E7EADFEF55FF54BB
01:00002B8A F7AAFFF7A5F6D0FC
01:00002B92 EEFEF5FD69FC3433
01:00002B9A 7BDFEFD355FE553A
01:00002BA2 772ADF07FFFDD9FD
01:00002BAA FFAF3FFFFEF697FF
01:00002BB2 83F678C73FD27FF7
01:00002BBA DFDEEE7FBA0D3B5B
01:00002BC2 3F76B61F4FB7F775
01:00002BCA 6A14836DFEB69234
01:00002BD2 83DE76FEEDD2DDF3
01:00002BDA 3FDFCFBFDED5B8D3
01:00002BE2 CFFFFB7FE77FFFFD
01:00002BEA B703F7EEFEC2FCFB
01:00002BF2 FA334DEE5FC4BFFF
01:00002BFA AAFDED0C32FBFECF
01:00002C02 CB7FD4EBDDFAEDFF
01:00002C0A 9FEFB544C3A7E7CE
01:00002C12 335F0FF0D3BFDFFF
01:00002C1A DFCFD1F44E3FB72B
01:00002C22 DFFF57FB5DBAFFBE
01:00002C2A FE1FFEE5AACB47AA
01:00002C32 DCEB5FCF7FFEFFBF
01:00002C3A 10DF3379BF3FC2FD
01:00002C42 03FD0087FCBCDBFF
01:00002C4A FFEDEBBFB7FFAD9F
01:00002C52 AFD5CED5BA77AADF
01:00002C5A EF55FE55BAE19ADE
01:00002C62 A957FD7DFF3FFB9F
01:00002C6A 4FD56EE4B9F7AFDF
01:00002C72 EF55FE553AD7CAFA
01:00002C7A 59BBDADBFCBDFEF6
01:00002C82 DFDDFCF7FFF7A90E
01:00002C8A FBC2FFEA9DC29EEB
01:00002C92 EE33BBDFAD371F29
01:00002C9A 16C2370F3E83BDCF
01:00002CA2 FF5FD7EF5DBCFEAE
01:00002CAA FFEFE5FEE5EAF7EA
01:00002CB2 DFEF54FF5FBFFFAF
01:00002CBA FFBF7F341BDCFEFD
01:00002CC2 03FCFEFCD45FAF55
01:00002CCA FED5BA74ABDCEF57
01:00002CD2 FF55BAF7AA7FFFDB
01:00002CDA EEFE327DBB31FB33
01:00002CE2 F7AB5FC4BFFFFEFD
01:00002CEA F2301765D675CABA
01:00002CF2 F7B2DFEF55FE55BA
01:00002CFA F5A6F9DFEF57FD5F
01:00002D02 B7FDBEDDCEFBFEE3
01:00002D0A FFDFFFFAFEEF7F1F
01:00002D12 DAE3FC5C7F5FBF57
01:00002D1A BAF7AADF8F65EEF5
01:00002D22 FAF58BDFEF55FE55
01:00002D2A BA77AADFEE5EFF5F
01:00002D32 BEFEBB39EE33FBFF
01:00002D3A 4FF0F6FFB176EC6D
01:00002D42 FDFF6FDFE70FEBF4
01:00002D4A D5BFBE1FEFC5DE95
01:00002D52 EAC7CAD7CF55FE55
01:00002D5A BBF7AADFEF577D83
01:00002D62 DFFFFDF77FE5EEE5
01:00002D6A FAF7AA0755FE55D4
01:00002D72 BAF5A9CFDF3DBF76
01:00002D7A FDFBF7F6F85FFD7F
01:00002D82 DFFDEE759F337FDF
01:00002D8A F7E9BDD8EBBFF6F7
01:00002D92 BFEFEBDF0F61CCDD
01:00002D9A FFBBFBA76FFFDEBD
01:00002DA2 7AF6E95FEF51EE7F
01:00002DAA BF5FBFFBDB3BF172
01:00002DB2 FFF7BBFF87EEE7FF
01:00002DBA FEC27FFDFE83FC7E
01:00002DC2 3DF6C7FEBFF757FF
01:00002DCA 51B7EF839FCF95BE
01:00002DD2 C355BAD7EA817BF7
01:00002DDA 3FDBEF55DCCE51BC
01:00002DE2 BE7EDFEF55FE55BA
01:00002DEA F7AADBE74FDF5FBF
01:00002DF2 76FDF76FDDBF777E
01:00002DFA F5EAC137CD337B3D
01:00002E02 BEE8CFFFF73FDFF7
01:00002E0A FD3FEF7FAF95FED5
01:00002E12 3A77AAFDFE5EFE57
01:00002E1A BAF7AAC79F7FFEFD
01:00002E22 FAD7C09FAF55FE55
01:00002E2A BAF7AA337FFF4FC2
01:00002E32 BDFCBE301BBE9ADB
01:00002E3A CEAFEE9DE5CE35F2
01:00002E42 F7F2BF79F4CFE7C6
01:00002E4A 03F3FB71E7323132
01:00002E52 33B2DFEE56FD55BB
01:00002E5A FBA77FFFF9FEF5FA
01:00002E62 F7EBDDED5BF76FDE
01:00002E6A DFBAFBE7D76E5D3F
01:00002E72 7FFFD1CE3F3777B7
01:00002E7A F7DFEF79F95FB7FF
01:00002E82 BF7BBDFEE6F7FFBF
01:00002E8A AFDFEF15CEF5EABD
01:00002E92 DEDFEF55FE55B2ED
01:00002E9A 9EDE0FE37CBFC3FF
01:00002EA2 0B1FC30B7D8AE5D0
01:00002EAA E8DFEE55FB558E7E
01:00002EB2 FE5FEBE7FFD5BBF5
01:00002EBA AB0BEDFAF9C0F830
01:00002EC2 83FC5DFB1F0FEE7F
01:00002ECA F7C6F5FED5BAF7AA
01:00002ED2 F717DEDDBECEBF7B
01:00002EDA DFEE5DFD73F7EFDF
01:00002EE2 77EDD79F7F0B97FF
01:00002EEA F6C3FB69BBBF31DD
01:00002EF2 80CF33F2F8FFD9CF
01:00002EFA FF5FFF5FBFFEBF9F
01:00002F02 CFD5DED5DAF7AAEF
01:00002F0A ED57F77FBFFFAC39
01:00002F12 7603FDBA77C2AAE3
01:00002F1A FC3357BAF7CC2AFF
01:00002F22 6F85F2FDFCFFAAFF
01:00002F2A F0DFFF1BE1FEDFD1
01:00002F32 07F9FAF5E8F72FFF
01:00002F3A E8D7EF5FBF17E2DF
01:00002F42 07F837F7AADFD0EE
01:00002F4A 547D553BF3AE7FEF
01:00002F52 DEFDF3EF9F7EBF7D
01:00002F5A 37FAF7AAC03F375F
01:00002F62 BBF7C5AAFFEF15E2
01:00002F6A FC33AFFFEFE755FE
01:00002F72 558AF1FEDFEF5FFF
01:00002F7A 7FBFF7AA9F07F97E
01:00002F82 E5FA7BBADFEF5DFF
01:00002F8A 54BFF7ABDFEF557E
01:00002F92 95BAF7AAC7F8335F
01:00002F9A BB57D9FADFEF15EE
01:00002FA2 E5EAF7AA01FE56FE
01:00002FAA 54BAF6FF80D655FE
01:00002FB2 D53AF75BFC37573A
01:00002FBA B7C4CA1F8FF3FC37
01:00002FC2 ABDFEFDA15623C9F
01:00002FCA C7EAF0EF57FE558A
01:00002FD2 F1FE5F87F8FF7FBF
01:00002FDA F72ADFEF7587F833
01:00002FE2 BFDFEFC4F5FF7D87
01:00002FEA F83757FEF5C2FE7F
01:00002FF2 87E9DFED52FF5EBE
01:00002FFA F7ABD7EBD9FAD94A
01:00003002 FDFCF5EB4DAF4DA9
01:0000300A DF9FFDDBA5FFBD3E
01:00003012 F7EAD8E75FBF3F7A
01:0000301A 776AFE3F0FD7FBF7
01:00003022 CBAADFEF55FE55BB
01:0000302A F7ABF7837C3F976B
01:00003032 F5FF77A78CDCCADE
01:0000303A 5FB3FBFEFDFFBBDF
01:00003042 4F256EF5DAF7AAFD
01:0000304A EF55FE55BAF7AAFF
01:00003052 B655FE55BAF7AADF
01:0000305A EF55FE55BAF7AADC
01:00003062 F34FDF5FBEBFBE1F
01:0000306A CFF5FAFDFCDEBEDF
01:00003072 EE55C1FF57C2BBF7
01:0000307A AF0BF9FAF9C2FAFB
01:00003082 FA174FAF4FD5AFEF
01:0000308A AFFDBBD5FFF5EEF7
01:00003092 FA6F7778FF7FBFFF
01:0000309A AADFC33C37F7AADF
01:000030A2 E7EF55FF57BBF7AB
01:000030AA FF7FEFF7FFF7FDFB
01:000030B2 D6DAD6BE94C2CFFF
01:000030BA DFEF55FE0572F0FF
01:000030C2 DCE947DF3F7FFFFE
01:000030CA 1F3B7AF7AACADFAF
01:000030D2 75FF54BBF7ABC0BF
01:000030DA 7F33FBE7EBCFBD3D
01:000030E2 BD9EC5CAC6C9DEFE
01:000030EA 5EFE3D7EFFF0C4DF
01:000030F2 E64F5FBF33EFFBE9
01:000030FA C0FA3FEFCB2FC07F
01:00003102 3BFDB3F9C1FDFE33
01:0000310A FBDFEFD855FE55BA
01:00003112 F6A9DFEF55FE55BA
01:0000311A 07C2DFEF55FE55BF
01:00003122 FFBFFFF65F3DFD31
01:0000312A FE30003FFAF72A33
01:00003132 F5FE55E3A09E7FDF
01:0000313A EF54FD53A71FFFDF
01:00003142 8F75FAF9FAFBAAFD
01:0000314A EB57EF5F9EBFBACB
01:00003152 C78FDF3F7E7FFAEE
01:0000315A 0FFF5FBBE4F70FDA
01:00003162 EB53FB52BBF0A9EB
01:0000316A FBF9FAA9FAABB2EB
01:00003172 EF4FAF4AAFEAA6AD
01:0000317A EBE5EFA5EE87CAC3
01:00003182 9F7F367FFF83E7E5
01:0000318A E6F5CBD06BFFDFEF
01:00003192 57F74F3FFFFEFB37
01:0000319A F6EB5DC0AB33FBF7
01:000031A2 7F375D6B57C46F1F
01:000031AA 7FFE7D3BC538FE37
01:000031B2 FDFC43CB9F7DFBDF
01:000031BA EF553ED5EAECE77E
01:000031C2 83757D7500C4BEFF
01:000031CA D9E78F0F3E8FD7C7
01:000031D2 FEFFFDFE55BAD7AA
01:000031DA DFD9E950F951B9F1
01:000031E2 AB6DD161FEA8B0EC
01:000031EA FEDBC543BF0A869B
01:000031F2 BF4DCB05CFC5CEC7
01:000031FA EA3355FE55CABAF7
01:00003202 AAFF7F5FFE55BAF7
01:0000320A AA33F5FE55CCBAF7
01:00003212 0ADFEF5FFF5DBDFB
01:0000321A BBFFFB31FE33E3BB
01:00003222 9FC5CFEF67FFBFBE
01:0000322A 33F7FF55C23A37CA
01:00003232 33F5FE55CAB9F3AF
01:0000323A EFBF7DFCFBF7EFCF
01:00003242 31B637FEFFF9FFFA
01:0000324A FFBFEFF7FBF9FFBF
01:00003252 55BED5CAE7EADFEF
01:0000325A 53FF53BFF7AB5E6E
01:00003262 567E563EBFAFBDBB
01:0000326A 35BF35BEFEFA7D7B
01:00003272 657F657EF7EABFDF
01:0000327A FF7DFF5BFF6DD9E7
01:00003282 4FDF5FBEBFBEE7CB
01:0000328A FBFDFE7EBEFFAFFF
01:00003292 DF7FFF5FCBBF7F3F
01:0000329A FFFDFFFDFF7FFFE0
01:000032A2 DF31DF315F0FEF55
01:000032AA 7ECB55BAB7CADFE9
01:000032B2 5FFF57BFFFAF0DBE
01:000032BA 8FF7B7FE3E3FDDFC
01:000032C2 7FC1FFEE8BEFCFF5
01:000032CA F6C3F5F2F7F2C3DF
01:000032D2 C31D3E8376BFBCDF
01:000032DA D9EF55FE55BAF2A6
01:000032E2 FDFB553F552EA7B2
01:000032EA FDE15CBE37B7FE9E
01:000032F2 C1CE1F137B777FD2
01:000032FA BFBB39BABDBCBDBE
01:00003302 DFEF5FFF5EBEF7AA
01:0000330A 5F7F7E1BBFFFAF32
01:00003312 3FB837BFCFEFC3D7
01:0000331A A75BFF03DFEFE5CC
01:00003322 F6F9FCFEFFD7EF5F
01:0000332A FF5FBFF52B87F7F3
01:00003332 F7BEC3FFDFFF7F37
01:0000333A 7EBFFF17EEEFFFC2
01:00003342 7EFFDD07F5F6F5C2
01:0000334A F2C7EA037EFF57D2
01:00003352 BBF7AAD6E64F5EBD
01:0000335A FAF7EAB5B379BD5E
01:00003362 AFF7AB133F7FF5F2
01:0000336A EEF7AA77F779FC7E
01:00003372 BFFFABDFEF5FFF17
01:0000337A CBF3FC5F8FE5F6FB
01:00003382 FCFEBEDF6F557E55
01:0000338A 3A772ADFEF55FE55
01:00003392 BAF7AAFD7E5EFE5E
01:0000339A BEFEAE335FFF57C4
01:000033A2 BBF7AB1FCB07F5F6
01:000033AA E7C5EADEEFF7FBFC
01:000033B2 367EB635FE300BF7
01:000033BA EF9F31FB17F5FED5
01:000033C2 C2BAF7AACFDFEFE5
01:000033CA EEE5EAE7EAD1EE5F
01:000033D2 BF7FFFF7F6077576
01:000033DA 75C272F7F2337FFF
01:000033E2 57C4BAF7AAC7F83F
01:000033EA AFDFEFC215E2FC3F
01:000033F2 7FFF57C39AE7EAF8
01:000033FA 60C3AB7F87F986FE
01:00003402 FDFC17F5FED5D5BA
01:0000340A F7AADF2F97AFD7EF
01:00003412 F7FB5F6FB6B997CF
01:0000341A 3F7FDF01363FD625
01:00003422 DCC0FB33FEFFDFD6
01:0000342A EFDF3E55E2FBF8ED
01:00003432 EFE5EEEDEAE7FAF5
01:0000343A FB7FFF5FBEF7AA17
01:00003442 F5FED5DABAF7AA7F
01:0000344A EF77FE55BAF7AAEF
01:00003452 CFD5BE55BAF7AAFD
01:0000345A FB55FE55BAF7AA33
01:00003462 77FB7D31FD87FEDE
01:0000346A FEDEC3FE5EFFB631
01:00003472 553BDB7EFFD257FF
01:0000347A FEFFDF4FD5DED5BA
01:00003482 B7AAFCBD5D8FE3E7
01:0000348A EF3BFDFBF7C4EFDF
01:00003492 D4CF7F33FDD73FC2
01:0000349A DDE7FD33DFD7F903
01:000034A2 FF7FBFCADFEFF757
01:000034AA FF55AE9DCAE7EAEF
01:000034B2 DFEF55FE55BAF6A9
01:000034BA DFEF57FF55BAF7AA
01:000034C2 9FCFD5EEE5EAE7EB
01:000034CA F7FFDDF66FBFF7FF
01:000034D2 75FEEBAFFDFEEEFE
01:000034DA 5F6F557E55BAF7AA
01:000034E2 3335FFEBC3DEEFFF
01:000034EA 6A337FFFEEC2FB7F
01:000034F2 AB33FEFFEBD3DF7E
01:000034FA 5F6F55FE553A77AA
01:00003502 CFBF5FDF7FBF9FBF
01:0000350A BEBF327E7B33FBFF
01:00003512 DFC1FFBF35FA35FA
01:0000351A 37F7FB7FC2FB79BF
01:00003522 33E7EFF5F6F6F5F2
01:0000352A F7FADBE757EF5EBE
01:00003532 FEBE3EB39FBF7DF7
01:0000353A DBEDDFCF95FE55BA
01:00003542 F7AB07FFFCA7FEF5
01:0000354A DFF6CF953A7CC1BD
01:00003552 797CDDAAF1460C1F
01:0000355A FFFABEF703F7FFF7
01:00003562 D8F5FFDFF7BDFFD7
01:0000356A DFFFDFFB7FDDBFBB
01:00003572 FDFF5F6F557E553A
01:0000357A 772A333FFF7F33BF
01:00003582 F3F702F7F105D539
01:0000358A D53257FF1EFF5731
01:00003592 BF39BD300BF9FAF9
01:0000359A C2FAFBF2F5813E6B
01:000035A2 F53FD7FBFFDFEF41
01:000035AA 3CF9B2B772DFE759
01:000035B2 FA69BAFBAAF7EE05
01:000035BA FB7B9FFEBB03F9D9
01:000035C2 7AE9DAFBFAFB7FAF
01:000035CA FFD56FFBADF7F3FF
01:000035D2 F7FFFE33FDDFEBC2
01:000035DA FF3FFF07DFFB6FC0
01:000035E2 FF87FEEE5F6FC555
01:000035EA FE55BAF7AA337FFF
01:000035F2 5FCABFDFAF7B7EFB
01:000035FA FFBDBEDFEF37DFFF
01:00003602 BFC33FDFFFFB37FB
01:0000360A BBD7C7FDFBFFFBFF
01:00003612 F7FFEF07F5FEE5D2
01:0000361A EAE7EAE7FFDFEFFE
01:00003622 EEFFEF3F77F5D6F5
01:0000362A BA772A0B79EAFDD2
01:00003632 FCFFFCDBF96FFF5F
01:0000363A BADFABBDFDF5EAFD
01:00003642 FCFDF4035EFE65CF
01:0000364A BBFFFDDFEF55FE55
01:00003652 3A772AF3F753EE77
01:0000365A 3483EEA8B8FCC07E
01:00003662 03DFEF57CFFE57BB
01:0000366A F7AAF7EF57FF5582
01:00003672 79FEF7FBFD3ABFF5
01:0000367A 327FCF355F32FDE7
01:00003682 37DFBF7FC0FF03FB
01:0000368A FADFC6AFD5FE5582
01:00003692 3CFF3336BF75FFED
01:0000369A FAFD9FCFD5DE15BA
01:000036A2 B7AAEDF57FFC7DFE
01:000036AA EBBAF7EF5EFF5FBE
01:000036B2 DFAFF5FFD9FAA9DA
01:000036BA AB7A3FFF7BFBFC7F
01:000036C2 FDEF5F6F557E553A
01:000036CA 772AFFB57FFBD6EF
01:000036D2 FFAFFF56FE55FBC4
01:000036DA AFFBFFDFEFC5557E
01:000036E2 553A772A33DF7F57
01:000036EA C6BBF7AB5FBFD7CC
01:000036F2 80EB1437F655BAC1
01:000036FA B7A233FBDE55C7BB
01:00003702 F78FF57B573FAF11
01:0000370A BE33F7BFD5D2BBF7
01:00003712 ABFAFF3FF775D3FB
01:0000371A BADF4F95DED59AE7
01:00003722 EA0B79FA79D5BAFB
01:0000372A BAFEEF57FE5EBEDE
01:00003732 AEDB7BF5FA79BAFB
01:0000373A BAEBEEED17ADCEEF
01:00003742 CB5F6F557E553A77
01:0000374A AADFFDDF7733BBDF
01:00003752 FDD8BFDF77FFFBBB
01:0000375A DF5F6F55FE553A77
01:00003762 2A5FAD95FB5FBFF7
01:0000376A ABE7EF80CF137FAE
01:00003772 8BC09D837E7DFAFF
01:0000377A C5AAAF77F7FB7B09
01:00003782 AA0DCF87EFF7EBDD
01:0000378A C66F57BFD5FAF7AA
01:00003792 C4DFEDEBDE3133AB
01:0000379A DFEFDB55FE54B9E6
01:000037A2 9FDFEF55C03FF7FD
01:000037AA D7DFEF54F34E1D36
01:000037B2 7FDF01FEDBAFFD33
01:000037BA DFEF55E09EE977BB
01:000037C2 DBDFEF5506F85FEE
01:000037CA FBDFEF55FEAA35CF
01:000037D2 F5F8FF55FED5BAF7
01:000037DA AAFBFFFDFE33FBFF
01:000037E2 75FFFFDF413F7F6F
01:000037EA 7657ABD5EEF57A7C
01:000037F2 BEF4634F9E3B7DF7
01:000037FA FAFFB3EEB5FEFF83
01:00003802 385F8DE5B2F9ACFA
01:0000380A E6B5EB57EF5FBF7D
01:00003812 FB5F6F54FD533B77
01:0000381A A5BA7FDFF47BF66F
01:00003822 DBFFD0E01FFBEDB7
01:0000382A 7FF7EFFC7F735733
01:00003832 F7F3B6DED1F7FBEF
01:0000383A FBBFDFEF7CADBF97
01:00003842 BBBDB5FF0FF1FE37
01:0000384A 9F6BBDCFF67FBBDD
01:00003852 EFF7F5EE557E95BA
01:0000385A DD4AC0BF1BF7EFFF
01:00003862 D8FEEEFEFDDDFFF5
01:0000386A FB7F1FCFF3FDBF8F
01:00003872 77B17DBBD7FFBDF7
01:0000387A EF1F3FDFBFF7C27D
01:00003882 ABD70FCF67E1C7F1
01:0000388A E69E7FFFE3FF37E5
01:00003892 4F6D5F575D3F2E3B
01:0000389A F7BDEF7FDDFEF7B7
01:000038A2 FFFDDEFFEFFB7FEF
01:000038AA 79BBDDECFC7DF7FE
01:000038B2 F6FF55FA7C9331EF
01:000038BA 1BFEFFBDDAFF7EDF
01:000038C2 DDFEF7EFDEBFEEDF
01:000038CA FBEFFDF7FFF6FDE5
01:000038D2 AEF5B6D5FAE9FAFE
01:000038DA 61FFDFF5FEFF95DB
01:000038E2 D7CFF7D7F7FFE7FB
01:000038EA F3ADFFEF67BFFF5F
01:000038F2 FBADFFBEDEFFF5F3
01:000038FA BFFFEF7DFFFADFFD
01:00003902 B77BBFBDB6BEDD3F
01:0000390A 1EEF2F7F7D297F3D
01:00003912 6F7BED6DE6E3FF6F
01:0000391A B6FFCCC1FFF6EF7E
01:00003922 FFF7CFFF9EFFF7FF
01:0000392A CCDDFFFBBFFDFFD7
01:00003932 FFEEFEBBF7E335EF
01:0000393A 310733FDFFFDD1DF
01:00003942 EFFF7D5F0FFFFAF7
01:0000394A 7FE9FC757CD5FC75
01:00003952 F83FFBFF6DC2DFCF
01:0000395A 4F87DE5ECEDFE63B
01:00003962 3DAA7DF2E7FAF6EF
01:0000396A 7ABF5EAF57AB7883
01:00003972 FEAFDAF7FFFEDFAF
01:0000397A FDBAF5EAD5AAD7FB
01:00003982 69FB75BDFD9EC2FF
01:0000398A BF7F3BFEFBFDCFFC
01:00003992 FFFDFCDDC0DDBF7F
01:0000399A FDFFFBF727FFBF3A
01:000039A2 FB71367F0337FEF7
01:000039AA FFCDDFEFFFB71DF3
01:000039B2 D8FC6FFBB6DFC87F
01:000039BA 37DFEFFDC806FDF7
01:000039C2 EAFBFC75FCFD33F7
01:000039CA 07FBCAF7FFDDB5ED
01:000039D2 FDD4FDECF9FE317B
01:000039DA 33EFE3EE31FC37BF
01:000039E2 CEEE92FEEED785CF
01:000039EA DF83D7CBB7778BF7
01:000039F2 EF9EF3C4EDDFBB3F
01:000039FA 7737DBFF723FBDFF
01:00003A02 F7C1FFFE37DB7DEF
01:00003A0A C0FE3B6FFBBFC0FD
01:00003A12 3B5BEE773F37FDDB
01:00003A1A C07F3B6ABF76C0ED
01:00003A22 3794EDF5C4BAD97C
01:00003A2A EDBC33EFF7FFCA7F
01:00003A32 BFFC07FBF5FCDD7C
01:00003A3A FDFC32FEEE03FCAE
01:00003A42 DEC2FEDECF85DFCA
01:00003A4A 83DEFEBF9FD2BBFF
01:00003A52 AFDBCBD7DDD5BBB7
01:00003A5A AABF7FF5FED5BAD7
01:00003A62 AACCFBFFEF7E553B
01:00003A6A 773ACEF2FC7FDF37
01:00003A72 EFF779C73CDFFFFD
01:00003A7A 7F78C73F3F10C7DF
01:00003A82 C0D70FD7C737C4C7
01:00003A8A F9FEFFFE33EFDF3C
01:00003A92 C179F733DFE79FC2
01:00003A9A 7FFCF733FADDF5C7
01:00003AA2 DDFE553ADFBAF6FB
01:00003AAA 335DBF9FC1CDD91F
01:00003AB2 D8FDFCFBFDFCDFEF
01:00003ABA 57789EBEFEAEDFCF
01:00003AC2 D53ED5D9D7CADFEF
01:00003ACA 57FF57BBF7AF9FAF
01:00003AD2 95BE953AB7AADFEF
01:00003ADA D4FE55B9F5AB7423
01:00003AE2 4FDD373E6F7D0FFD
01:00003AEA 6DBCF5FCD9FC3FB7
01:00003AF2 1B5F7FFFC0AF31F7
01:00003AFA 33EDFFFE0DD70FF7
01:00003B02 FFFE620AEDFC1FFF
01:00003B0A EAC0D67FDDF7FFDA
01:00003B12 FFFE5F8BE576D9FA
01:00003B1A ADFCDF4FEDAFEFAF
01:00003B22 CDE787FDFCFDFCD6
01:00003B2A DD6CDEEE5EFE5EBE
01:00003B32 3ECEDFCFD5DED5DA
01:00003B3A D4CBDFEF57AF5F33
01:00003B42 DC9FAFC295EAF503
01:00003B4A 76DFEFC555FE55BA
01:00003B52 F7AA60C9FDF6FFEF
01:00003B5A FFFEFFDF7BDF37FE
01:00003B62 5DDAFFD5CABB9F39
01:00003B6A 3A9C89F5F9E5D5E9
01:00003B72 D47CBBB7AFF7BF77
01:00003B7A F77F275F7EDFEFD5
01:00003B82 FF57BAF5A9DFEE51
01:00003B8A E75FBF6B6F877BB5
01:00003B92 DCD66EFAEFDFEF55
01:00003B9A FE55BA77AAE09F6A
01:00003BA2 F59BFFD5CDF700FF
01:00003BAA FDFFFEFF7DFFDF2F
01:00003BB2 D5EEB572D7B2DFEF
01:00003BBA 54FDD557BBF7ADC0
01:00003BC2 3FFBEFBFDE7FAF07
01:00003BCA FBD5ECEA76FEEAEF
01:00003BD2 3E0D770F7FBDF7CD
01:00003BDA EBBE9EDFF57365CA
01:00003BE2 C56AF1E7DFFF83F9
01:00003BEA FBF373E4A68E3D9F
01:00003BF2 AFD77F817DD6EF7F
01:00003BFA FFBF3FFDFBF37D9F
01:00003C02 AF556A5536B67E5D
01:00003C0A 577FF77FBFF7A7FF
01:00003C12 B31EF9FC039FCFC5
01:00003C1A CCF6F5FAF782FFDF
01:00003C22 5FCD7FDBFFAA37B7
01:00003C2A FF7BC5FFABF4FB7F
01:00003C32 DF077EFFC7D0D33F
01:00003C3A FFF7BFFFFB7FDF7F
01:00003C42 DFDDEFEE7FEEFC03
01:00003C4A B6FEEAC0FEC85A6D
01:00003C52 9FBE95DAD7CABF33
01:00003C5A FE55A2C1DC3F337F
01:00003C62 FF7ECBBB1FF9FBF7
01:00003C6A D7FF41BDEDD5FF00
01:00003C72 1DFC03BFDF57D49E
01:00003C7A 847BDBEBDFEF55FE
01:00003C82 51B7EF9FD7EE0478
01:00003C8A EEFFDDE713EFEEED
01:00003C92 E22D9F993BBFFDEE
01:00003C9A F1CDBFBADFEF5538
01:00003CA2 C6F7DFFADFEF55FE
01:00003CAA 553AB7AAFFFDF7DF
01:00003CB2 FFFE7FFF1C33F7EB
01:00003CBA F7C8AADFCFD7BE95
01:00003CC2 BBF7AF3339C6DAC5
01:00003CCA EEFFFEDEEDE707FF
01:00003CD2 A3E7C1FFF70AF3F7
01:00003CDA 308BFEBEDECFCBFF
01:00003CE2 FDED7DF57DEDF5FF
01:00003CEA FCFEFC0087FCFBDB
01:00003CF2 E9CEDBF9F3EBFFBF
01:00003CFA 53FF7DD7AF5FFFC7
01:00003D02 FB37FDFFAFE0DB5F
01:00003D0A EFAF77FBFF7ADFEF
01:00003D12 F1B4FDEBFFF7FDFF
01:00003D1A 5FF75F3F7FAF9FAF
01:00003D22 95BE95BAB7AAFF17
01:00003D2A FF77BFD1FF9BDFEF
01:00003D32 55FE552AF7FADFEF
01:00003D3A 57FF57BFF7AF35DF
01:00003D42 88DEC1E7EF0F7FBB
01:00003D4A 17C6EF7FFF77337B
01:00003D52 3930037E017F32EF
01:00003D5A 9D1FFC7EFEDBEEFE
01:00003D62 FCF4FCF67DBBF728
01:00003D6A F3FD7DFDF9FDDDFD
01:00003D72 FFFD7FFB7EBFFFA7
01:00003D7A FF3F60C0BD1399E4
01:00003D82 7EF1FEFCDFEFD5FE
01:00003D8A 55FAF7EADFE74EEB
01:00003D92 4FADFFAEBFAFB5BE
01:00003D9A 95BAB0A7DFEF57FF
01:00003DA2 55BA00FFF7CB3DFE
01:00003DAA FDFA00FFDFEF57FE
01:00003DB2 57BE17E68BDF5FDE
01:00003DBA DFC0DE3BF0EEFFC0
01:00003DC2 EE3B38FEFFC2F7DF
01:00003DCA BF0D1F32EFBD337F
01:00003DD2 BFDFC2E7F39B82CF
01:00003DDA DFFE39F783F9FB77
01:00003DE2 6FCC1FDFEF55FE55
01:00003DEA BAF7AAFEFC6EFE18
01:00003DF2 07F4EEDEC25FDFEF
01:00003DFA 337F2F55D47E55BA
01:00003E02 B7DADFED5FF75EBE
01:00003E0A FEAE9FBF1FFF5F8F
01:00003E12 BFF761C0BF6207F6
01:00003E1A F7EDC3E3DBFD5F0D
01:00003E22 FF88DFC4DF6E56BE
01:00003E2A 8337EFF77FC2F7FF
01:00003E32 EF339FAB97C7BF83
01:00003E3A FDFEFFFBFDFE39FA
01:00003E42 33FE7D93C4D7EFFE
01:00003E4A 3F7F60D2DFEF55FE
01:00003E52 55BAF1A7F9FF5FFE
01:00003E5A 5636D3A7FE9EBF37
01:00003E62 7E3FDBC1E46C836F
01:00003E6A E74FDFC15EAE80DE
01:00003E72 80EE836EFFB7F7C5
01:00003E7A FFB7F1F78FBE8BDF
01:00003E82 BFD7EA3BFBF9D6CC
01:00003E8A 2FDF9BFDDFD9BDDF
01:00003E92 C3DECDD3DB83D7D6
01:00003E9A C67FC2AF978782BB
01:00003EA2 1F3F61C4FBFCDFBF
01:00003EAA 8F8377BFF77FC6FF
01:00003EB2 F5F6F5F2F7BA3355
01:00003EBA FE55CDBAF7AABFFF
01:00003EC2 7FFF7FBFFF9AEFDE
01:00003ECA BD1BDFBFEFD1F6FB
01:00003ED2 3B7DFDFEF6DFBDFD
01:00003EDA FEBEF6BEF72ADBCB
01:00003EE2 83DBD1FAF7C0AA83
01:00003EEA 6E5EFE5FC6BFF7AF
01:00003EF2 BFFFFDFF87777BFC
01:00003EFA FDC2EF777B13CF6F
01:00003F02 FD337BFFF7D0FFFB
01:00003F0A FDDDBD9FBFDF3FD6
01:00003F12 CED7DED5BAB7AA42
01:00003F1A CFFF047F027F81BF
01:00003F22 C0FF80FF7FFF1FFF
01:00003F2A 00301813DF2F7FC8
01:00003F32 027F887F85BFE0FF
01:00003F3A 0F040BFD00FBC00C
01:00003F42 80F60BFD00FFC600
01:00003F4A FF0A7F8DBFC0877F
01:00003F52 757F77C17F763555
01:00003F5A 350035553700FFF7
01:00003F62 C1FF5737017F77D1
01:00003F6A 7F777F777F777F77
01:00003F72 7F777F777F777F77
01:00003F7A 7F75857F003757FF
01:00003F82 F7C1FF773C84FB37
01:00003F8A FEB5B6C1BCB6373F
01:00003F92 DF5FC1DF3F3083DD
01:00003F9A 6E777BC0BF3083DD
01:00003FA2 EE77BB3483DDEE77
01:00003FAA BB3483B747FB7DC7
01:00003FB2 7EFFDF1BDADDD32C
01:00003FBA 373DDCDFC6DBD8E7
01:00003FC2 FFF7B788310037FB
01:00003FCA 3BDBC2E4FF6F3F7F
01:00003FD2 9FDF2F081C0CC2FF
01:00003FDA FDFE61C37F8FF1FE
01:00003FE2 61C2BF27ABD4FCFF
01:00003FEA F7FFF5F7F5F7FF70
01:00003FF2 EF737DBFC779FFBF
01:00003FFA FFEF3F337FBFD8C7
01:00004002 DDED76BBBEB7FF00
01:0000400A 3300FFC0C27EFF00
01:00004012 83BD25B5B6C2B57F
01:0000401A 9F3B0FB73FC3DDED
01:00004022 DEDF83DDDEFFF8C1
01:0000402A 579F0F5FAFF7D617
01:00004032 DBEBFDCDBE7F707F
01:0000403A BFC1FEFAF66EDF5F
01:00004042 AFEFF7F8FDDD3D3F
01:0000404A 0DFF1DFE87FDFBFF
01:00004052 F7C63FBFCFF6E905
01:0000405A D50FE79F7BD1F7CF
01:00004062 FFEAEBFFD5FDABFB
01:0000406A FF67777F9F6F7FEF
01:00004072 42CA6B5D5FFF00F6
01:0000407A 76B7BECFF089DFE0
01:00004082 81BD42390081BB4D
01:0000408A 3B00EFF3C0FE3B01
01:00004092 F0FFC27E9EE337E7
01:0000409A DBBFC9FE11FF696D
01:000040A2 8DEDEEB75B847B83
01:000040AA EE1FFFFEC236B9F7
01:000040B2 0D230FC33FDFD0FA
01:000040BA FD7A166E5DBBD7D9
01:000040C2 36A79FE31F7F673F
01:000040CA 6130003B57F7A3C5
01:000040D2 ED5EB7EBDD9713D7
01:000040DA 7FABC2ADB5C90BFC
01:000040E2 7F7EC2B8CFFF0E20
01:000040EA FF82DB24FF0201FF
01:000040F2 816D923716F7F6C4
01:000040FA C677FFFB3C83DBFC
01:00004102 F76FC0EF826F7679
01:0000410A 836F706DB7C3BBDC
01:00004112 E3FB82DD776E836D
01:0000411A 8E7678CA96FA1CEF
01:00004122 EEDEDFE5FFDF438B
01:0000412A DF9FFFEFC3FEFDFB
01:00004132 F717DF0FEFC0F10F
01:0000413A A1BF7FC03F32FDFE
01:00004142 3AFDFE3FB66BDDC8
01:0000414A B776FB7DFDD556EB
01:00004152 7F64C100FF0FEFF0
01:0000415A EFC36C77BBFF0305
01:00004162 FD61C3FEECF9FF87
01:0000416A EFF777F7C09133EC
01:00004172 EDF11F3FEFF1C237
01:0000417A B7C707EFF6FBC4BD
01:00004182 CEF3FDFF8776BABC
01:0000418A DEC5EEF2DFDEE1FF
01:00004192 87DF203FFDC7FFFB
01:0000419A F7EF9F7FDFE017DF
01:000041A2 BFC3C1FF0187EFDF
01:000041AA BFC3300AFDFE3430
01:000041B2 01FF87FE7E97FFC1
01:000041BA CF3F3B7FAF7FC0C7
01:000041C2 12C3FB83F6EFDB3B
01:000041CA DAFCFEDCFBDD4BBB
01:000041D2 F6F7F52AF3F576FB
01:000041DA DDBEBFF87FBDDE6E
01:000041E2 B6CF7B1D8FFD057D
01:000041EA 9B07F99EFEC1FFFB
01:000041F2 83BA8DFFDFC24A6A
01:000041FA 6D134EF6B6CBF0FE
01:00004202 0FFFFB90DFDB90DF
01:0000420A 6BCF83ED729768D8
01:00004212 6B8AFFBFB747F917
01:0000421A D759ECFBF4F7F8F7
01:00004222 F6EA3FDF2FFF3FFF
01:0000422A BF3085FEFF02FF0F
01:00004232 85DF2F0609BF85B7
01:0000423A CB817B8462C2F3FE
01:00004242 FC816E9283F6C7FA
01:0000424A FBCF8BEAFAFB8B87
01:00004252 FFF7B7D8EF77B1BE
01:0000425A C7FF80ED84DB85FD
01:00004262 BE1080BE87B7DB6D
01:0000426A FEC9ABFFEBFBDFB5
01:00004272 7EFB3FCF0570337F
01:0000427A FFFBD46B6C9778AF
01:00004282 D8D6DFD717E917F7
01:0000428A 9BAFEFD5EDF2FFEE
01:00004292 83EAF596FFC52EEE
01:0000429A D4DBAD37C2B4FF7F
01:000042A2 3BF879FE37FBFA3B
01:000042AA C3FF1FE1FE3361DE
01:000042B2 F7C9F0BF7FFFF7FB
01:000042BA FDEBEDEE8FEFD3EF
01:000042C2 DBC02760CDF7F3BE
01:000042CA BFC3EFFFEFDF18DE
01:000042D2 DFD8DE36C7BB81AB
01:000042DA DB40C101033ABF7F
01:000042E2 66C5FD56ABBBC3BC
01:000042EA 317F13DF7DFA60C1
01:000042F2 7FFF870C2D3C1BC2
01:000042FA 7F2FFB83F6EFDB3B
01:00004302 C1FCFE07F617F7C0
01:0000430A 770742CA6EC460FF
01:00004312 007F550031FE166F
01:0000431A F015F086EFF11F31
01:00004322 1F877F9FEFF0C9FF
01:0000432A FBF4F5F7F8DF5FDC
01:00004332 BB83BABBBDE7C2FD
01:0000433A 03FF84AB64C1FBFC
01:00004342 0037DB5AE5DCFFEF
01:0000434A 737596DFA3BB7D76
01:00004352 6699FDF5ED5E69B7
01:0000435A DF66963F7F9FFFBF
01:00004362 CFBFCF620BFAF6F7
01:0000436A CAF9EEEF37F7D7DB
01:00004372 BCB76C6B8355759F
01:0000437A E0316F17F7FBFC61
01:00004382 C2DFBF7F63E4F7F5
01:0000438A E9EEF0EFD3D5C677
01:00004392 6FD9DD4FB6F901FF
01:0000439A BFB7B66E6D91FBFE
01:000043A2 F0FEEBEADAD5FF7F
01:000043AA FFBF7F333F6B7FC0
01:000043B2 BF33FDFEFFC17EFF
01:000043BA 03FF7AD5CA1E798F
01:000043C2 FFBF7F9FFF7F3FCF
01:000043CA 60C7FEFDFBF7FFEF
01:000043D2 DFBE0FEDB2BBD27B
01:000043DA 77B7ABECE7799EE7
01:000043E2 D9DE6FDFDBB93EC6
01:000043EA F15D377FEFDBC9DD
01:000043F2 BEFFFEDDBB77EFDF
01:000043FA BF3BD9C7FCCAD3DD
01:00004402 E5FDAEAFBBCBFDF7
01:0000440A B7071B7C7FCD807E
01:00004412 7F677FBDC3FFF755
01:0000441A EAFBFDFE3D7F3C83
01:00004422 D74F7F67C3C7C686
01:0000442A E760C0FD64CDFEFD
01:00004432 FBF7FFEF7DFDFAF5
01:0000443A EBDBDFBFD0C9F66F
01:00004442 B3DCDFF7FBB739DD
01:0000444A E7F93ECF72BE3018
01:00004452 3737D7E7C1FBFD3F
01:0000445A FEF9E7C0DF32EEF1
01:00004462 60D3AAABDBE3FDEA
01:0000446A EBF73E7FB1B6DBED
01:00004472 37FB17F3FF3F33CF
01:0000447A 1FFCC1FF7F877B77
01:00004482 BFFFC17FBF84DF64
01:0000448A 09F715DF103BFEFD
01:00004492 FBC9F7DFBE7DFDFB
01:0000449A F7FEF97F33F3CD12
01:000044A2 83DA7FBDDECCEFF7
01:000044AA F8F7EFBDDFB7BB7E
01:000044B2 9DE1FB3BDFBFDFC0
01:000044BA 6B61C0FB16B17E0E
01:000044C2 E3FC363FC7327FF9
01:000044CA 32FDFE33FDF8FEDB
01:000044D2 FBDDBE7DFEFDDFEF
01:000044DA 573FFFC73EF6DFEF
01:000044E2 F3FFF7EFF639F7FF
01:000044EA EFDFBF7F3401FD0B
01:000044F2 F7EF7F61D7FDFBEF
01:000044FA FDFAE79C6FE2DB2D
01:00004502 BED75FFFE06E71BF
01:0000450A 7EF1CFFF7FC0F081
01:00004512 EEE083EEF1EF7C3F
01:0000451A 3FFFB7CC5EBDBBD6
01:00004522 EDF5FBF7EF1F79A7
01:0000452A DF3B3FC7F8359F3B
01:00004532 1FE3FFC2F38F7F11
01:0000453A 8032FDFE371FFFF7
01:00004542 C5C9FF3FFFEFE061
01:0000454A C107F86003FDEFDF
01:00004552 137FFFFCC7E3FCFB
01:0000455A FFFEF18F7F33F8FF
01:00004562 1FC1E3FC311F3B7F
01:0000456A 8FF1C28FF1FE3FEF
01:00004572 F0FFC3DCDBE3FC36
01:0000457A 7F871B9FE7FFC0FE
01:00004582 37FBFDFE60C07F3B
01:0000458A 1FE3FC61C17F9F62
01:00004592 C301FF7FFF1BFF7F
01:0000459A A4331FE3FC61C37F
01:000045A2 8FF3FD37BFCFF3C4
01:000045AA FCFF1FF7F8393F37
01:000045B2 3FC7F9C0FE61C23F
01:000045BA CFFE61C23FC7F83C
01:000045C2 37F6F7FB1C37DF6F
01:000045CA B7C1FF0737FDFBF6
01:000045D2 C1FFF037B777EFC1
01:000045DA DF5F3BF8F7EFC7FF
01:000045E2 3FCFF7FBFD3DFE3F
01:000045EA FEFDFEC0FD3B1FE7
01:000045F2 1BC0E532BFDF3BEF
01:000045FA FBDDC4DF6F73BBC4
01:00004602 3BDFFFBFC17FFA61
01:0000460A C1B64960C1AF7F64
01:00004612 C1FEFD083A7F9F15
01:0000461A FE301FFEFAF5D0FF
01:00004622 075F4F5FBFA77FFF
01:0000462A F0FDF9FDFEF2FFBF
01:00004632 18835FBFAF573013
01:0000463A DFE7F860C2C33CFF
01:00004642 84FE1EFEFF0399BD
01:0000464A FDC2FBFC3B301833
01:00004652 7FF59561C0C733FE
01:0000465A F6EBC8EAF5FBFF7C
01:00004662 BFBE41BF377FFF7F
01:0000466A C0FF84FE377FF3ED
01:00004672 1C32DBE73817FFDD
01:0000467A FFC2FBF7EFC0F00B
01:00004682 F9FAF7D9E75A07FF
01:0000468A 5FB3EB1DFEEBF0FF
01:00004692 FDE6EBDCBF6B07EF
01:0000469A 6FCFAF77F3AD6AC0
01:000046A2 FE37FEF9F7D1EFF6
01:000046AA 09EB2BABB4975A56
01:000046B2 D5D6D736F6CF3137
01:000046BA 0707F0FFC50FFFF7
01:000046C2 EFDF3F6CC2877F1F
01:000046CA 37FEFDFB33BFFF7E
01:000046D2 C8FDFBF7EFDFBF7F
01:000046DA EBF335FD32FEFD35
01:000046E2 1732AF5735F432FA
01:000046EA F5355F32BF5F3BF8
01:000046F2 DB5AE259669D6D3F
01:000046FA FF9F7FDF3FFF6BEE
01:00004702 F5FBFDFEFFFEFDED
01:0000470A CEB16AEB5DBEFDCF
01:00004712 39F53FB8C73F60C2
01:0000471A DE6DB333E19E7F37
01:00004722 FEFDF3C00F65C1FD
01:0000472A F733EF9EFFC8F7B6
01:00004732 FFDFFFBF7CEBF733
01:0000473A FDFB073861C0FC61
01:00004742 C00161C0C061C31F
01:0000474A B1CDFE3F6B8BF43F
01:00004752 FBE71F3FF5F6F5C2
01:0000475A EDEEEA83DDF88737
01:00004762 D0B6CDFD017DDFED
01:0000476A 7677BBB7DEEDFFE7
01:00004772 997E3BFEF1CFCC3F
01:0000477A FFFEFFFB1DEDF6BB
01:00004782 D7EF5EBD81B64933
01:0000478A 8037B60F17CEF5C2
01:00004792 FB3DDE3FBF7FFF0B
01:0000479A FCFBFC09FC07F9F7
01:000047A2 F9057807CFF7CF05
01:000047AA 8F179FEF9F161F0C
01:000047B2 81040E2839FE1DFB
01:000047BA 363FDF17F7DFE7C3
01:000047C2 D8DFE7E8177E627E
01:000047CA CA627FBF407FE3DF
01:000047D2 DCE39F5F16FF3F60
01:000047DA C1FDFE07F8FFF7C5
01:000047E2 F0F93EF7B93B83BB
01:000047EA 3BC83FC0C131001B
01:000047F2 EE3FB6C1C6F78676
01:000047FA DF3F310F310F37F7
01:00004802 ABBFC1DDE36DC4F7
01:0000480A EAFEDDE33AF3ED81
01:00004812 EBFB3485DF6F84F7
01:0000481A 17F7F9FFC0EF8FDF
01:00004822 EFF07FC23FC0EF83
01:0000482A AFA34DF7C6B77BFB
01:00004832 FD5E5F5D33DFBF6F
01:0000483A C8DF3FBFFFF7F0FF
01:00004842 F7F03083BB3BBDBE
01:0000484A C45FD9AD7F803300
01:00004852 BFC0C0B68376F7D6
01:0000485A 36C2BDCDFA310F31
01:00004862 0F33BFCDF3C3FDFA
01:0000486A FDFE33FDFBF5D4EB
01:00004872 F7EF5FFFDFEFD7EB
01:0000487A F7FBFDFED9E7DFAF
01:00004882 DFBF7FFC87BFDFEF
01:0000488A F3C1FCEF07FBFDFE
01:00004892 61C27F9FEF62C1F1
01:0000489A FE60C25F9FEF8BF7
01:000048A2 FBDFEEC3F5FBFCFD
01:000048AA 03FBFCBDC07E3B6F
01:000048B2 F7DBC6BC77ADCDF5
01:000048BA B7C93200B783B63D
01:000048C2 F7EDC99E77DAD9D7
01:000048CA 7F9FDFBF7F343091
01:000048D2 7FFE37BB737BC279
01:000048DA FF7F88BF1BCFF3FC
01:000048E2 62C63FCFF3FCFFF1
01:000048EA FE3F3FFF7FC28FF3
01:000048F2 FC61C37F9FE3FC64
01:000048FA C2DFBF7F34048AFB
01:00004902 FD7E3BFD7DF6C0B6
01:0000490A 3484B680D60AFFDF
01:00004912 82DBD7D63D7F0C8F
01:0000491A 7FBF7F9FC07F13DF
01:00004922 EEF13BDFBF7F37CF
01:0000492A F3FC62C07F3A1FE7
01:00004932 60CFB6B7B8BDBEB1
01:0000493A BDB2377787EF1FE7
01:00004942 5FA73780FFD5C1EA
01:0000494A 6A3700FD5580AB61
01:00004952 D27FBFDEEBF3FDFE
01:0000495A 7F97DBED74BBD7EF
01:00004962 5FBE6B3F33F0C73B
01:0000496A D0FB27F9FEFF1F67
01:00004972 B9BEB76F5DBBD7EE
01:0000497A F5FB397F31DF6207
01:00004982 FBFDFE65C078877F
01:0000498A BFC0BBC1B78F36FE
01:00004992 01046282B5CABF86
01:0000499A 7F78951980867F81
01:000049A2 54310135C162D4F9
01:000049AA EEFFE3DCDFE7F8DD
01:000049B2 7DB93AB9F77770BD
01:000049BA D6EFBF4033003FD7
01:000049C2 C2E7FA0533007B7C
01:000049CA C2BBBDBE82DD1C3F
01:000049D2 338F7FFFC1CF3F38
01:000049DA 8BEFFFCCE0C1C080
01:000049E2 24357F39F841C330
01:000049EA 78E1F33B00040EC0
01:000049F2 9D3A777983777976
01:000049FA 79C37A7577798176
01:00004A02 78807507C737F7C0
01:00004A0A C780D76211C013B8
01:00004A12 C7DFC17F7E83777B
01:00004A1A 7E7FC17BFF8655D5
01:00004A22 2A3554825657A830
01:00004A2A 83DDDCDD9DC25EDD
01:00004A32 9D3107333FC7FF30
01:00004A3A 13D9AAACC0AB3BB7
01:00004A42 CFFFC0BF348CDF37
01:00004A4A 7D9FE2C1DBDD3B37
01:00004A52 AF2FC2AF070640C3
01:00004A5A 7B7C77788677887A
01:00004A62 1BBFC0B7C2B8BB2F
01:00004A6A 33FE01F7C107F762
01:00004A72 F9DCE3DFEEE9F7EF
01:00004A7A F6BCBBBD3DDEDF6F
01:00004A82 F700BFCFF6B97BD3
01:00004A8A E500FEE7D73ABCD5
01:00004A92 6F3ABD3B7C73FBE5
01:00004A9A DE7F8FFFEF3FDFFF
01:00004AA2 DF5B542DB26F716F
01:00004AAA 70CFBF310F348BDF
01:00004AB2 BFA7DBD0BFE5DEDF
01:00004ABA DEE0FFFDFCD7576B
01:00004AC2 9FEF0FEF0F8157A1
01:00004ACA 390F62C5BCBABCB7
01:00004AD2 BBB483B597B7D7C2
01:00004ADA 77679780578CFD03
01:00004AE2 FFF9FBC0FD0037DB
01:00004AEA BD76C9EDDB36B6CD
01:00004AF2 FAFF7F8F7083D6B6
01:00004AFA BFFFC2FCE31D83D6
01:00004B02 DBB77BC8DD6EB7D9
01:00004B0A DF673FFF7F3CC376
01:00004B12 B6C9FF88BF301838
01:00004B1A 13DBA7BFC0DB0EFA
01:00004B22 F681F5F987FBDFDB
01:00004B2A 273EF74783B747B7
01:00004B32 C7C03762C2B5CABF
01:00004B3A 877F787757C0A93A
01:00004B42 0F7763C18F731C87
01:00004B4A FEF5F9FE340882B6
01:00004B52 36C93882DBDC2730
01:00004B5A 0B5FBFFFC1F7FF83
01:00004B62 EEEFFFE3C29D7D7E
01:00004B6A 84FE11C089BEC731
01:00004B72 7F391F95DFE705F8
01:00004B7A 86F7EFF1310F87DF
01:00004B82 BFC7F7C217F71785
01:00004B8A F718628577889577
01:00004B92 88887762C0FE337F
01:00004B9A F7FBC2FDFEFF07FF
01:00004BA2 EFEEC1F5FB33DFBD
01:00004BAA BBC2BFC7FF0BFD7D
01:00004BB2 BDC4BEC7FFEEEF04
01:00004BBA 0B5DBEFF0BFDFEBF
01:00004BC2 C17FFF231020DE74
01:00004BCA C0BE60C183543C84
01:00004BD2 FD6AC00741977F80
01:00004BDA FF83C17DFE33F0EF
01:00004BE2 FBC8FCFFBF7FBFDF
01:00004BEA EF5FBF3AFE7D3F83
01:00004BF2 7CFFC1F5FA3F7DDF
01:00004BFA 7FC5FFFAFDF9F6EE
01:00004C02 64C7FCFBF7EFDFBF
01:00004C0A E01F3BF0CB7CD97B
01:00004C12 B3DCEBFC7B7CDB65
01:00004C1A 9B3CBB3CD3647CBF
01:00004C22 DB55ED7DDE5F0FF1
01:00004C2A FE361FE7337FBFDF
01:00004C32 C2EFF7FB65F4F06F
01:00004C3A 7F6E6DFFEDCF3FFD
01:00004C42 FA07FFF7FBFD3ECF
01:00004C4A 73FD7EBBD7EFF666
01:00004C52 593DEDBB837DFEC6
01:00004C5A BBF3BFBBD7EFFEED
01:00004C62 35F97EDEBF7FF9E3
01:00004C6A 9C5DDD3484FE1FBF
01:00004C72 7E7C0BF7FFE9D537
01:00004C7A 77FB7DBEDFE7D9BE
01:00004C82 DDE6FF6F9FDDD99B
01:00004C8A 55AABFC7FF83BBB9
01:00004C92 B3C7CF6F6C7377B7
01:00004C9A F9FEBF7DFBF7CF37
01:00004CA2 FBFD7D83BEDEDF2F
01:00004CAA 60189B6DFFFEE1C0
01:00004CB2 DE3008837BFBEBFD
01:00004CBA E2DDBDFEEDF1FEF6
01:00004CC2 F7FBFDFEBEDFEDF2
01:00004CCA 7F8FFB387F8FCFDF
01:00004CD2 FFBF7FFEDDDEDFEF
01:00004CDA 6FF7FB7B1EFBFE87
01:00004CE2 FBFCFEFFC1FD1D86
01:00004CEA FD013E0FD8D7D6CE
01:00004CF2 CEFE17EFF07F88EE
01:00004CFA D3DCD7EF7CBBBA83
01:00004D02 BB44D8FFC61FDC22
01:00004D0A 769636F8053782D7
01:00004D12 E7F785EFF0857F80
01:00004D1A 188DBF3F956D9205
01:00004D22 FE8BEF317EFDC2FB
01:00004D2A FFF71B8FFF7FC6BF
01:00004D32 DFEFF3FCFF873FFE
01:00004D3A 01FEC8FDFBF7EF9F
01:00004D42 7FFFFD7D80BE85DE
01:00004D4A E3C387DFBBBA8776
01:00004D52 71FDFEC86FDDDEDF
01:00004D5A E33FBE7DFD0B77AF
01:00004D62 D8C1DDDB87BB7B75
01:00004D6A 8E31011C3200778B
01:00004D72 BBBD5DE2877FBFBE
01:00004D7A DDC4EB37BF7F6D87
01:00004D82 7686F9C3C0FF1087
01:00004D8A DF1F7F83C07D86FD
01:00004D92 1DEE61CF03ED71BD
01:00004D9A DFEFB37CD76E1D3B
01:00004DA2 F6EF8B6C0777B7D7
01:00004DAA CC67B7D737FFFEFD
01:00004DB2 FBF6FDFBFCFD83BB
01:00004DBA FBFF6EC49EFD6F5F
01:00004DC2 3F341861C00061C0
01:00004DCA 4061C00061C00061
01:00004DD2 C00061C00461C301
01:00004DDA EFF7FB3FEF6F77C3
01:00004DE2 787FBFC0391F87EF
01:00004DEA 6FB6F6C167970707
01:00004DF2 F7FBC6DFEDF3FFFE
01:00004DFA E1FF0737F7FBC27D
01:00004E02 FAFB33FCFFBFC07E
01:00004E0A 33FBF7EFC2DFBF7F
01:00004E12 30877E81FFFDC0FE
01:00004E1A 377F9FE7CAF97E8F
01:00004E22 FF7FBFDFEBF76F9E
01:00004E2A 37FCE39FC17EF132
01:00004E32 F73805383B7F8FF3
01:00004E3A C9FD1EFEFDFBF7AF
01:00004E42 DFECF103FCF3CFC2
01:00004E4A 3FF8C7350360C00F
01:00004E52 8CF7986F06F8FF06
01:00004E5A 77F7313F37FEFFFA
01:00004E62 0BFAFBFC0869C0FE
01:00004E6A 62C0F061C3FDFBF7
01:00004E72 F683EDABDBCFC9BF
01:00004E7A 78E7DFBE7967F731
01:00004E82 FE053833E7FB3DC6
01:00004E8A CEF7FB3DCD7EBF0C
01:00004E92 836FABB73FC0FF90
01:00004E9A 7F6295F718956F93
01:00004EA2 98F76284FB33DFDC
01:00004EAA 233FF7778962C4FF
01:00004EB2 FEFDFBF783F6F9C7
01:00004EBA 38C5BB837DFEC6BB
01:00004EC2 327FBF373FDCE70F
01:00004ECA E7FF7FC1FF7E867F
01:00004ED2 BBC70A3BCB83BBCB
01:00004EDA FBFCC0BF66C3FEF9
01:00004EE2 FEFD3B7FFFBFC03D
01:00004EEA 658C7F33037B43C1
01:00004EF2 7B8367C1FDFF0833
01:00004EFA FCFBFA09FC333FDF
01:00004F02 1F0F1FFDEDCE6D71
01:00004F0A BE7677BBF3BFBEDF
01:00004F12 EDF27F8FFF1B9FDF
01:00004F1A DDC1ECA20F677FBE
01:00004F22 C1DFFD86FB7DFD00
01:00004F2A 3083B6CCDCDAC2E6
01:00004F32 7EBE60D2FBEDFEFF
01:00004F3A BFBED9E6F9FFFBFC
01:00004F42 9F6F9E7BE79F7F33
01:00004F4A BF6FDFC23FFF8081
01:00004F52 EDF213C0FF0081B6
01:00004F5A 493300FDCFC8DFDB
01:00004F62 E3BB3ECFBDFBFC83
01:00004F6A F6B8DBFBC2DCFFE0
01:00004F72 81EDF21B80FF0381
01:00004F7A B7493101C1FDFE31
01:00004F82 7F37FB38C73BDE4B
01:00004F8A ADC9B5B6DBE5F5EE
01:00004F92 F7CE3EF90083BEEF
01:00004F9A D7BFCA7E627FBFC7
01:00004FA2 DFE7F87FFFFE807E
01:00004FAA 60C3FEFDFEF9379F
01:00004FB2 67FBCF79E7DE79B7
01:00004FBA DFFAF7FFF74FFFDF
01:00004FC2 BF7BD73FFBFD7FC0
01:00004FCA FD003FBDD6DBC32F
01:00004FD2 7E7986876EB6B549
01:00004FDA C2FE9F7F3F7FFBF9
01:00004FE2 3BBF7FFDD0FBFF7F
01:00004FEA 7D7AB9AB5CFDB3BB
01:00004FF2 5D9DBD3EDC61836D
01:00004FFA AD9BDBC2EDFC7A97
01:00005002 BEC2F7F5C36BBFDF
01:0000500A EF806F977E86FBFF
01:00005012 E6FCDFAFFEFDF37B
01:0000501A BD7DCFB77BCBFDFF
01:00005022 EEF5FBDDBE77AFEF
01:0000502A 7FBFDF6BFF57AEBF
01:00005032 CEF5FBF6F5F3F67F
01:0000503A 317F337FFF6CC673
01:00005042 77B6B9FBDBF461D0
01:0000504A EFFAFBF9FAFBF9FA
01:00005052 FBE75FBFFF7FBFFF
01:0000505A 7FD2FDD5B56DD9E6
01:00005062 FDB8915599DDBDC6
01:0000506A FF00374F8137003D
01:00005072 FEC37E629FBF8377
01:0000507A 6D7FBBC5C77DBAC6
01:00005082 FEFF837E8E72FEC1
01:0000508A DEEE836E9FF3BFD4
01:00005092 DFECF3FF7DF3EE9D
01:0000509A 73EC9B66DFFB57EF
01:000050A2 7FDFBD73F961C1F5
01:000050AA FA92F7FF7F60C3E7
01:000050B2 F7FBFC391F33FBE7
01:000050BA 1F32F8FA91FBBF61
01:000050C2 CB97D0EF20CFDF2F
01:000050CA D3FF00FF0033D79B
01:000050D2 F9C25BEF2983E6E9
01:000050DA 96DFC7BBB7BEDCE1
01:000050E2 FD7DFF07F6FFBB83
01:000050EA AB72BEDEC6FF778F
01:000050F2 FEFDFAFD60CFDD2B
01:000050FA F79FF9E7BFBAEFDF
01:00005102 FFFDABF7FD3A6285
01:0000510A F7F888F782EAEB69
01:00005112 82F5F77B83AAEFFF
01:0000511A 0EC2E6BDD68355F7
01:00005122 FFF0C2E73DE9825B
01:0000512A DB9C82BEFEDE353F
01:00005132 38C03B87FBFD7FFE
01:0000513A C07F837DB97DABC4
01:00005142 D7FE39F9FD83FA7D
01:0000514A FEFFC8FDBDDFEF37
01:00005152 FB797A7F16D7BB33
01:0000515A FE7DFAC4F7EFD8BF
01:00005162 3C80BD620EEEF13B
01:0000516A 97EF7DCCFBF76E9F
01:00005172 FDFF7FFF9FFFFCFF
01:0000517A FB8DF777078BFD7A
01:00005182 C58BFD7E8EF7D783
01:0000518A EBF6B47BC2FCFFE9
01:00005192 83D36BEDDEC93FFF
01:0000519A E2FE5EE2BE5EE2FE
01:000051A2 3DFE3287F60883DD
01:000051AA E3DB83C2FE398333
01:000051B2 833DC384FB83BBCB
01:000051BA BB87C0F73B3FCFBB
01:000051C2 C1D7EF3DC18FDFD8
01:000051CA E7FED0F9F7EFF6B9
01:000051D2 FFDE7BBFF5EEDFBF
01:000051DA 5FFFDFE2323FC133
01:000051E2 FC3FFFC2FCFF2733
01:000051EA F7D7B70487FBF776
01:000051F2 67C06B82EBED9D83
01:000051FA 6F75B9BDCADDEFF7
01:00005202 FD6E4D19BD73EBF7
01:0000520A 80DE80EE83ED6DF1
01:00005212 FFC1FBFD3C427F7F
01:0000521A 7F7F7C7C2D08801C
01:00005222 727F7F7D7D427F7B
01:0000522A 7C7F7F7F7F7F7D7E
01:00005232 7F7F7F7F7F7D7E7E
01:0000523A 7E2F0103076E6E84
01:00005242 1C813D3F187F7F75
01:0000524A 757F7F7F7F7E7F15
01:00005252 CF7A7F7F7F7F7F7D
01:0000525A 7E7F7F7F7F7F7D7E
01:00005262 7F7F7F7F7F7D7E7F
01:0000526A 7F7F7F7F7D7E7F7F
01:00005272 7F7273C09F820F1F
01:0000527A 0E247F73747F7F7F
01:00005282 7F7F7D7E7F7F7F7F
01:0000528A 7F7D7E7F7F7A7AC5
01:00005292 FEF8E0C0800063C0
01:0000529A F840C33078F1FB3B
01:000052A2 00040EC09F7F7172
01:000052AA 6E6E810F062C7F7F
01:000052B2 7F7F78787F7F7F7F
01:000052BA 7F7D7E2210307879
01:000052C2 C007407F7F7F7E7F
01:000052CA 7F7F7F7F7F7D7E7F
01:000052D2 7F7F7F7F7D7E7F7F
01:000052DA 7F7F7F7D7E7F7F7F
01:000052E2 7F7F7D7E7F7F7F7F
01:000052EA 7F7D7E7F7F7F7F7F
01:000052F2 7D7E7F7F7F7F7F7D
01:000052FA 7E00
                            	   338: intro_credits_ts_p2:
01:000052FC 0300FE7FDFFDEFFB	   339:     incbin  "inc/gfx/intro_credits/block40.bin"
01:00005304 F7BF17C52E013F6E
01:0000530C FF2210A800AA4409
01:00005314 5432271E133D769B
01:0000531C EC3198D00DA7E6CE
01:00005324 9B2090CAA1B8C629
01:0000532C D42010AA01AA4588
01:00005334 352414AA02AA4525
01:0000533C 7A29A8AAA441522D
01:00005344 910380700C234108
01:0000534C 55CC2010AA01AA41
01:00005354 0E302010AB000FCD
01:0000535C F03FE3201002FD04
01:00005364 7CFE8220114A83B6
01:0000536C B14827C1002483DA
01:00005374 4423FECAB62010AA
01:0000537C 01A35F253D209283
01:00005384 6D92FFDAFFC82011
01:0000538C 027C819E8B992010
01:00005394 AA01E805E01EB75E
01:0000539C A41992550855386F
01:000053A4 A210AD400F550AF4
01:000053AC D428BF126E8C3524
01:000053B4 4001028200F840D4
01:000053BC BA216A1508554925
01:000053C4 B209AC4708DE5420
01:000053CC 11AA04A9522449C7
01:000053D4 186883244912241C
01:000053DC 71BF264893274C7F
01:000053E4 F29D38F9CCDE1B6F
01:000053EC F50DEC2C831FF860
01:000053F4 B6918D7A6C249CE2
01:000053FC 6FB2BE8E919E6E5A
01:00005404 7680DE6164834F4A
01:0000540C 4E2CC01B83F838F3
01:00005414 E4FF20102A012A45
01:0000541C 08552010AA01A01F
01:00005424 E00B2011AA00FF68
01:0000542C FD78A35C63D19279
01:00005434 A8CDF006FA01AA45
01:0000543C 1824A010AA0126C8
01:00005444 4B802A122589AA44
01:0000544C 558290E08902A449
01:00005454 1225FF4891224489
01:0000545C 0B112619F3A6CC99
01:00005464 F3A48DF1B72AC1AA
01:0000546C 45085561C3868CDE
01:00005474 6508559904247AED
01:0000547C BCED39281BB111AD
01:00005484 450855B5008A21D6
01:0000548C C8616380C840F34C
01:00005494 F15482D222102801
01:0000549C 2847095520842804
01:000054A4 15E0FF3FF93060D3
01:000054AC A5F87602F4305C60
01:000054B4 0FF0DB5B88012478
01:000054BC 2E042E4E23026A20
01:000054C4 FF4201841A28AA10
01:000054CC 250B5738754890EA
01:000054D4 01AA4409324C5D88
01:000054DC 3377A24C99C090CA
01:000054E4 A1A8838E5920118E
01:000054EC 3AC12F3F5500E02A
01:000054F4 81EA450841182DA7
01:000054FC 12A84912742010AA
01:00005504 01C92A450804CF90
01:0000550C 2F53AB45C9A10A51
01:00005514 004935C8060855FF
01:0000551C 2010AA01A9450855
01:00005524 C41BD823FFFC55FF
01:0000552C E2D228FAC4BDE855
01:00005534 431340DBA648131E
01:0000553C 6E8F20CF2AC50855
01:00005544 41563A01AA450850
01:0000554C A311A609A7491EC3
01:00005554 C71C79E28F7C935C
01:0000555C FF3264CA916BC530
01:00005564 552254C962B018AE
01:0000556C D7134F1C239F7CEB
01:00005574 8F3EC23EFFD55FE8
01:0000557C 55254ACA3624490C
01:00005584 5182E11019048C82
01:0000558C 42A0144A8944B209
01:00005594 542010AA00A8410A
01:0000559C 85FF2010AA00AA44
01:000055A4 085520007FAAF711
01:000055AC 04FB2000FD45FCB6
01:000055B4 01B67B94767E0042
01:000055BC 1AE0A0017A882150
01:000055C4 00510DD40B843020
01:000055CC 06A8D8EF0725F90A
01:000055D4 09952112A603A949
01:000055DC 1E65DFC070546CCE
01:000055E4 1B8130AFFE8DF676
01:000055EC 33EB8670502A403F
01:000055F4 A512FF2010AA00FF
01:000055FC 154AFFDF3A14AA01
01:00005604 204F195346448089
01:0000560C 01120544A2912A01
01:00005614 AA4508554A229B43
01:0000561C A25E4229CA2011A9
01:00005624 00A845085501FEB7
01:0000562C 23F608B6C5F807F8
01:00005634 DF030083DB0CE01A
01:0000563C C2E47100836C200B
01:00005644 F0FFFF94BF7B91CD
01:0000564C 04E3A661BBC81740
01:00005654 882299426D901521
01:0000565C 1EAA04AF43045606
01:00005664 670DC80C47F23BA0
01:0000566C 100AE11E02E05D20
01:00005674 077883FF7C437C20
01:0000567C 10807EA581FE0131
01:00005684 15B1C810FA0124F0
01:0000568C 0A304A81C92AC508
01:00005694 5520132E16367683
01:0000569C F617F4D3FFD7D4D3
01:000056A4 C97A2011A900AB45
01:000056AC 085500B6FF00FF45
01:000056B4 085500DBFF00FF45
01:000056BC 08550170E619EA45
01:000056C4 0855007BBF14FF45
01:000056CC 0855B8FDC85DEA45
01:000056D4 08552090AA01AA44
01:000056DC 0854270BB3CF0BAF
01:000056E4 55173D8CE55EDAEA
01:000056EC 69C3F1208C94CF15
01:000056F4 7055F8A92010AB05
01:000056FC A9480C577FA28833
01:00005704 51647FCFF2802CF9
01:0000570C FA208AFD2010AA01
01:00005714 2952044084DB836D
01:0000571C 663633C77E6633B3
01:00005724 99D8CC66FF7B4E96
01:0000572C 2B4542A2AC7457DB
01:00005734 84AFC78DD4A058F2
01:0000573C 11F2754035200F91
01:00005744 27AF653E65006D92
01:0000574C EDE31CDA4D04B252
01:00005754 B1FBA5ECF51B0D0C
01:0000575C 060383446D3399CC
01:00005764 6633994C67CA1E87
01:0000576C C9703DCCF03457BC
01:00005774 F1CB046006400A46
01:0000577C 17014B108221834A
01:00005784 2197C6FF6A311A4C
01:0000578C FF007FFD916E5911
01:00005794 FC02F9FC22F9CF8C
01:0000579C 201F32CE39C7F092
01:000057A4 00FEC140BC03E825
01:000057AC 91C2CE31EAA5A8A5
01:000057B4 2317AC04AA470A55
01:000057BC 70B096AB5B2BBBFF
01:000057C4 36262BD1FF7C1C2A
01:000057CC F92B2E1C3BA59289
01:000057D4 541848EAE8318A7A
01:000057DC FB3010AA00FFA211
01:000057E4 FF331CAB01E2592C
01:000057EC D5D18054C1BC4708
01:000057F4 55241045114EF508
01:000057FC 55800BC3ABB3490F
01:00005804 56EEBB1551D18AA0
01:0000580C 8A27F9CF3E748EF5
01:00005814 0C554BF07F664D3C
01:0000581C D1A75972CE3D7308
01:00005824 F8F3076000BFC01F
01:0000582C 1CC338FF80304A01
01:00005834 0AC508552312AA01
01:0000583C AB568924DB1B39FF
01:00005844 CD1C7EE7F82C94AD
01:0000584C FBF6CB672F43BA37
01:00005854 759BCC6604F7CB2A
01:0000585C 93E7F4DDF75D2BFD
01:00005864 F91B59F53AFA9E3A
01:0000586C 3F3B9C72FF003B4C
01:00005874 9C253D8D7B2080F2
01:0000587C D5AE79B1B32110AA
01:00005884 01AA4508950DBAF4
01:0000588C 09A4420954200FF2
01:00005894 B459B8177506FFA2
01:0000589C 154A00FF0FCC38E7
01:000058A4 1C53240AF0E61906
01:000058AC E118C4A291FF2111
01:000058B4 AB04A849084D120B
01:000058BC 8BC36236994A9BAB
01:000058C4 05472D894BA7F63D
01:000058CC 94CAE5B35D6FDB59
01:000058D4 ED832A45085593B7
01:000058DC 6C05AB41065BF391
01:000058E4 5F7AFED9B4F3E41A
01:000058EC 4AB10A05C03DDF20
01:000058F4 10AA01AA45085566
01:000058FC 1DBB10A95F1550A0
01:00005904 504A41CAC508D520
01:0000590C 10AA01AA451069DF
01:00005914 A0102A01AA854854
01:0000591C 1C1FA338BE47F1FC
01:00005924 FD0EC3F1388CC663
01:0000592C 284C269DDC713418
01:00005934 FF1C26C349C46A25
01:0000593C 53AD68089ED57566
01:00005944 6B42ED3C1C87E398
01:0000594C 86F39D85661DE1DF
01:00005954 3120003251E2F568
01:0000595C 45360C9F23A96653
01:00005964 47EDB490FD98ABCD
01:0000596C ADA47CAA0100BEDF
01:00005974 FFFF2010AAC9D0FE
01:0000597C 32BF3F3CA11FBE61
01:00005984 2667C050CAC149C3
01:0000598C 05D92870941D0B9E
01:00005994 7BFA21AC94848D16
01:0000599C 3F670FE31907F65F
01:000059A4 B9FC339CCC6E331B
01:000059AC 8DCD8DDCC766633B
01:000059B4 B3A1FF2914AA01AA
01:000059BC 470A554ED9979E42
01:000059C4 F83F86E11826592D
01:000059CC C40C579079DAB575
01:000059D4 F302FEE0A0EAF06B
01:000059DC 3D9C4CCF95C47A79
01:000059E4 8ED542954DA47B2A
01:000059EC E5C8D5CB57CBB6AA
01:000059F4 400F59D13E323EED
01:000059FC 241CFF00300FAE20
01:00005A04 AF27D04F675AD244
01:00005A0C 09D2E478D4D6D1C2
01:00005A14 519295A885CC9933
01:00005A1C 266C83499206F3C9
01:00005A24 F90DE6F6325B6636
01:00005A2C B69B83DBD97589C6
01:00005A34 81104210428885FF
01:00005A3C 2714AB0BAE530C5F
01:00005A44 F2CEBC55ECDDF8B9
01:00005A4C 2114AF03AC470857
01:00005A54 FE02FE56A8FC5EFE
01:00005A5C 3B13AA02A9450A56
01:00005A64 45F2BFB665D6B175
01:00005A6C 40E0D269BEFAE5BD
01:00005A74 2710AF0AA745080D
01:00005A7C CFFF00FF00FE4508
01:00005A84 471DE6E76313D1E8
01:00005A8C 14D0E1A274F16892
01:00005A94 C97EE0609758B646
01:00005A9C 8A4192809686B6DB
01:00005AA4 D987DBD9CB49FFD2
01:00005AAC 927D6D5D7C6C1E79
01:00005AB4 58D4824014218812
01:00005ABC 203712AD01AA4508
01:00005AC4 55F860A05FCD3B08
01:00005ACC 5520172B052C4308
01:00005AD4 550EFE7E81FD4708
01:00005ADC 5522110B6386EB12
01:00005AE4 5D7081FA719659FF
01:00005AEC ED574B4FBE32F15F
01:00005AF4 5035B0EDD2B6AE45
01:00005AFC 085538C18E70A946
01:00005B04 0C5732CF31C30E35
01:00005B0C C85567C946819866
01:00005B14 1B569FE0CFDF96A2
01:00005B1C 22DDCC67532897C8
01:00005B24 643F74E49C79E38E
01:00005B2C C87CFB5D9891302A
01:00005B34 70D9C88C04512005
01:00005B3C B0096209FF2113E2
01:00005B44 1D03C03856A0506A
01:00005B4C CD59F3390E2010AA
01:00005B54 41AAB5386D2010AA
01:00005B5C 01AA45003F2010AA
01:00005B64 01AA4508952010AA
01:00005B6C 01A8430448201080
01:00005B74 3EC1001C772010AA
01:00005B7C 018A652825FF2010
01:00005B84 AA01AA4508542010
01:00005B8C AA00A14E30C02010
01:00005B94 AA01F00E01E02010
01:00005B9C AA01AA458855230C
01:00005BA4 30C1061DE8510718
01:00005BAC 6A81AA401FE01C13
01:00005BB4 AA01AA4588712010
01:00005BBC 9A61AA450855FF21
01:00005BC4 0039C7E158049A87
01:00005BCC 61F07CBEFB6C374E
01:00005BD4 CAF033180D84C420
01:00005BDC 10AA01AA45085620
01:00005BE4 10AA01A80367F920
01:00005BEC 13A40832C1116AC0
01:00005BF4 04246D2D5B48D560
01:00005BFC 20EA0029420A55DF
01:00005C04 11224688192648D8
01:00005C0C A0108F70800738D5
01:00005C14 E010CA310A856251
01:00005C1C 0220040049002001
01:00005C24 DF0E7080073AC508
01:00005C2C 55000FFA01AA4508
01:00005C34 550C03E018AE4508
01:00005C3C 552010CA21128944
01:00005C44 62EAA5F6DD5CB613
01:00005C4C 6BD63FBD66A7D7AC
01:00005C54 94D6669EDB8E0281
01:00005C5C B05D00B4DF96B296
01:00005C64 6D5500FF06777512
01:00005C6C C67FBBDBC903DB49
01:00005C74 B7FF385AB073E8FA
01:00005C7C 3957AA16AA012AC7
01:00005C84 3B032010AA01DB68
01:00005C8C 6A362215AE042A85
01:00005C94 A9552F16B9504824
01:00005C9C 2A95200C32A15048
01:00005CA4 2C262814AA35A291
01:00005CAC 4854A05022188740
01:00005CB4 B04EFF2010AA010A
01:00005CBC E52825210AD0430C
01:00005CC4 3AC4558ACD7A3199
01:00005CCC 47562C6150AA51AA
01:00005CD4 253069B6A5CD29B1
01:00005CDC 4B0E562050A0AE31
01:00005CE4 36694520102A01EB
01:00005CEC 3425662010AA01A8
01:00005CF4 46AFF5D8A050AA01
01:00005CFC AA452061E118AE01
01:00005D04 AA401FE055122081
01:00005D0C FE05F80710D9306A
01:00005D14 81AA450A549190CA
01:00005D1C 49CA89800D129193
01:00005D24 49CA45246222273A
01:00005D2C 83998C4C46D72118
01:00005D34 8641308C8350E010
01:00005D3C 2AC1380780702010
01:00005D44 AA010EF00007FF22
01:00005D4C 1315080A040584C4
01:00005D54 860D98F163165C21
01:00005D5C 10AAC1AA15183689
01:00005D64 46B00CAB45085574
01:00005D6C 7CD7CBEB790E55B2
01:00005D74 9CE74C5E2BE55BBE
01:00005D7C B01F200A617E2104
01:00005D84 E42D1BAA4508DBFF
01:00005D8C 9092B56D2E052C75
01:00005D94 A291AA01AA470A95
01:00005D9C 30D0AA00C1360881
01:00005DA4 3211A80894661195
01:00005DAC 2623B15068C40A55
01:00005DB4 20108CC360382E55
01:00005DBC 0F0C3320D8271089
01:00005DC4 F810837C0001FE55
01:00005DCC FF8698ED96B69656
01:00005DD4 442412298192A9A8
01:00005DDC CD61CC9B90C96718
01:00005DE4 5680602CB5266C5D
01:00005DEC 5B201008B6D795B2
01:00005DF4 6D2C10AA003F50AE
01:00005DFC 959C53A9000FF003
01:00005E04 9129846078877906
01:00005E0C 31DFB280031DEA45
01:00005E14 0895A0D0AA01AA45
01:00005E1C 08556220A012B148
01:00005E24 165548C84A089511
01:00005E2C 7085DF20108A6099
01:00005E34 06C071A010AA0192
01:00005E3C 6510934422B108AC
01:00005E44 46095520102A814A
01:00005E4C 252895C464655D4F
01:00005E54 73836232C010FFAA
01:00005E5C 41AA0560BAA34CD9
01:00005E64 3BA6450855678E2F
01:00005E6C 6BF55A0C5500106A
01:00005E74 0142FC6358B56DAE
01:00005E7C 0142A93C35506FEA
01:00005E84 19AA4508954050E8
01:00005E8C 03847881802010CA
01:00005E94 310AC924652220FF
01:00005E9C A012B148165548CA
01:00005EA4 4908841170852010
01:00005EAC AA01AA4508559048
01:00005EB4 CA25A45212592010
01:00005EBC A902AC4609550078
01:00005EC4 840532D212502016
01:00005ECC AD08AC4609555DD2
01:00005ED4 B58FAB4528156DDD
01:00005EDC FFB775DE54390920
01:00005EE4 D0AA1152C9282926
01:00005EEC 11AA01AA45085506
01:00005EF4 86C030AC47085580
01:00005EFC B0D0970D817E5540
01:00005F04 39A8042B45085524
01:00005F0C 04CA093AC5085520
01:00005F14 508A44A350085120
01:00005F1C 10DA2AC93009C825
01:00005F24 2214AA01AB440955
01:00005F2C A0502C13008C1206
01:00005F34 2914AC02ABDA8548
01:00005F3C 5520904A310E8060
01:00005F44 5F022044850A35C8
01:00005F4C 5520902A01AA4508
01:00005F54 55C780DC72210001
01:00005F5C 0306830585052DC2
01:00005F64 048C4383282A212A
01:00005F6C FFC900FD2010A61A
01:00005F74 AD75A9582010A20D
01:00005F7C 143F4D412010AA01
01:00005F84 803F40802010AA01
01:00005F8C 2A8548552010AA01
01:00005F94 AA4409522010AA01
01:00005F9C 6AA429522010AA01
01:00005FA4 AA05C8553010A918
01:00005FAC A4D45B0D55642404
01:00005FB4 CB0939C4552010AA
01:00005FBC 414A05C8552110D5
01:00005FC4 AA01AA4508550290
01:00005FCC 8C40B34D08554050
01:00005FD4 AA81AA450855830C
01:00005FDC 86C361DD311B0E27
01:00005FE4 140B05828D1A33F0
01:00005FEC 08E9FA1CEC2CC549
01:00005FF4 643AD1D29588A473
01:00005FFC A663833F61CC96FF
01:00006004 7CE4293366CDD8B5
01:0000600C 6090AA01AA05E954
01:00006014 26148933C61FEAE5
01:0000601C A40992254A9528D5
01:00006024 E010AA01AA450855
01:0000602C 2011A902AA440D55
01:00006034 C050C2FCE360D0B7
01:0000603C 2010AA012A8588D5
01:00006044 CB0AE11808050636
01:0000604C 6DAA41040DCB6CB4
01:00006054 906DDA8928956010
01:0000605C 2A01D28CD8702001
01:00006064 020489281F070080
01:0000606C 70FF0F0CF7B683DB
01:00006074 4BFFE7C28060D887
01:0000607C 68FC6D8EFFAAB28E
01:00006084 7C61BF3AA212AB01
01:0000608C AA816018B1921AE2
01:00006094 AB45085550B02182
01:0000609C 1AE5085160906A28
01:000060A4 2B4D997500384492
01:000060AC 2A0828932010AA01
01:000060B4 AA450854250C9733
01:000060BC 9C364FF36FFF58F0
01:000060C4 7353A80715A090AA
01:000060CC 012A45085508A440
01:000060D4 030C39A0532A4588
01:000060DC 95AA4530F57204AC
01:000060E4 03A8470A55708FF0
01:000060EC 0FF0FF0F0015D555
01:000060F4 043AC68995B2B1AB
01:000060FC D6D2D7295529FF4B
01:00006104 46551390685786E1
01:0000610C 78E6FE0001FF2097
01:00006114 4C470A4588553C92
01:0000611C 4925AC9652492038
01:00006124 2412AA894D554438
01:0000612C AA01AA4508552112
01:00006134 AC04A84810203D0F
01:0000613C 05010A090801E0CE
01:00006144 188F79AF45085520
01:0000614C 100AF13AC50855CF
01:00006154 2010AA01A8430C50
01:0000615C 2010AA012A856815
01:00006164 C72010817BDCFCA4
01:0000616C 9C33013D69FFC802
01:00006174 E3A0102A01AA4508
01:0000617C 553219A904AC440C
01:00006184 5420102A81AA8588
01:0000618C 152016AD08AC4609
01:00006194 55241028C120038C
01:0000619C 752918A00D946520
01:000061A4 6924A2D2294A9408
01:000061AC 35A0904A2192C554
01:000061B4 38D44080C0C5702C
01:000061BC 2748D50083040500
01:000061C4 05F6C0702010AA01
01:000061CC AA45007D2010AA01
01:000061D4 AA4409572858B7ED
01:000061DC 7AF2DEB910F0F251
01:000061E4 1A656805AC5BAA01
01:000061EC A843044904F8823D
01:000061F4 C41D52D52010A803
01:000061FC 3D83DDD42017FF04
01:00006204 BFDBDC55CD209062
01:0000620C 9944C2C9D42010AA
01:00006214 01AA4508C52010AA
01:0000621C 01AA559038084AC0
01:00006224 44C5549F844254A9
01:0000622C 93066138F144D2AB
01:00006234 01AA4508242011AA
01:0000623C 02AB450801BD12D2
01:00006244 254B569D5F378201
01:0000624C 2068D8B76FC92316
01:00006254 AF89AFD2CB0050E4
01:0000625C 468DF974F6F115E8
01:00006264 081AE9A2A95257C3
01:0000626C 32C41472830A0F8E
01:00006274 59FF2DAC2C9B3BCC
01:0000627C 0F4CA31B9DE47F3E
01:00006284 0345BA7DB590FCD8
01:0000628C 245231B613923624
01:00006294 65328CE05CF7DA93
01:0000629C 96655D54643B9CCF
01:000062A4 BC23CC31C71A6087
01:000062AC 380C728A0A1AE01E
01:000062B4 BD53838CA4F44CC2
01:000062BC 0C54FE84038B01F3
01:000062C4 DF21C15FFE83A35D
01:000062CC 9BB2CD5A87AA4548
01:000062D4 553000A020A06020
01:000062DC 0083080A0504C005
01:000062E4 83022A1AAAD004AA
01:000062EC 450854B0C0FFB6DB
01:000062F4 5B49B60900FCDC83
01:000062FC 6C2ADD3FDB34529F
01:00006304 2AD602FDFF9348FE
01:0000630C AA55C07F6A1FAAA0
01:00006314 71C404FB766FAA22
01:0000631C 138344BB01EEFFB1
01:00006324 282E5B40BFC42D5B
01:0000632C DBC4200FF5B4FC02
01:00006334 699405FC55221282
01:0000633C 3EC6425E75000206
01:00006344 091A2548D5A48A28
01:0000634C 8D2A4C1708A0A8D1
01:00006354 3CAB450855407FBA
01:0000635C C9CA85887902FCC6
01:00006364 BC25E641443D21C6
01:0000636C 11AA00A9460A55FF
01:00006374 2010AA4106481228
01:0000637C 20102AC570992878
01:00006384 49A214520550A043
01:0000638C 45AA51A8431CE106
01:00006394 4AA007788739C854
01:0000639C 803FCFF2A954AA40
01:000063A4 FF3FC23204915621
01:000063AC 4A299441268910E4
01:000063B4 FF0E30C946291A75
01:000063BC AA986592A4249944
01:000063C4 292010AA01AA4508
01:000063CC 554891689412884D
01:000063D4 22A9430F972CDA35
01:000063DC 28E9822C4D963142
01:000063E4 912010AA41200FF2
01:000063EC 27E66272E67266EA
01:000063F4 72C65AB6ED7B115E
01:000063FC 3DC657FAA98A3530
01:00006404 9583F8402A80FF44
01:0000640C 8C2C0C4CA5500254
01:00006414 00158060422A9122
01:0000641C 40130DF88C522841
01:00006424 A512822D62CBA296
01:0000642C 442999352C9C4C2C
01:00006434 9C4C2C9C3F152209
01:0000643C 1411040960B158AC
01:00006444 522B45289E2D8CCF
01:0000644C 4C3A985AB9326069
01:00006454 CAE0CBA08A46CD12
01:0000645C CF74C8D5D8A56015
01:00006464 4811471E267F2010
01:0000646C 0033218940C74812
01:00006474 0A02E0F9344ACADB
01:0000647C 6FB53F2F619F2BBA
01:00006484 EDDA83F96423E0E6
01:0000648C 0CAC1CD43C549428
01:00006494 0601048280818040
01:0000649C 9400A20880240230
01:000064A4 10B53335B32A6276
01:000064AC A8C412650A055083
01:000064B4 55A254AACB452A85
01:000064BC 4A50AA55A8452A45
01:000064C4 1A8378D9A898FF49
01:000064CC 1A4954AA15A2548B
01:000064D4 522C40A060B05058
01:000064DC 289820B06AE1A050
01:000064E4 A856E010AA01AA45
01:000064EC 08152590AA01AA45
01:000064F4 085449155644150A
01:000064FC 1468BE1FCB5204A9
01:00006504 9245EAE1EA6530C5
01:0000650C 559829A05028C5B4
01:00006514 5AAD5623E02FC020
01:0000651C 09D6A24920480C15
01:00006524 484C240A46AB114B
01:0000652C 5429120914020984
01:00006534 89903283192010AA
01:0000653C FC01AA4508557991
01:00006544 5224489146184422
01:0000654C 52A8805A01282255
01:00006554 8A10A58AD54A0D43
01:0000655C AA01AA450855C03F
01:00006564 E01FAA45085503FC
01:0000656C 07F8AA450855B0C0
01:00006574 AA01AA450855E628
01:0000657C 92FFE16A8528E58C
01:00006584 54FC3DAC75275F90
01:0000658C C866B1482C56A396
01:00006594 48220CC221180409
01:0000659C A449920452288345
01:000065A4 4264A1FFB010590C
01:000065AC 3F995F2D4EAF5E27
01:000065B4 542A54AA95AA5442
01:000065BC A6CB71B409AA54AE
01:000065C4 21148AC122589628
01:000065CC 264A954194698429
01:000065D4 27150B144102050A
01:000065DC 25A295D2C9686432
01:000065E4 EA5DA749FF2255A2
01:000065EC 519229C4719E2795
01:000065F4 4A452A912A512845
01:000065FC 9202091869A0A956
01:00006604 0BA8430C54ADDBF6
01:0000660C 3C522B56AB51AB45
01:00006614 AB250255400AA002
01:0000661C 492154214AA41249
01:00006624 12258A3401FFA248
01:0000662C 16A97A8D068B2749
01:00006634 14AA442A954AA5D0
01:0000663C 6934522952A512A8
01:00006644 4090A866024D1228
01:0000664C 4AA5CBE5385FA755
01:00006654 AA49C078AFD5FC7F
01:0000665C 972A244801F0AFF4
01:00006664 FF8F2440100FC9F2
01:0000666C A841F4000FF96489
01:00006674 4AC9152A08102A41
01:0000667C AA450855D98D463B
01:00006684 5E773D5F97F8CD7F
01:0000668C B45EBE4AC950AA40
01:00006694 0CFB62582F120423
01:0000669C 80FE55C320A15609
01:000066A4 27FF4449C224512A
01:000066AC 23FF8912E6542994
01:000066B4 001EF54A5AAD5EA6
01:000066BC 568E27932289F0EA
01:000066C4 754838975428A030
01:000066CC 503090504102070C
01:000066D4 122952CD4E4ED3A1
01:000066DC 8A513EBF58B2FFE5
01:000066E4 355A1A492FB9D5FA
01:000066EC 1E06038001235186
01:000066F4 6BFC9E7C625522AA
01:000066FC 3FC5AA14AA548A4B
01:00006704 D43AAF05AA5588A5
01:0000670C 5A85020588422555
01:00006714 A84AA51E72558891
01:0000671C 44AAFF44A2154249
01:00006724 2294E95CAB5502F2
01:0000672C 69E4713A75BADD4E
01:00006734 4EFFEFF3B81AAE47
01:0000673C 09FEC26DB4B89C67
01:00006744 97F81646045C3914
01:0000674C C8E0FF1F2C8C3A7D
01:00006754 B86092142910B97C
01:0000675C 381BE7FF3F1F3F7D
01:00006764 F8E0C0D8F4DAE37F
01:0000676C 7EBF2010AA010A01
01:00006774 C030C1F7FBC1FDAA
01:0000677C 3300FF38FFDCECAC
01:00006784 6EB656FEF27FFE70
01:0000678C 548248043137556F
01:00006794 FE6D79D4C9D48014
01:0000679C 412B03477768C3CF
01:000067A4 FEF5C8D5FF7FF9C1
01:000067AC AA4508556E36A627
01:000067B4 BB757D5A22102A01
01:000067BC AB86CF6171DCD0FA
01:000067C4 F1EAE5CBD52F1EBA
01:000067CC 71EAC58855ABECFE
01:000067D4 F1EA45C8D5B9DDEC
01:000067DC 76BB5DDD1D5AAF1E
01:000067E4 BE1D1AC5E07500F8
01:000067EC FE39AA4508052010
01:000067F4 AA01AB450A57A090
01:000067FC A8C333FCF52FD63E
01:00006804 FAF1EA450855B0B8
01:0000680C DAD9DAB9B8B72717
01:00006814 AE0DAE5D185D8330
01:0000681C BA01EAC3450855B6
01:00006824 817677836E637720
01:0000682C CE10AA01AB4F18F5
01:00006834 2018BA41EA7D0F55
01:0000683C D8B1BBB979E4724D
01:00006844 6E2090FCF68A7DFE
01:0000684C FF2111AB0F9F3FFF
01:00006854 57AF83476536ADDD
01:0000685C A8A5E496EE6FEE5D
01:00006864 3C5D2018AA11B845
01:0000686C 2F772011A71FFEF5
01:00006874 68FF809183A71EB6
01:0000687C EF83F0EA81AAEF45
01:00006884 88916B5FFAB1FADD
01:0000688C FEF7262BAA29EF7F
01:00006894 1E5DF152E1FFDFBD
01:0000689C 68D5476F9FF9EA45
01:000068A4 08551B3EBC747969
01:000068AC EAE92016AE1D9A83
01:000068B4 70752313FFAB06AE
01:000068BC 470F5668785AD1FA
01:000068C4 A586DF2010A8077F
01:000068CC FFE85520003FFFEF
01:000068D4 45085560D0EAF1FA
01:000068DC 793C5C2E1EAF07AB
01:000068E4 470B5520102A01EA
01:000068EC FFFEF5251DAD0FBB
01:000068F4 5B376EF8B0D0EA41
01:000068FC 6A4508D52040F23C
01:00006904 BF4508552010AAD0
01:0000690C 018AF13E572010AA
01:00006914 01AA43674D2010AA
01:0000691C 0033F7766EC26DDD
01:00006924 3D140FA0D0EAD479
01:0000692C BC7F0F572010AA11
01:00006934 BA5D0E9E98D0CA61
01:0000693C F07E0E578336AE6E
01:00006944 EEFF5ADA3BFC9CAC
01:0000694C 0EAECE0E562010AA
01:00006954 01AB471F7FC7E3F3
01:0000695C DDDF7F6F6720102A
01:00006964 01AA85C8D5B76F6B
01:0000696C 636A747AFF2693CB
01:00006974 E7F31F7FF42010AA
01:0000697C 81CAE5E8F56CF8DA
01:00006984 D1CAC4C548557170
01:0000698C C5BA3DAE470B5583
01:00006994 E0FA3DBCCACE8FD7
01:0000699C 2010AA01AA450855
01:000069A4 86BFDBD883686CF8
01:000069AC 3CEDBC36B7530F1F
01:000069B4 2010AA012A85E0FE
01:000069BC 40E0A2F1D2557075
01:000069C4 C361E261BA75305F
01:000069CC 2090CAC1C0003CFE
01:000069D4 2010AA01AA450855
01:000069DC 832EEE36B7C87719
01:000069E4 5F200FFFF90A8380
01:000069EC CF83F4AE0031DAFF
01:000069F4 FCD55F3F6AC1EAC5
01:000069FC 0855E0FCFF1FAB45
01:00006A04 08552010FEFFFE45
01:00006A0C 08518330FA59BAD2
01:00006A14 5DE8F1FFF5FDAAFD
01:00006A1C EB00D4DAEFAD2FAF
01:00006A24 16131C37BBFF6DD9
01:00006A2C BB673F1A9A849697
01:00006A34 0289FED01A80CEFF
01:00006A3C 0068E8E0EAE1EAE5
01:00006A44 E0E5FF2617A50FBA
01:00006A4C 58195FFCFEA30F7E
01:00006A54 EDF8D50781FCFEAE
01:00006A5C 4608FE8DE3077FFF
01:00006A64 45885B807C228ECE
01:00006A6C F638FC70767A752D
01:00006A74 450901E0F0DEDFCF
01:00006A7C E5E0F1201022F1FC
01:00006A84 7E1F62C72010AA01
01:00006A8C AA450895C72010AA
01:00006A94 00A840030F831DBF
01:00006A9C 7B7ACAF7CEBD2010
01:00006AA4 AA01AA45081552C7
01:00006AAC 6F6BF9DBF1D5D154
01:00006AB4 5F5F5151C74060C2
01:00006ABC 51DA556467CBDBEB
01:00006AC4 53FB57B9F7AAFEEF
01:00006ACC FFF732BFFE32F7BF
01:00006AD4 3B5FAFD5D1E6F9DE
01:00006ADC BFF7DFEF55FE553A
01:00006AE4 82B5DFEF57D72B83
01:00006AEC 6D7E7BB9C1BABE0B
01:00006AF4 EFF77FD38FF3FCDF
01:00006AFC BFF7AADFEF55FE54
01:00006B04 B1CF3FDFEF54F00F
01:00006B0C 33E3DFEFC101FC0C
01:00006B14 03DEA54B33FDEC2F
01:00006B1C C1DB2502F6B333DF
01:00006B24 EF54C6FD439FFFBF
01:00006B2C 4D9232DBFF03DEED
01:00006B34 03CC7FFFFEEFFFDF
01:00006B3C EF553ED702E0FE33
01:00006B44 77DF5FC4BEFFAAFE
01:00006B4C FF175FB6F7C8AB6B
01:00006B54 FDDF6BFFDEFEBC80
01:00006B5C B581757683F6FE76
01:00006B64 F6D5BBBAFDDAD7EA
01:00006B6C FBFD5EFF57BBF3A5
01:00006B74 DEED53F74F9FBF7E
01:00006B7C 33F4FBD7CEAFDFBF
01:00006B84 9F7FFFF7EFDFBF7F
01:00006B8C FFF3FFFE33FBEFF7
01:00006B94 323FFB337FFFFDC6
01:00006B9C ED7BFF7F9FE76F33
01:00006BA4 EFFDFEC46E2EF6A1
01:00006BAC DE3FFEFC1F39FCF2
01:00006BB4 DFEFD5FED5BAF6A9
01:00006BBC DFEF55FE401FFFF5
01:00006BC4 DEED5303FF95FF7A
01:00006BCC BFDFEFF6F5FABBFA
01:00006BD4 FEFFFDFE54A1D9BD
01:00006BDC DFEF54F917CFC74D
01:00006BE4 CEDE3F80BB83DD4E
01:00006BEC FFFEC975FB57AFDF
01:00006BF4 BE7EFDFBF713DDBF
01:00006BFC 7FC1FFBF33FEBFBA
01:00006C04 33EDFE55C3BAF7AA
01:00006C0C 7F3777BBF7C1AAFB
01:00006C14 0EFAEF33BFDEFFCA
01:00006C1C 5DFD5DBBF7AAB5FF
01:00006C24 54A9F737FBFF74D1
01:00006C2C F3CFFE6BFDDBEBD3
01:00006C34 FAD3BBF7ABDE7AD6
01:00006C3C FAEB37FDB5F5C1F3
01:00006C44 F083F6F2F3DDD5FC
01:00006C4C FFF3DBCB53BDBE78
01:00006C54 6E6A4E2E6ECDCEAC
01:00006C5C E6A4E7E37D83EE7D
01:00006C64 5E7CCA7866097FFF
01:00006C6C F4FD53B7CF3E05EE
01:00006C74 33BB7FFFF2F7FFE5
01:00006C7C BE94B3ED96DEE14F
01:00006C84 35FFDFFF9F1FEFE5
01:00006C8C 6EF53A77009FBF7F
01:00006C94 FF5FAFDFBEDFEF55
01:00006C9C FED5BAF73BFEF3EE
01:00006CA4 DFB57BDFF6AFFEBF
01:00006CAC 1B7BF7ABCADFEF54
01:00006CB4 FD55B9F5ABDF3BDB
01:00006CBC 36ABFE83F4EEF7FF
01:00006CC4 CB5AF7AA9BCB9BFF
01:00006CCC 56AEDF9F0F13FF15
01:00006CD4 DAD1D7EA3F6F7DFE
01:00006CDC 55BAF7A25BEB57ED
01:00006CE4 4FBB3EDF35FE35AE
01:00006CEC 33FCFFF5D38BB671
01:00006CF4 BD6BF6FD7FFFDDEF
01:00006CFC FFAFFFDF7FFFF5FE
01:00006D04 3E03FFEBBFF6F7AA
01:00006D0C FDFF7B7D57BEEBBE
01:00006D14 8DE6F3F87DBCBEDE
01:00006D1C 5DEFB97ABD7EDFEF
01:00006D24 DFEF55FF56BD73B5
01:00006D2C DFEF55FE55BBF6A9
01:00006D34 DF807FD5FBFD09F7
01:00006D3C DF02EDB8FD83B7FF
01:00006D44 7BEDC8BAFAB6F4FE
01:00006D4C ECDE857B17FAAADB
01:00006D54 DA2DDDDFDE7A4E6F
01:00006D5C FADFEFAFFBDEEF6D
01:00006D64 9EDDEB57F74FAFDE
01:00006D6C BDF5F3D7337FEFFF
01:00006D74 C2B7FFEE37EFBEBF
01:00006D7C D6EF95C0FF5AEDFF
01:00006D84 DFEF5500FFEBB5FF
01:00006D8C DDEF57FF502F77BD
01:00006D94 83DE9EBD3DD27BF6
01:00006D9C E71FEF55FE553A77
01:00006DA4 2ADEEEF7FF3FE7FB
01:00006DAC BDC7DDEF55FD55BB
01:00006DB4 F6A931B787B647B6
01:00006DBC F831DF83DBFFDB1E
01:00006DC4 EAE6F9FC7D6DFF6D
01:00006DCC FBFFF0FF6B7FFB2A
01:00006DD4 ED0DEF42E7BDF7EE
01:00006DDC DB7FD5EAF93ABFAA
01:00006DE4 FDFF53FF57BBF7A7
01:00006DEC DFFFBFFF0403DFEF
01:00006DF4 15C0E087FEBCD887
01:00006DFC C07F3BBFDFEFDB01
01:00006E04 7EDBFEFF81DFFB5F
01:00006E0C 1FF5FEDBFFCD3F75
01:00006E14 FED53AF7AA5C634F
01:00006E1C 5F3F7F311F8BF7F3
01:00006E24 F9FBC8DDEF55FD55
01:00006E2C BAF7AAB63BBAF7AA
01:00006E34 C0DB3BBAF7AAC06C
01:00006E3C 0FFFF5BAE7F7AABB
01:00006E44 FB7FEBFFBAF7AA7B
01:00006E4C FDF5BEF5BAF7AA9F
01:00006E54 EF55FE55BBF7AAD7
01:00006E5C EF5FEF4FBDDFBFFE
01:00006E64 FDDFDBFBF983F353
01:00006E6C AD9DE49CFDFEFBFA
01:00006E74 DFEC53F75FBFF7AB
01:00006E7C 7FDDF7FF7FEEDBBF
01:00006E84 FD7FD3FEFDDF75FE
01:00006E8C DFEF55FED7AEF4A3
01:00006E94 6AC7FF7FFFEFD7DB
01:00006E9C E3EF1BF3EFF7E2FF
01:00006EA4 B7AFFB5FF5F6F572
01:00006EAC 7732D0EF5FFB77BE
01:00006EB4 E5BE926DFFEDEBFF
01:00006EBC FD7F4FB7F7B7F95C
01:00006EC4 F5FE3FFEFFBA61C0
01:00006ECC BF33F7FFFE33FBF7
01:00006ED4 BFCCFEFB9FF9BFF5
01:00006EDC BFEBFFB4EF7DDE83
01:00006EE4 B5DFEBFFC0F7600D
01:00006EEC 7E0AFDFE32FBF933
01:00006EF4 D0FF1FC1CFF93641
01:00006EFC FE370BE7EA33FDB6
01:00006F04 E5FFEAE7EADBEF57
01:00006F0C FF53BAF7A977D176
01:00006F14 5FBFDF7FF9EDFF37
01:00006F1C DFBBEFDBFB7B7F5F
01:00006F24 7BBDBEEF97FFFBF9
01:00006F2C FAE9FF7BFBDFEF55
01:00006F34 00FF5DEEFFDFEF57
01:00006F3C 1EE5BAD5ECEEFFAB
01:00006F44 FE7BC8BFF7AADBEF
01:00006F4C BAEFBFF2C9F7AA7F
01:00006F54 F57FB75DBFF7AB33
01:00006F5C FBAEF5C2DF77DF37
01:00006F64 B77FFDC3FFAA7FF2
01:00006F6C 37BCFFBFC47FCFFD
01:00006F74 FFEF37EF80BF33FC
01:00006F7C FF3F13D5DED5CAFA
01:00006F84 F6ABDFEF57DD2773
01:00006F8C FBFC35FD37FEFBD5
01:00006F94 CAECDDFFFAF7FFBF
01:00006F9C 7FDDF6BD37FCFFDF
01:00006FA4 C8EEFFFEFFFEF7BF
01:00006FAC DDFB33AFF736CBFE
01:00006FB4 FAFEFBFFFA7EC4BB
01:00006FBC 7FFFE7375F8FF1C2
01:00006FC4 F4BE7F33DFEF55D9
01:00006FCC FE553A77AAFFDD7B
01:00006FD4 FE5FBFF7ABD00FFD
01:00006FDC 7BBE5FF7F206FF5D
01:00006FE4 EAB533EFFF3FD7E7
01:00006FEC FCAFDBF5FFE7F9FE
01:00006FF4 FF1FD76B75DFED53
01:00006FFC F75FBFFEAFDEEF3B
01:00007004 FD7AFFFFEFD7FD97
01:0000700C 5FADDA7FFEF7FBFD
01:00007014 FFBFDF57EF57FE55
01:0000701C 3A772AFFEF57FE57
01:00007024 B8F6BFF771AFFEFA
01:0000702C BFC7F2FEF3EDAEF5
01:00007034 3AC3FCDFEF55FE55
01:0000703C BAF7AA7FDF5FFF4F
01:00007044 BFFDBC9FCDCFD5FE
01:0000704C D5DAD7EADFEF55FE
01:00007054 55AAD7CEFA9FEF55
01:0000705C 7E95BAD7CAFFDF7F
01:00007064 FF3F7F31FE61C7DA
01:0000706C B5DEEFFBFEFBFFC6
01:00007074 DFBF7FFF77FBFD1C
01:0000707C 340FFFFB7FC0F63B
01:00007084 BF8F6FC2DB97E533
01:0000708C DFF75FCF4F3576F5
01:00007094 FAE7EADFEF5FFF76
01:0000709C F9EFFBED0FFE98BB
01:000070A4 CEFFDFDDFF55FE41
01:000070AC BEFFDFCFD739FEF1
01:000070B4 037EDFFFD17FDF7F
01:000070BC BFFEBFDFCFD4DFD5
01:000070C4 DB07DFBF73F4FD33
01:000070CC 7FFFE1C0EC82FCFD
01:000070D4 F73B1F07F7C6FFBF
01:000070DC FFFDFBFFF73BFEEF
01:000070E4 FE31F733DFEF57C9
01:000070EC FF54BBF7A9FEFFF7
01:000070F4 FF7F33FEE7F9CBFE
01:000070FC DF97BFF7AFF67BD8
01:00007104 FD7DFF0013E5F4FB
01:0000710C 37F7EFBFD47379FE
01:00007114 AB7DEF7FBFFBE5FA
01:0000711C D74AFFF7FFB655B8
01:00007124 FFAE03FFFC7DC01C
01:0000712C 33DFEF4FC9FF7F3F
01:00007134 DFCFFFDBD7CFDF32
01:0000713C CAF783F576F5FAC1
01:00007144 E7EA711BFFEFBDC3
01:0000714C EFBDF7FAD7DFEF53
01:00007154 FF4FBFEFBFFECFFD
01:0000715C 7CEDFCFBFADBEF57
01:00007164 FB57BFF3AF87FE56
01:0000716C FEFC03FBEF57D0FF
01:00007174 55B9F7AB7AFDFFF6
01:0000717C 77D3F772DFEFF5F8
01:00007184 03FFDBD7C8E85FFD
01:0000718C 57BA7702FF0037BB
01:00007194 F087C0DD340BEFF7
01:0000719C EDC2EB77F701EF33
01:000071A4 E8F77FC3773BB7C1
01:000071AC 6CC0DF33DDFEFFC6
01:000071B4 ABFDBFEBDE77ED0B
01:000071BC FF4DFEC655BAF7AA
01:000071C4 FBEFE007BBF7AAC7
01:000071CC DBEF537F57BBF7AA
01:000071D4 017E33BBF7AAE0DF
01:000071DC ED176AE7EFFEBCF7
01:000071E4 F6F5F076BFEFABF7
01:000071EC FF3DBD7FFEF7BAB3
01:000071F4 DDEEFB5DBAF7AA3F
01:000071FC 337E55BFC9F7ABF3
01:00007204 CF3FFFFDFAF7AA33
01:0000720C 77E7F9C3FEFFAEDF
01:00007214 60C0DD33DFEFF7C1
01:0000721C FBFC61D17FFF7AFF
01:00007224 FEFFF5FFFEFFFBAE
01:0000722C DFFA4FF69DF6C3DF
01:00007234 0FE3FD37AF8FD5E9
01:0000723C FAFF7FFFFDFFDFEF
01:00007244 155EE5F2FBFCDFEF
01:0000724C 55FE55BAC03FDFEF
01:00007254 55FE55BA778ADFEF
01:0000725C 55FE54BBF7AFDFEF
01:00007264 413E37EBDFEFDB55
01:0000726C 7E95EAE7EADFEF55
01:00007274 FE55BAF7A8DFEF55
01:0000727C FE518F3FFFDFEF55
01:00007284 0EF1FE33DFEF55C7
01:0000728C FE553AB7CAD3CF3F
01:00007294 33FAF6A133F5FE55
01:0000729C DCA01FFFDFEF55FE
01:000072A4 553A87F2EFF7F5FE
01:000072AC 55BAF7AADFC739FF
01:000072B4 7FBF679BFF7F3AFE
01:000072BC FF8AFEFDFE0FDFEF
01:000072C4 55D4FE55BAE116DF
01:000072CC EF55FE559B67FDDC
01:000072D4 EB57CF3FFDFFEE3F
01:000072DC DBD7EA13F57E55CE
01:000072E4 BBF7ABDFBF7DFEF1
01:000072EC F7FFAFDFE00F7F37
01:000072F4 EAFF2FCFC5F6F9FC
01:000072FC FEBFFDDFFBFFB6FF
01:00007304 DEF98F7F33FDFAF7
01:0000730C C0AA33F5FE55C3BA
01:00007314 F7AAFC3757BBF7C8
01:0000731C AADF2FD5EEF5FAFD
01:00007324 BEC7BDFEFF7FBF9F
01:0000732C EFF7337FBFDFC4EF
01:00007334 F7FBFEDE337F8FB3
01:0000733C C27C4BB43BEDAA02
01:00007344 35FD301C300032B7
01:0000734C FD037EEDFEC7FFF7
01:00007354 DEEF55FC12C733DF
01:0000735C EF54C125DB17FFDC
01:00007364 E9C8577F579BA7F2
01:0000736C DF669F0BEFE7F3C3
01:00007374 D3ED7EBF0BE7EBDF
01:0000737C CDE74B7DBEBFDFCF
01:00007384 9FCFE5F8FF7FBF0B
01:0000738C EF55FEE715EAE7EA
01:00007394 2F3DECB3CF35FBAA
01:0000739C FB7DBE5FAFDFCFE7
01:000073A4 FFEF954EE5EAF7FA
01:000073AC FEFF7FFF5FBFF7AB
01:000073B4 9F4FE1EE37F3DFEF
01:000073BC CDD516E8FCFDFFDF
01:000073C4 EF55FE5116AFFF13
01:000073CC 55FE55C29A2E6133
01:000073D4 57FF55C4A01FFFDD
01:000073DC DF337F02F833EFD5
01:000073E4 FEC354B9F32F1B79
01:000073EC FA79C2FAFBFA1BF5
01:000073F4 FA79C5FCFDBEEBE7
01:000073FC FE3FE7F9FE041FCF
01:00007404 FFEFC215C6F837DF
01:0000740C EF54C1F10F34C6EF
01:00007414 F5F3FBF9FDFC0DFE
01:0000741C 337FBFFFD0AFDF6F
01:00007424 95DEE5F2F9FEF9FF
01:0000742C 7FFF57BAF72A31F7
01:00007434 33BFF6AAC7FBFEF7
01:0000743C CDDFFFF7BF33DFFF
01:00007444 F5C1E0FE3BFB5DB2
01:0000744C C128DB33FD6CD5D0
01:00007454 D4AC7D9FAFD5FE54
01:0000745C BB77ABFFEF553EC9
01:00007464 F733DEFF5FC77F8F
01:0000746C EBF7F2FF7F9F0BBF
01:00007474 F7ABC2EFF3FC37F7
01:0000747C EBFFC9ECFF3FDFEF
01:00007484 F7FAFF6C833BAAFD
01:0000748C FAC3EDBF9FBF87DF
01:00007494 EF57AEC395BABBFA
01:0000749C 33F7F679C6BFFFAF
01:000074A4 9FE3ECFD33DFDBDF
01:000074AC C2EF01B633FB6FDF
01:000074B4 CBEF55D03F7FEFCB
01:000074BC DFEF56F00F32FDFB
01:000074C4 331F87F8C0FE3BFE
01:000074CC F5BADE77AA9FAF55
01:000074D4 FE55BAF7AAFFFD7D
01:000074DC FE5FBFEFABFF7FFD
01:000074E4 7FFBFFEFFADFEF15
01:000074EC 66F933BFDFEFD555
01:000074F4 7E8DEAF7F4FDFE5F
01:000074FC FF57BBF7AADFEF55
01:00007504 BED5EAE7F233DFCF
01:0000750C FF03BEF77FCFF5FE
01:00007514 D59A65FABBFF7FFF
01:0000751C 56BAF7AA67EF33F7
01:00007524 BEFFFFAADFCFD5BE
01:0000752C C1FCFFBFFDED75BE
01:00007534 55EAFCFDDFFFF9FE
01:0000753C 55BA77AADFCFD4FB
01:00007544 077FFFFEDF2FC5F6
01:0000754C F9FAFDBCFFFD7DFE
01:00007554 5FBFEFABFB79FA7F
01:0000755C F3FEEEF9DFEF55FE
01:00007564 55BAF7C92AF7FB79
01:0000756C FC7DBEFEAFDFCAEE
01:00007574 55FB57BBF72A877B
01:0000757C FDFC87FE9EDDEECD
01:00007584 5FFF57BBF7AAFDF3
01:0000758C B7FF95DAE7F237FD
01:00007594 FFF7331FCFE5CCF6
01:0000759C F5FAFB7ADFEF55FE
01:000075A4 55BAF7AA337FFF5F
01:000075AC C6BBF7AA8FB7F0F7
01:000075B4 37AAFEFFE85F7F57
01:000075BC BAF7AAFD3FFDFEF5
01:000075C4 FAF7AAAF77F9FC7F
01:000075CC BFFFBFDFEF15C6F7
01:000075D4 FAFBFCDBEF57FF55
01:000075DC BAF7AB9FC3EC3BEB
01:000075E4 DFEFC9577F95BAD7
01:000075EC CA5FAFC4F137BFDF
01:000075F4 BDCD7DFEFDFAF7AA
01:000075FC 9FEF55FE55BAF7AA
01:00007604 C2F3FDFE6107577F
01:0000760C B7C0DF837B797A39
01:00007614 D0FAFBFADFE946DE
01:0000761C 3F7FEF7EDFEF51EC
01:00007624 5C3F33DFEF55FFFE
01:0000762C 403F7FFFDFEF55FE
01:00007634 55BAD7CADFEF55FE
01:0000763C 55BAF5ABDFEF559E
01:00007644 65EAF5EBDFEF55FE
01:0000764C 553AD7CADEFE5FEF
01:00007654 5FA7F2AABDFD3EF9
01:0000765C FFF7FAABDF6F95DE
01:00007664 D5DAD7CADFEF55C2
01:0000766C FE55BAC3F7AAEFF3
01:00007674 337FBEF7C8AADFEF
01:0000767C 95FE55BAF7AA62CB
01:00007684 EFF7FBFDFBFFFEFF
01:0000768C F7FAF9FB313F33BF
01:00007694 3BF5C5F7FBE7EB7F
01:0000769C BE3FF77FE7F3EFFE
01:000076A4 FDFAF6A9DFEF55FE
01:000076AC 541BE7F2DFE74F3E
01:000076B4 FCFBF7EBD76F5FBE
01:000076BC 7DFAF7CADFEF55FE
01:000076C4 55BAF7AADEEF55FF
01:000076CC 53BFF7AFDFCFC1FC
01:000076D4 FF7F33DFEF55C9FE
01:000076DC 55BAB7AA15E6FBFA
01:000076E4 FD33ED55BAC2F58C
01:000076EC 6D0F6EF9FAC5FFFA
01:000076F4 FFEFD57E60C2FEFD
01:000076FC EF397F36F7B63812
01:00007704 67DB86FBFC6D12FF
01:0000770C EF07FFFB9FF3AF95
01:00007714 BE959EE7F9F5B7F7
01:0000771C FF55BAF7AAF7B675
01:00007724 B7F7FBF7A26FF7F9
01:0000772C BAB9FBF7EAC7BB7D
01:00007734 FEEEDEEEFEDFEF55
01:0000773C FE55BAF7AAD7EF5F
01:00007744 FF3F05FF0437AF3F
01:0000774C 0AE29FAFD5FE553A
01:00007754 F7AAF758B0C20F36
01:0000775C FCEB553AB7AA95CA
01:00007764 F7FAFBFF57FF54BB
01:0000776C F7ABFF8FF03C1B77
01:00007774 F7F3C2FBB7AA33EF
01:0000777C F7F3C6F9F6AAF9FB
01:00007784 FFFD33EFAFFE31E7
01:0000778C 37FE5CAFD5D7DFD5
01:00007794 FAF7AA5DBEDFEFE7
01:0000779C F3F7FBC7FB7D7E9E
01:000077A4 BFD7CF3355FE55CA
01:000077AC 3A772ADDEB57F75F
01:000077B4 AFDFBF33FDFAF9C4
01:000077BC FAFBFAE7F83357BA
01:000077C4 F7D8AADFEF05F6F5
01:000077CC FAF7AADFEF55FE54
01:000077D4 B3EF9FDFEF55FE55
01:000077DC 9AE7F2C4DFEE257B
01:000077E4 DF31DF3BDFBE0EE4
01:000077EC FEDF6F557E55BAF7
01:000077F4 AADEEF5FFF57BFF7
01:000077FC AFDF6F55BE95BAB7
01:00007804 AADDEE5FFF57BBF7
01:0000780C AADFE71FCF03FFFA
01:00007814 FBC6FF53EC5DBEFA
01:0000781C BB1357BB7DCBFBE6
01:00007824 E99FAFD4EDF3F73F
01:0000782C CF7F37EFFBF7C1AA
01:00007834 FB0FFCFDFCD3FD7C
01:0000783C DFEF55FE55BA837C
01:00007844 DFEF54FE55BAF5AB
01:0000784C BF7F317F31FB1BF5
01:00007854 F6F5CAFAE7E2FF5B
01:0000785C 55FE54BBF78F3341
01:00007864 3CFCC7FDF3F7DFEF
01:0000786C 54C33F37DCEF47C1
01:00007874 BFFB375F8FE5D9FA
01:0000787C 7DFEFFF7DFEF55FE
01:00007884 55BA36C9DFEF55DE
01:0000788C 2572F7FAB9FF73F7
01:00007894 771BE8DBE7D98FFE
01:0000789C 5D3A3FF2DFEF55FE
01:000078A4 55BAD7A85E6D53FF
01:000078AC 55BAF700FDFBF7EF
01:000078B4 86DF3FFE61C9DB6F
01:000078BC 97BF9FBF6F3FFDFE
01:000078C4 33F7F3F7C0F283EB
01:000078CC 18F9FBC2FD53A7C0
01:000078D4 3F0DFE82BEBF8F33
01:000078DC 7FFF5BC03B3481BB
01:000078E4 9F31FE33BB7DFCC7
01:000078EC FDFEDBFFF7B1B677
01:000078F4 39F333DFF7FE3086
01:000078FC FDFCFB33BAF3CFCE
01:00007904 3FFEFDF8C73FFDFE
01:0000790C CEEE1EFEFFFCF337
01:00007914 5FBFF7C1AFFE63C1
01:0000791C BFDF375DFFFEC55E
01:00007924 BE95DAD7CA0B7FFF
01:0000792C 7FC2BFFFBF17F9FC
01:00007934 FDC0FC03DEEE5EC5
01:0000793C FE57BAF7AABF31B6
01:00007944 37B6F9FBC1FFDF33
01:0000794C FBDBFFC0FD0B2AFE
01:00007954 FFC5FEFFB7FEFFAA
01:0000795C 36FBDF81EE7F33FB
01:00007964 7F6F80EE37BB81EF
01:0000796C C0FF80EE31BF3081
01:00007974 DBDF33F2FDFFCA01
01:0000797C 6AFDFCFFAADFEF43
01:00007984 BF7F33ABFEFFEDFD
01:0000798C FEF5FAF7AADFFDDF
01:00007994 7AD9B4EBF7E3E87B
01:0000799C FF57BAF7AAFF7FB9
01:000079A4 FAFDF2FB7AFEFD7D
01:000079AC FC7DFAFDBCDFEF54
01:000079B4 FE55BBF7A9DDDFEF
01:000079BC 54B9F7AFDDBFDFEF
01:000079C4 15CAB76ADBFFB65D
01:000079CC EBADFAAE58A3BA55
01:000079D4 AE54831F33B55887
01:000079DC CC7FFFFEF7AB403F
01:000079E4 FFFD56AB55BF33FD
01:000079EC CDFBFF6EA9DEB5D6
01:000079F4 68B9C74E1FFB8D3F
01:000079FC F7BFDEF5EAD57FFA
01:00007A04 ED5BDB66BBD6DFEF
01:00007A0C 55FE55BAF7AAB76E
01:00007A14 976BED76B1D355B3
01:00007A1C EF5E3FFDFAF7D7FF
01:00007A24 D7BA79EEFDEEDFEF
01:00007A2C 55BED0CB0FFDD77A
01:00007A34 FEEE7AEEFA76BE7F
01:00007A3C CCFF7FBDFF9EBFFF
01:00007A44 F9FAFDFAF7F217BF
01:00007A4C D17BFFB57DDCFCBC
01:00007A54 5AAFFDABFF6A9F60
01:00007A5C BDD56EDDBCE30EF7
01:00007A64 6F9DB77FDBEF7FD6
01:00007A6C FDF5DFEFBFDE7EDA
01:00007A74 DC6CBCDC6CBCDC6C
01:00007A7C 5F6A1D360B0E0B06
01:00007A84 B75BAE56AFD5BAD7
01:00007A8C 65DE7FD5BBCD7FBD
01:00007A94 56FDBFF6555FF49F
01:00007A9C B5B72BDFEFFFFAB7
01:00007AA4 FADFD66AB6E9A7DF
01:00007AAC BE7FDFEF00FAFFDE
01:00007AB4 F6BFB7EDF51DE7DA
01:00007ABC FDBE0437FEDF77C2
01:00007AC4 F9FCFE33AFCFEFE6
01:00007ACC FC4CFC3CDCBC5CB8
01:00007AD4 09060385878283C1
01:00007ADC 6BFF5DF77F5B7D4F
01:00007AE4 FF7AFDFB6DF4FCEA
01:00007AEC D7BB6D1A757AAF83
01:00007AF4 AA5DAB55FFBA55BA
01:00007AFC C5AF55AA56B9D3A6
01:00007B04 19D849B8D969B8E9
01:00007B0C BAAB55EA5DAB75AE
01:00007B14 D5C161A050B2A9D9
01:00007B1C 68FF6FB5FEEFF779
01:00007B24 BEDFEF55FE55BAF7
01:00007B2C 2ADA6F55FE55BAF7
01:00007B34 A8BFEFADBFC0E3C1
01:00007B3C EF9F07B775EDF37B
01:00007B44 D6EDBAE5EEE5AAD7
01:00007B4C B26BDAE0F0F85CAE
01:00007B54 57ABDDF50B150A05
01:00007B5C 02C5E2FA59B2DBB3
01:00007B64 F56CB5B4DCF6BA55
01:00007B6C EFB4AB96AD364B3D
01:00007B74 16AB9690FE33DFEF
01:00007B7C 55E6FE55BAF7AABF
01:00007B84 7FBFEFDEBDF7FFBB
01:00007B8C DDAD577FA57E57DD
01:00007B94 AA75EFDAF5EAF5FF
01:00007B9C BF55FE55BAF7AAC0
01:00007BA4 F53355BAF7C2AA03
01:00007BAC DF3355BAF7C0AA33
01:00007BB4 55FE55C2BAF7AAFF
01:00007BBC D76DFFEEF55AE7EA
01:00007BC4 75ADFDFC75ACFB9F
01:00007BCC F178BE5FBFD7AB5D
01:00007BD4 6AB65D13CDE2F9FC
01:00007BDC F65BB66DFBADD7BA
01:00007BE4 CAD5AB6653F1A8F4
01:00007BEC C97FADDEBD56A7DB
01:00007BF4 2B552B95AA95CBDD
01:00007BFC FFDA75AE5BFE5DAF
01:00007C04 555E2B954EC1A168
01:00007C0C D7DAB46BBE6B967B
01:00007C14 965B2B358BCEE5F2
01:00007C1C FDEAEDF2F5FAFBFD
01:00007C24 FEF5BE5BB6DDAA5D
01:00007C2C AE6DD6BBEE79DE6B
01:00007C34 B5BAD56ED5AED7BA
01:00007C3C EDC5F5EA9B7AFAF9
01:00007C44 C657FF54B3EF1FBF
01:00007C4C 37AFD6ABFF55AF55
01:00007C54 BB55DAFDAABFF55F
01:00007C5C FDB6C6A9DEB55BED
01:00007C64 B6EDDA75CBBE55B6
01:00007C6C E9569E7F9F67D9B6
01:00007C74 CB54BB55AAD5EAF7
01:00007C7C FAFCADD6AD5AED55
01:00007C84 BA645395E58A9D37
01:00007C8C 75DAD46AFFD5BF5F
01:00007C94 AA55B6C7B857AAFD
01:00007C9C FF6BD5DBB70EF05F
01:00007CA4 FBFF7FDBD6BFE00F
01:00007CAC FD573EEBE00FF69B
01:00007CB4 76B5EAD5EFDFB57E
01:00007CBC D5BAF7AAC26F9FBF
01:00007CC4 33BF6FEB37FC7EBE
01:00007CCC FFDEDFAD57B20CF7
01:00007CD4 FDBFD7ED5BAA0580
01:00007CDC 7EABDF5EA9B655AA
01:00007CE4 00FFBBB6DBAE55AA
01:00007CEC 00FF76EDABD66B80
01:00007CF4 1FEAB5BE5FAE4EAE
01:00007CFC 76DB6D558AFBF9FE
01:00007D04 CF78BFEBF77AD5BA
01:00007D0C D4C470B0A953A4C4
01:00007D14 4B9D366DB24E4ECF
01:00007D1C DEF5EEFF3E6FCDFF
01:00007D24 EFD7ABEBB1DB77EA
01:00007D2C 0C60FFB157AD177B
01:00007D34 FDAADD55FFFA55EB
01:00007D3C 55AB75B4EBFC56FB
01:00007D44 55AA775AA50A4DAA
01:00007D4C C7EDF2AA57B55BEF
01:00007D54 BDEAF76EBB55FFBB
01:00007D5C 5DEABDB6DD6BF6BF
01:00007D64 57AAFD6DF67BBEF5
01:00007D6C BADD7A4E4EFFEFFF
01:00007D74 76FE5EBFF7FFCE64
01:00007D7C B5BB9C67F7F8EFBF
01:00007D84 FFBFFE1BD7E31BEA
01:00007D8C D577C99A57FF6DEB
01:00007D94 D6FF568BCFEDE33E
01:00007D9C DFF9F8B2E7DFC359
01:00007DA4 34EAE3BF9E5DDFEF
01:00007DAC 557E751EC730C2F7
01:00007DB4 0A05C2FE01003339
01:00007DBC 5D2DFFEC4EB6D6FE
01:00007DC4 7FBC31CF2B7DB7FB
01:00007DCC DFDB8CBC39A2B60B
01:00007DD4 362B7FEBBED5FFBF
01:00007DDC B8F77BCFF9EAB72A
01:00007DE4 DF7CE63E55BAF7AA
01:00007DEC AED666E77BBDB5D2
01:00007DF4 DDEF553E9498C161
01:00007DFC AE4F45FFCE959B37
01:00007E04 2DDCFD75EED5BA77
01:00007E0C AA3ACFF5FED5FAF7
01:00007E14 AAB85C2C964BA5E5
01:00007E1C A256ED595215CAE7
01:00007E24 720FF91DC655BAF7
01:00007E2C FADFEF54FF55BBF6
01:00007E34 AADFEF96DB7E78E3
01:00007E3C 8ACFB9E5CE8E15BA
01:00007E44 F7AAB7BB595A5938
01:00007E4C 3936DEECCE59FA59
01:00007E54 B2F7B2CFEF65FE55
01:00007E5C BAF7AA3783737663
01:00007E64 62D16771DFEF55FE
01:00007E6C 57BEDFEADFEF55DE
01:00007E74 F5BAF6ABFB31BB3B
01:00007E7C F82592AD8ADFA3FD
01:00007E84 F60A65F2F9DFED53
01:00007E8C FD5F33C04A9F5C50
01:00007E94 6231A2A72AED1509
01:00007E9C 880992A342DFEF55
01:00007EA4 FE56B9F6A5DFED56
01:00007EAC D8E10A679F1E0D13
01:00007EB4 27833F3061CFFE8F
01:00007EBC 157E553AF6A9CAD0
01:00007EC4 B5BEE59EFBC8C0C8
01:00007ECC 48C90FBFDE9D7E4C
01:00007ED4 E1FFCCA2572A576E
01:00007EDC 98E615BAF7AADABD
01:00007EE4 3B737666E5E6DFEF
01:00007EEC 5FFA5DAFEFEADDED
01:00007EF4 55FA52BBF3AA8367
01:00007EFC 45CEC5FF9987DEDF
01:00007F04 EF57E77FD897AADF
01:00007F0C F83FFC10BAF7AA5F
01:00007F14 EFF5F63D9ACFA5D7
01:00007F1C E753F955B9F4AADF
01:00007F24 EFD5FED7FCB9CAD9
01:00007F2C E155F743ABC78EC7
01:00007F34 8F953E153A772ADF
01:00007F3C CF35DC43CEBAF7AA
01:00007F44 DFEF55FE8532CEAB
01:00007F4C DFEF55FECF548374
01:00007F54 A2DFEF55F0FF3F07
01:00007F5C 86AEAC1C3C83F8DC
01:00007F64 0C9FD6CF659A4C83
01:00007F6C F1A9DFEF45F65DAE
01:00007F74 77A2974F55AE1186
01:00007F7C F2A9FFC6D64E8E0E
01:00007F84 9A1A390D6554F656
01:00007F8C 32F22ADFEF55FF56
01:00007F94 B6FC90DB6D555C07
01:00007F9C A1A088DF6F557ED5
01:00007FA4 BAD74AB161656D64
01:00007FAC 707AFF5AAFD3EE30
01:00007FB4 9860CB5F2F95BED5
01:00007FBC 6A2732FFA37745CE
01:00007FC4 D5DA574A9E9759CC
01:00007FCC 56B9F4AA7F2F19CC
01:00007FD4 45B2B369DFEF55FE
01:00007FDC 55BAF72ABF3E3C58
01:00007FE4 5BAB8B8D1BDD4DC6
01:00007FEC 43A3EE9CDFEF55FE
01:00007FF4 55BAE76E5FEF2D76
01:00007FFC 1592B792CB5CAE2D
01:00008004 8E5592D09F5FAFD5
01:0000800C 5ECB03803CFEDFEF
01:00008014 55FE55BA772A83CE
01:0000801C 0ED657EA87E9A1DC
01:00008024 0FF8063493D8C0F3
01:0000802C 9341EE3188032A9F
01:00008034 B075FE953AF7AA6F
01:0000803C 3C05E054BAF7AADF
01:00008044 EFFF6801BAF6A983
01:0000804C D7159625C342E7B2
01:00008054 FF23EE1440C4ABD4
01:0000805C DA2F2D832F16131C
01:00008064 37BBFF6DD9BB673F
01:0000806C 00809582811489FE
01:00008074 0200D1CE3B9568E7
01:0000807C EFE5EEE5EAEFEAF2
01:00008084 D6E754EC59BAF99F
01:0000808C 0D02538E7192872A
01:00008094 0781700250BAF6FF
01:0000809C 8DE30761803AF75B
01:000080A4 817C52AA4832C2FC
01:000080AC F056420D51397501
01:000080B4 E7F1C683C0EAE7F0
01:000080BC D7DFEF2DD21D8EF3
01:000080C4 ADDFEF55FE55BA77
01:000080CC 9ADFEF55FF57BCF3
01:000080D4 CF83DC3CF879CAF0
01:000080DC C9B2DFEF55FE55BA
01:000080E4 F72A52C7AD891A1C
01:000080EC 76521E9B5F5F5151
01:000080F4 C78FAF0D961996A1
01:000080FC 823BFDFFFED0FFED
01:00008104 FBF5EEDBAD76DBEF
01:0000810C 77BFFA5DBB75EE33
01:00008114 7FFF5FC2BFF76B62
01:0000811C 1487FDFEDEB7C0DE
01:00008124 87DFFFEDF2C47EFF
01:0000812C 7F0F032867C2EFE0
01:00008134 1F3E837F35FD836D
01:0000813C 6EB7DB3082B7BBDD
01:00008144 806D3403FADBE330
01:0000814C 82DB6DB680B73A7E
01:00008154 61807627C000F833
01:0000815C 6DB3DFD4EEFDEBF7
01:00008164 FFD7B95FEFF6FFF9
01:0000816C FEFD9F6BF7DCFFB1
01:00008174 7F35FE370FFFABCB
01:0000817C DDFFD7EFFFBFBEDE
01:00008184 EFF7FBFC60DBFEFD
01:0000818C FBF7F8E79F7FFFFE
01:00008194 FDFBEFEEE1DFBF7C
01:0000819C FBF7817FF6C737FB
01:000081A4 E49F171BDBFCD8E7
01:000081AC 1FBF6D6E739FBBDB
01:000081B4 E37DFD6D617D6E63
01:000081BC 97F7897FFFDFDBB4
01:000081C4 83B5B9D7EFC4B757
01:000081CC EF1C7B69C0FE3BFD
01:000081D4 FF02CBFFDFE3BC7F
01:000081DC EF9F7FF7FFF9073D
01:000081E4 7F3DFC37FBF7DDC4
01:000081EC FFEEFF6F1F37FEFD
01:000081F4 FBD3F7EFDFBF7EFD
01:000081FC FFFBEE9DFB776E9D
01:00008204 FBF75FE8D73F3BBE
01:0000820C 7D7BC277A9DE33FE
01:00008214 FFDBC6A77BDB36C7
01:0000821C F7EC82EEF2FE314A
01:00008224 377FBFDEC6BDFF37
01:0000822C BFCFFF3F61C2FCFF
01:00008234 FE3F1FE0DFC487FF
01:0000823C DF7E8F330FCFBFC3
01:00008244 FFF30FFC33FEDBE7
01:0000824C 31F139F7377FFFF7
01:00008254 C97DFFFBF7AFDFFF
01:0000825C F76F1F37FEFDF7CA
01:00008264 E6FFDD997FF7EE7F
01:0000826C 6FBFDF317F3FFEF1
01:00008274 CFC0EB391F37F7FA
01:0000827C DDC4EFF7FEFDDB41
01:00008284 D0C073EFDDBE7FFF
01:0000828C 7EFDFEFFF7CB3FFD
01:00008294 FFFE39FE33FE3BE7
01:0000829C CEFFFC03FFFE01FF
01:000082A4 6FDF3DFBE71FFFFC
01:000082AC 312433FDE3F1C2FF
01:000082B4 DF3037BFFEB9C0C7
01:000082BC 3FFEFFFDD2FEFBF6
01:000082C4 FDFFFBE79E7DF38F
01:000082CC 6CF3DDBB77EE9E7E
01:000082D4 3BBFDFEFCAF77BBC
01:000082DC ECF3FFFCE39F7EF1
01:000082E4 33C13FFFCDE01FFF
01:000082EC FBB5B7CBFFF7FFEF
01:000082F4 F0F8FC00073FFFFB
01:000082FC C0F733CFF7BB60C1
01:00008304 FDFE66C30CEFFFFE
01:0000830C 3B03FFFEC449FCFF
01:00008314 CFB733ED1F7F36DE
01:0000831C AF3BF67BEFCAFFF9
01:00008324 D76738FEDF27FDFE
01:0000832C FB33FDFEFFD4F6F9
01:00008334 DEBFCFFBBB75EEFF
01:0000833C DFDD637B9DEDEE16
01:00008344 F9CFBF3D0061C400
01:0000834C E7FBFDFE3010833F
01:00008354 7F7EFEC0FC82F8FD
01:0000835C 7E60C7F7FF7EBDDD
01:00008364 B9BDD6C1FFFE35FE
01:0000836C 3601FE31493A07F8
01:00008374 3324FFF3331FEFFF
01:0000837C C09332F40F33C0BF
01:00008384 FFD43FFFFEFF9F7F
01:0000838C FFF9FFF7FF7FBFD7
01:00008394 EFFFDFE1FFFBF830
01:0000839C 83F9BAF777C4FBBC
01:000083A4 CFF57F3E1FE3377C
01:000083AC 03BFC1BCC3380601
01:000083B4 FE88EF370FF0C0C0
01:000083BC 802C31FD80ED87AD
01:000083C4 EBBBBC83BBBCBFC5
01:000083CC C1FFFE31FE394931
01:000083D4 00392431003B9FFB
01:000083DC E6C01F39C4310037
01:000083E4 C73EFFC1E31F397F
01:000083EC 6003EDF4F9CAEEFB
01:000083F4 E67B9FE13DDDB63F
01:000083FC CF3013AFAB57C05F
01:00008404 381BFBFCFF050085
01:0000840C BFC0350735032F01
01:00008414 0B1F84B683DBDDED
01:0000841C EE83DDEE6E77C2B7
01:00008424 BBDDC5B5FBEDD6FB
01:0000842C FD07BBB86FC6FB58
01:00008434 BBFB7B5FA7310F1D
01:0000843C CF35DC88DB336D12
01:00008444 FFCBF737BAFBFDBD
01:0000844C 4EFEFF1FEBF617FD
01:00008454 FE7DD3BBD7EE77BB
01:0000845C DDEE77BBDCF97EBF
01:00008464 CFF33FCFFFBB4F60
01:0000846C C1FDFE61C6FE7DBB
01:00008474 DDEEF5BB3180816E
01:0000847C 97103307DBDDC036
01:00008484 817BFF83EDF1FE3F
01:0000848C C26F6DFF86BF43FC
01:00008494 337EBDB3C0CF897F
01:0000849C FC84FB85FDFE3487
01:000084A4 F6C636DBD7DDDEEF
01:000084AC F7FBFD06DDD3EBDC
01:000084B4 DEEF77FBF7BF5FDF
01:000084BC FF758DFCEF60C300
01:000084C4 EFF3FC38803F333F
01:000084CC C7F83FFEF10F37FE
01:000084D4 BD5EC5EFF6F9FD55
01:000084DC EE337FFFFDE0FA36
01:000084E4 F9C3FBFD0EF3FFB4
01:000084EC CFDDBDB2CF5BE68D
01:000084F4 F1EEAFF70F7CFB9F
01:000084FC FF7FFFE0FF3FC7C1
01:00008504 7FDF373FFFFE85FD
01:0000850C FE0EFEDF83F6C73B
01:00008514 FBC2E39D7D337B76
01:0000851C 0ED6BFBCDDFCFFE7
01:00008524 D9EE75BBDDFF0DF6
01:0000852C FF7D9BAB73FBF7F6
01:00008534 0683F6F70BCFC677
01:0000853C F7C7D6F66F9D33FB
01:00008544 E3DBC2FB7B84301F
01:0000854C 57EF6EC15DFE61C6
01:00008554 F76F8FF7FBFDFE34
01:0000855C 101BF88FF93F00FF
01:00008564 37C1C7F83B0FF9FE
01:0000856C C4FF1FE7FBFD84FE
01:00008574 33F7F6F7CDF3EFF6
01:0000857C 76BDDDE976BF66D6
01:00008584 FBBBFB83F67DCBE7
01:0000858C C97B3D5EEFF3BCEE
01:00008594 B7BA7D3BEC5BBBC1
01:0000859C FBFC33EDFCFFC1F6
01:000085A4 8783777B8DFBC2ED
01:000085AC B75F66C79BE6ECEF
01:000085B4 F6E8EEEF36BF7F31
01:000085BC 3F61C1BF7F61C6E3
01:000085C4 FCDFC7F9FE0F83F3
01:000085CC FD3ECFC3F77BBDDE
01:000085D4 33FB77AFC2DFEFF7
01:000085DC D9FBFDBEB7BB9DDE
01:000085E4 EEDBD7F769AEDFDB
01:000085EC BCBDDBE3FB7C9FE7
01:000085F4 799F6717FE1EE0C0
01:000085FC FE3A1FAF1FEBF3FC
01:00008604 0BBFBCBDC07E816F
01:0000860C 8330827A7F8337F7
01:00008614 B0B637772FDFC9EF
01:0000861C E1E3DFDEE1DFDED9
01:00008624 DF313F033FFFFEC8
01:0000862C D7EFFFF7F56595B5
01:00008634 FE877FF3EDDCDDBB
01:0000863C FC1FE6F9B9B647FB
01:00008644 EF77BBDDEEF67BBB
01:0000864C 7BBBBDDDDEEE6E7F
01:00008654 F7FBFDFEFF0FFEB7
01:0000865C 76D8697DBFC7F87F
01:00008664 FEFFDFA7FB7BFBF8
01:0000866C 7F8EFF6E8EFEFF01
01:00008674 5FFF1F0BE37BBB86
01:0000867C 7B8DF607BF7ABAC3
01:00008684 DBE4FF1F33B6B8B6
01:0000868C C049301813D13FDF
01:00008694 C0E333EFF0FFD2DF
01:0000869C D8DFEFF0D9E7FFFE
01:000086A4 3DDBC73FB9BE3FBF
01:000086AC 7F6F0777EEDDC1DB
01:000086B4 B783B66DFD0EC2F7
01:000086BC FB1D83EDB6DDEDC1
01:000086C4 6D7682B6B7CB6004
01:000086CC 17FCF7F1D2EEF3EC
01:000086D4 0F716FAFF33FC77F
01:000086DC FFFBF8FFFBF8FFF8
01:000086E4 3301FF57C303FF01
01:000086EC C486FDFEFF0FBF4F
01:000086F4 50CE5B9BED7E9FFF
01:000086FC 3FBFDF679F7B67F8
01:00008704 FF19F835003601FE
01:0000870C 371DDCDEC3EE2FF7
01:00008714 FB079BBED7C76FB7
01:0000871C D99FFF7FB7C90DFE
01:00008724 926DB6B792B66DED
01:0000872C 81DBE381DBE380B7
01:00008734 046081EDF23F87FF
01:0000873C 7F81BBC436F8FF15
01:00008744 FC3701FF7FC103FC
01:0000874C 32FDFE0F7D1EEDC3
01:00008754 E3DF7F8F33EF13FC
01:0000875C CCBCB3CFDFAEB1BF
01:00008764 CFFFBEBF4DF33BFE
01:0000876C 718FC0FF17FCCD3E
01:00008774 D0FFFCF3CF3FFF9E
01:0000877C 37B97E7F9FE6F97F
01:00008784 BFB0806D83DD22BB
01:0000878C DCD5EFF778BFDFE5
01:00008794 9B7BE79E7D7387B4
01:0000879C B7776FEFDFAF77FB
01:000087A4 62C0FE0FFEFF3FC1
01:000087AC C7F933BF77AEC2CC
01:000087B4 F7F93C09B778C1E3
01:000087BC 9C79C01F65C8FEF9
01:000087C4 E71FFFF8E79F7F3A
01:000087CC E3FC62C16F9F3BFE
01:000087D4 FFFED47E9FE7FBFD
01:000087DC 7E9FAFD36D96DBED
01:000087E4 B737CFEDF7FB7FBF
01:000087EC 6701963BFDFEEEC8
01:000087F4 97FFFBDB9BDBE4FF
01:000087FC 3F311F35FD03FDFB
01:00008804 F7C4EFDFB7777F3B
01:0000880C F8C73FC01F3B7F9F
01:00008814 EF40C1010737F8C7
01:0000881C 3F36F00F61C31FE7
01:00008824 F9FE61C27FBFDFD7
01:0000882C DE2B77ABDDEEB57B
01:00008834 E25BBDDC6BF77BAD
01:0000883C DB67AD73FDFEFFEF
01:00008844 31B5856D92300F8C
01:0000884C EFFDC23DC0F682B6
01:00008854 01B783B648D7AFC7
01:0000885C 5F8D7797D6A877F9
01:00008864 37FEF6FE3FDFDDCD
01:0000886C 3015FD03FFF0FF13
01:00008874 F7FBFDC07E300BEF
01:0000887C F7FBC8FDF7FBFDDE
01:00008884 DFEFF7FB3B7FBFCF
01:0000888C C0F162C0DF33FCF0
01:00008894 C0237DB6CFC2EFF6
01:0000889C F917DEBF7F37DFBF
01:000088A4 DBC65BB7D6EEF5FB
01:000088AC FD337FFFDFC2D9B6
01:000088B4 BE3FEFDFDB60C3F9
01:000088BC AB5FBF60C31EE7F9
01:000088C4 FE3BEEEFFFC17E81
01:000088CC 37EFDFBFC07F37FB
01:000088D4 7E7F87BF7FFFF7C0
01:000088DC FD807E84BF0BFDFE
01:000088E4 EF83777BBBBDC8FE
01:000088EC FF7FBFCFF3FCFF1F
01:000088F4 3E7F8F61C0F8C0FD
01:000088FC 003807FBF76FC49E
01:00008904 DDEBF7FE317F33EF
01:0000890C DF7FC3BFCFF3FC37
01:00008914 CBB3BCCFB616C6F9
01:0000891C FF6D6799FFF3D61A
01:00008924 EC6FCFE0319F0BFB
01:0000892C 1BDBC1ECF7376F6D
01:00008934 6EC197FB33EFFDFE
01:0000893C C07F300FFECF3F3D
01:00008944 7E101BFBFDFEC27F
01:0000894C DDDE13B77BFDC0FE
01:00008954 337FBFDFC4E7D9BE
01:0000895C F0FF0BE7F8FFC17F
01:00008964 073BFE01FFC27B67
01:0000896C 9F88ED16FDFE33DF
01:00008974 FFB7C7BF73EC7FBE
01:0000897C DEE7F9376FD9DBC1
01:00008984 E3BC3BB96B6DC196
01:0000898C F3341351FE63C0BC
01:00008994 3BFC6EFFC37F9FE7
01:0000899C F833CF6F7FC2FCE3
01:000089A4 1F397F60C09D0813
01:000089AC F7F9FE87BFF7FEEE
01:000089B4 C19F7F60C23FCE7F
01:000089BC 60C77FBFDFEFF7FB
01:000089C4 FDFE62C07F83DBE2
01:000089CC FDDE0BED7FEFC2DF
01:000089D4 BF7F33DF5FB3C2B6
01:000089DC C6F937F97DD2C3D6
01:000089E4 1AEDF335BF335F9F
01:000089EC E7C26EB6DB37CFDF
01:000089F4 EFC2D81FE760C03F
01:000089FC 367E7F3D3F09DD08
01:00008A04 13F7F9FE87BFF7FF
01:00008A0C EFC19F7F62C07F1C
01:00008A14 0811F73BFBFDFE3E
01:00008A1C CF2F12FFFB1BFBFD
01:00008A24 FEC5FFB2BFCE71FE
01:00008A2C 37B76BDCC6AF73BF
01:00008A34 CEF7FF7F32BF3F0A
01:00008A3C F9FE60C5F97BBFCF
01:00008A44 F3FC377F3FFBC8FF
01:00008A4C 7E81FFBFC7F7FBFC
01:00008A54 37DFFBFFC2F7CF3F
01:00008A5C 3B7FBFDFC2EFF7EE
01:00008A64 60C43FDFFFFBFD01
01:00008A6C FF003F73EDFDC0F7
01:00008A74 16FDFE62C97F9FE0
01:00008A7C FDDFFFFBF7CF3F31
01:00008A84 7F60C27FAFDF32FE
01:00008A8C FD99FBFC8CDF3107
01:00008A94 37F7DBEBC176B73A
01:00008A9C EFF31C61C07F70C1
01:00008AA4 DFBF62101AFBFC30
01:00008AAC 0BFBFEF6C2CE3FFE
01:00008AB4 60C23FFFFE61C0FD
01:00008ABC 07BFCCF337BFFF7F
01:00008AC4 3BF7FB7DC3BEDFEE
01:00008ACC F587FBFCFF7FC2F6
01:00008AD4 EDCF331FE5FBC81B
01:00008ADC DBFBBFDBE5BEBD6E
01:00008AE4 078CDFDECEE0DEBF
01:00008AEC 736D83FFFEDDBB77
01:00008AF4 AFDFBF7F3403BFFB
01:00008AFC FFCCFEFDFBE51DFE
01:00008B04 7FFEFDFBF7EFDF80
01:00008B0C 3F62C3FEFFFDFF87
01:00008B14 FB3FFF3FC4BF5FBF
01:00008B1C 6F5861C07F3FFDCD
01:00008B24 B236F7FF836F937F
01:00008B2C FFC2D76F9F34C977
01:00008B34 AFDFFFFEFDFB77F7
01:00008B3C F8337F8FF0C3FFF3
01:00008B44 08FF87B600FB7FC1
01:00008B4C 9FFF87DF07FF75C6
01:00008B54 7D6D739FDEE1DD0F
01:00008B5C FEFF7F375FFDEDC1
01:00008B64 1DFE37BF5FDFC2FD
01:00008B6C ED1E3B9FDFDEC2F6
01:00008B74 6E9F37EFD7F7C1FF
01:00008B7C 7D6217FCCFF3C9CD
01:00008B84 B2CDB5EF8FACAF57
01:00008B8C F8357F3F00030FC0
01:00008B94 3F35FC357F360F8F
01:00008B9C 16FCFF0FFE8F7032
01:00008BA4 0FF033FB3BBBD8FB
01:00008BAC CD3DFEFF6F6E75BB
01:00008BB4 BD2EDFFFDEBFBDEE
01:00008BBC EF6F97F87F9FE719
01:00008BC4 33FE01FF17F8FFBF
01:00008BCC C17FFF13F7FB7BC3
01:00008BD4 7DBDBEFF09EF1816
01:00008BDC BBC762C2FBFFF737
01:00008BE4 F2FDFE61C27786F8
01:00008BEC 61C1CF3F6C33FEDF
01:00008BF4 63825B630033C3B6
01:00008BFC 77C2FFFD7F61C0EF
01:00008C04 188CFB63C0FB1BFB
01:00008C0C FDFECAFFFBFFF7FE
01:00008C14 FFFD738FDEE737DB
01:00008C1C DFDEC7FB5DBDFEF7
01:00008C24 6FFFDF3B7FBFC7C8
01:00008C2C FBFF7FBFCFF3DCBF
01:00008C34 7F60C13FCF69CEFD
01:00008C3C F7EFDA36CDAD61DE
01:00008C44 FF0FBFFFEF9F325B
01:00008C4C A43FFEFB0737E3BF
01:00008C54 3E39FA82AAABFF17
01:00008C5C F8AFABC1AABA357F
01:00008C64 1EB7BB68C4EFDFFF
01:00008C6C B5BF85BB6833BFFE
01:00008C74 6DC6FBDFC7FFFB3D
01:00008C7C FE62C1FDFE37F3EF
01:00008C84 DEC4BDEB66A9EE33
01:00008C8C DFB76FD3D8B577FE
01:00008C94 FBF8F7F077FFEF3F
01:00008C9C FB7787FB0DFEFF1F
01:00008CA4 335F5D56C1AFFCC3
01:00008CAC FDFFEF8F1BF17FB6
01:00008CB4 C0DA83DBE4FFFBCB
01:00008CBC F8BBDCE77BDBC0FF
01:00008CC4 FEBA45EE836F03FF
01:00008CCC DBC5BDCE7FFE6DED
01:00008CD4 83DBFF7F9FC2E3BC
01:00008CDC B7836DBEA6BFCBDB
01:00008CE4 E77BB8C7DF3FFEF9
01:00008CEC E79F7F338F77F733
01:00008CF4 E16FBF837B5BABF3
01:00008CFC 15FF84FE37FEADB3
01:00008D04 C9DEE15D5E5CA26C
01:00008D0C 5FA7F93AEFFF8CDF
01:00008D14 6386F7FBFD3BBF00
01:00008D1C FF87B649FEFFC103
01:00008D24 FB83DBDD26C0C2CF
01:00008D2C AD6033FD0300CBFE
01:00008D34 B701FFBF3F80DDE6
01:00008D3C 777F8E170489F6C2
01:00008D44 77FFEE83BB44FF7F
01:00008D4C C06E181F40FBDBC1
01:00008D54 E43F33F00F6FC003
01:00008D5C 3A03FF88FD83BDA1
01:00008D64 DEFFC7FDFBF7EFDF
01:00008D6C BF7FF885F0FC3407
01:00008D74 AFC3FC37BF80FFC1
01:00008D7C 3F770787FF0309BB
01:00008D84 1DC300340DFE61C0
01:00008D8C F761C08768C1FEF8
01:00008D94 3AF8C02031F02EFF
01:00008D9C C04061C0BF33FEF8
01:00008DA4 F0C4E08000E08040
01:00008DAC 6BC4FEFDFBF7EF0B
01:00008DB4 7EFCF8C3F0E0C080
01:00008DBC 2D0F31F897DFEFED
01:00008DC4 5BCDB6CEEEE1EBAC
01:00008DCC 5F7FF7CFFF7F8F6F
01:00008DD4 3888F76D000FFBBF
01:00008DDC 7EC27CFCF881F0E0
01:00008DE4 98F762C5DFEEF7FB
01:00008DEC FDFE3084FB8AF7EF
01:00008DF4 E081C0E0808083C0
01:00008DFC FFFEFDC5BB776FEF
01:00008E04 DFBF37FEF9FFC080
01:00008E0C 3B00FF7F60C23FCF
01:00008E14 F7C6B7D8EFD0DF9F
01:00008E1C 600B37EF17C5F7FB
01:00008E24 FC1FF7FF88EF6C88
01:00008E2C EF88DF208880206A
01:00008E34 C2BFFF7F64C2FEFD
01:00008E3C FB6287DF5F7FBFC2
01:00008E44 DFEF3F69C0F787FB
01:00008E4C FEFDFBC2F7C1FE1D
01:00008E54 FF04311F60C77FBF
01:00008E5C DFEFF7FBFDFE7A90
01:00008E64 EF1862C0C713DFBF
01:00008E6C 7EC1F9E766041EF3
01:00008E74 FC62C11FE060C1F8
01:00008E7C 073ACF3F603300FF
01:00008E84 DF311F310387DFDE
01:00008E8C E07FC6BFDFEFF7FB
01:00008E94 FDFE721884FB0DFE
01:00008E9C 848084C083E07FBF
01:00008EA4 DFC0EF18146AC0FE
01:00008EAC 61CAF07078B8BCDC
01:00008EB4 DEEF1FE3FC61C47F
01:00008EBC 9FE7F9FE62C07F37
01:00008EC4 DF5F57C1ADF637FB
01:00008ECC F6ADC15BE784FD8C
01:00008ED4 FE72C3F7FBFDFE3B
01:00008EDC 0080C0C4E070B8DC
01:00008EE4 EF6AC3BFDFE7F839
01:00008EEC F8337F83FC3021F0
01:00008EF4 330FF0FF210F3880
01:00008EFC 1F61C4F7EFDFBF7F
01:00008F04 34D1FBFDE6B98EF3
01:00008F0C FC7F17BAC46FB3C7
01:00008F14 F737FFFD337F9FE7
01:00008F1C C0F87AC2F7FBF987
01:00008F24 FDFEFF88C7FCBCB4
01:00008F2C C8F0EF7FBF088CEF
01:00008F34 624E4E07BFC1F733
01:00008F3C 00FBFA0FFEF5CEC4
01:00008F44 3FE7FBFDFE3BEFFF
01:00008F4C DEC2F9E79F36C03F
01:00008F54 60C33FC7F9FE62C2
01:00008F5C 7FBFDF37FEF1CFC1
01:00008F64 BF7F350061C21FE3
01:00008F6C FC3084DF86EF77B7
01:00008F74 4E4ECF1CCFEFF7F9
01:00008F7C FEFF010E8DC5C3E0
01:00008F84 F878870FFBE7CF83
01:00008F8C 1F03E4F5C5F9FBF3
01:00008F94 E7EF9F34101BF6C7
01:00008F9C F1CDF6E7CFDF3F7F
01:00008FA4 03E1F83CC4F0F3EF
01:00008FAC 34071F07C0C3FBFD
01:00008FB4 FE573700C1E1CAF1
01:00008FBC 50B0D8E800EDD3CF
01:00008FC4 BF7F37EEECD9C1D3
01:00008FCC C781CFDF3FFEFCF9
01:00008FD4 C5CFDFB8831F7F33
01:00008FDC E10F7F3DF085F8EC
01:00008FE4 81EECD317F833F1E
01:00008FEC 0E80CCDF9FBF3F7F
01:00008FF4 7EFDF9F3E7DFBF7F
01:00008FFC 37DFA38F84BF07C1
01:00009004 E1F0C1F8FC03FDFB
01:0000900C F7C7EF4F1F0F0787
01:00009014 0FE1628AFEFCFD07
01:0000901C 3E98C3C59F7FFFE3
01:00009024 8F3F3EC7C384E383
01:0000902C C1C5F9FB84F785EF
01:00009034 FF0AFFBF35C58685
01:0000903C 8D8C80863BFCF1C7
01:00009044 C81FFFF7EF9F1FC7
01:0000904C F9FEDCC0C2C3C1F9
01:00009054 F4E2F7FF3301C8BC
01:0000905C 1E0F07FEFCF8F2C4
01:00009064 1D3F9D309B9787C7
01:0000906C 86CF09E387F7CF9F
01:00009074 1FD9FFF7FFEFEEFC
01:0000907C D9D2FFFCF1C71FFF
01:00009084 0F60DEDCD8C0C2C6
01:0000908C CF9F3F7F377F7E38
01:00009094 CAA18F4F1F3F431D
01:0000909C 7FF6F3F283F0E0C1
01:000090A4 C3C59F1E00013F7F
01:000090AC 3390036F3DC78187
01:000090B4 078B0FFFF9F7C4E7
01:000090BC CFDF9FBF348AFEFF
01:000090C4 8F839F1F3F3CC101
01:000090CC 0737E0033F37F800
01:000090D4 1F38833F1FC7F7C2
01:000090DC F3FBF90C0062C43D
01:000090E4 437FBFFC03FCF8FC
01:000090EC C1F0E0803F8C7F33
01:000090F4 8FE7F0C0FE61C30F
01:000090FC E3F8FC3BFEC017C0
01:00009104 EF37F000F083F8F0
01:0000910C F3C1C9010333F1F9
01:00009114 3F9FCFF3F80037EF
01:0000911C E7F7C8FB7D3C1F9F
01:00009124 DFCFE1FC0083F8E0
01:0000912C F0F2C4C2E202F9FD
01:00009134 8DFC7C37FEFDF3C7
01:0000913C E7EF9E8EA7D1DCDF
01:00009144 11FF8B7F3F9FDFC1
01:0000914C 470F858E8483807C
01:00009154 3C19C5CBE38F1F3F
01:0000915C 7F833FBF9FCFC2EF
01:00009164 E7CF809F841F839F
01:0000916C EFE7F3C1F9FC37DF
01:00009174 CFF3C4F9FD7CBEBF
01:0000917C 61C37FC0C1C380E3
01:00009184 83F3F1F3F1C0F583
01:0000918C F4F1E3873B7F3F87
01:00009194 C4F09F8FCFC78AE7
01:0000919C 9FCF87EFE7E0C0C5
01:000091A4 7F3F9FDFC3802060
01:000091AC 0484F084F802FC01
01:000091B4 333E101FC50F77E7
01:000091BC EFEE0037C19F3FC0
01:000091C4 7F3B8FE0FE61C001
01:000091CC 36FEF883E7EFCF9F
01:000091D4 C71F4FE3F6F5FD44
01:000091DC E983AB00C5D0C092
01:000091E4 8390696CE3274400
01:000091EC 92C244983A811A11
01:000091F4 83169600D7C6D31B
01:000091FC 51C0D49501980FC0
01:00009204 F080F983E3E2E0C1
01:0000920C C5F9FCF0873F7F32
01:00009214 B8FE3F01721CD9FE
01:0000921C FF7FFF7FA43F7C71
01:00009224 278FE7FB008F3FFB
01:0000922C 787EFE7E8207111C
01:00009234 1F820F0701330FE3
01:0000923C F1C2F4EECF60C17F
01:00009244 0F3FFCF0C080E183
01:0000924C 83030F3FC07F61C0
01:00009254 3F5281F3E381C7E7
01:0000925C 105F5F5151C3EFCF
01:00009264 EFE780E380F57777
01:0000926C C37F0F0301207A7A
01:00009274 2481C0F87F7F7272
01:0000927C 7F7F7F7F7F717241
01:00009284 C0C06A7F7B7CC2F0
01:0000928C F8FC00317F7F7F71
01:00009294 710435FE80FC6A7F
01:0000929C 7B7CC3F8F0C08028
01:000092A4 7F7F71712B01030F
01:000092AC C01F6A7F7F7F7F7F
01:000092B4 7D7E7F7F7F7F7F7D
01:000092BC 7E7F7F7F7F7F7D7E
01:000092C4 7F7F7F7F7F7D7E7F
01:000092CC 7F7F7F7C7C40C101
01:000092D4 077A7F7F7373C3FC
01:000092DC F0C0007F7F75757F
01:000092E4 7F7F7F7F7D7E7F7F
01:000092EC 7F7F7F7D7E7F7F7F
01:000092F4 7F7F7D7E7F7F6D6D
01:000092FC C300030F3F7F7F7B
01:00009304 7B7F7F7F7F7F7D7E
01:0000930C 7F7F7F7F7C7CC0FC
01:00009314 85F8FC7D79C0FE3F
01:0000931C F8C00035F02831C0
01:00009324 2C65C7FEF8F0E080
01:0000932C F8E0802C73C6FEFC
01:00009334 F8F0E0C080290F78
01:0000933C 7901FC81F8F07AC0
01:00009344 F084E088C07A7272
01:0000934C 9080207F7F7F7F74
01:00009354 747676848084C080
01:0000935C E07A80F080F881FC
01:00009364 FE7F7070C60080C0
01:0000936C E0F0F8FC73C0F861
01:00009374 21F03C210F3D1F69
01:0000937C 7A7AC08889FCF86C
01:00009384 4E4E7F73744E4E7F
01:0000938C 7F7F7F7F7D7E7F7F
01:00009394 7F7F7F7D7E7F7F7F
01:0000939C 7F7F7D7E7F777852
01:000093A4 625F5F515162
                            	   340: intro_credits_bg2_tm:
01:000093AA 00F600F700F600F7	   341:     incbin  "inc/gfx/intro_credits/bg2_tm.bin"
01:000093B2 00F600F700F600F7
01:000093BA 00F600F700F600F7
01:000093C2 00F600F700F600F7
01:000093CA 00F600F700F600F7
01:000093D2 00F600F700F600F7
01:000093DA 00F600F700F600F7
01:000093E2 00F600F700F600F7
01:000093EA 00F600F700F600F7
01:000093F2 00F600F700F600F7
01:000093FA 00F600F700F600F7
01:00009402 00F600F700F600F7
01:0000940A 00F600F700F600F7
01:00009412 00F600F700F600F7
01:0000941A 00F600F700F600F7
01:00009422 00F600F700F600F7
01:0000942A 00F600F700F600F7
01:00009432 00F600F700F600F7
01:0000943A 00F600F700F600F7
01:00009442 00F600F700F600F7
01:0000944A 00F600F700F600F7
01:00009452 00F600F700F600F7
01:0000945A 00F600F700F600F7
01:00009462 00F600F700F600F7
01:0000946A 00F600F700F600F7
01:00009472 00F600F700F600F7
01:0000947A 00F600F700F600F7
01:00009482 00F600F700F600F7
01:0000948A 00F6000800090009
01:00009492 000A000A000A000A
01:0000949A 000A000A000A0009
01:000094A2 000F00F700F600F7
01:000094AA 00F600F705800581
01:000094B2 0582058305840585
01:000094BA 05860587050A0D0A
01:000094C2 0032003200320032
01:000094CA 0032003200320032
01:000094D2 0032003200320032
01:000094DA 0032003200320032
01:000094E2 0032003200320032
01:000094EA 00F7000800090009
01:000094F2 0009000900090009
01:000094FA 0009000900090009
01:00009502 0009000900090009
01:0000950A 0009000900090009
01:00009512 0009000900090009
01:0000951A 0009000900090009
01:00009522 0009000900090009
01:0000952A 0009000900090009
01:00009532 0009000900090009
01:0000953A 0009000900090009
01:00009542 0009000900090009
01:0000954A 0009000900090009
01:00009552 0009000900090009
01:0000955A 0009000900090009
01:00009562 0009000900090009
01:0000956A 0009000900090009
01:00009572 0009000900090009
01:0000957A 0009000900090009
01:00009582 0009000900090009
01:0000958A 0009000900090009
01:00009592 0009000900090009
01:0000959A 0009000900090009
01:000095A2 0009000900090009
01:000095AA 0009000900090009
01:000095B2 0009000900090009
01:000095BA 0009000900090009
01:000095C2 0009000900090009
01:000095CA 0009000B05020503
01:000095D2 0504050505060D06
01:000095DA 0D050D040D030D02
01:000095E2 000E000900090009
01:000095EA 0009000900090588
01:000095F2 0589058A058B058C
01:000095FA 058D058E05960D96
01:00009602 0032003200320032
01:0000960A 0032003200320032
01:00009612 0032003200320032
01:0000961A 0032003200320032
01:00009622 0032003200320032
01:0000962A 00F6000C00040006
01:00009632 0007000600070006
01:0000963A 0007000600070005
01:00009642 0538053800860087
01:0000964A 008805380538008B
01:00009652 008C008D008E0538
01:0000965A 0538053805380538
01:00009662 0106010701080538
01:0000966A 05380109010A0538
01:00009672 010E010F01D90197
01:0000967A 0198019902010202
01:00009682 0203020402050206
01:0000968A 020701D901970198
01:00009692 0199053802870288
01:0000969A 0289028A028B028C
01:000096A2 028002810282028D
01:000096AA 028E028F0A890A88
01:000096B2 0A87053805380538
01:000096BA 053803080309030A
01:000096C2 030B030C030E030F
01:000096CA 038C038D038E038F
01:000096D2 0400040104020538
01:000096DA 0538053805380538
01:000096E2 0403040404050406
01:000096EA 0407053805380538
01:000096F2 0538053805380538
01:000096FA 0538053805380538
01:00009702 0538053805380538
01:0000970A 0538050705080509
01:00009712 0000000000000000
01:0000971A 000000000D090D08
01:00009722 0D0705380538050A
01:0000972A 050A050A050A050A
01:00009732 058F059005910592
01:0000973A 050A050A050A0D0A
01:00009742 0032003200320032
01:0000974A 0032003200320032
01:00009752 0032003200320032
01:0000975A 0032003200320032
01:00009762 0032003200320032
01:0000976A 00F7000C00040005
01:00009772 0013001400150016
01:0000977A 001700180019001A
01:00009782 001B053800960097
01:0000978A 00980538009A009B
01:00009792 009C009D009E009F
01:0000979A 0538053805380538
01:000097A2 0116011701180119
01:000097AA 011A011B011C011D
01:000097B2 011E011F053801A7
01:000097BA 01A8021002110212
01:000097C2 0213021402150216
01:000097CA 0217021801A701A8
01:000097D2 01A9053802970298
01:000097DA 0299029A029B029C
01:000097E2 029002910292029D
01:000097EA 029E029F0A990A98
01:000097F2 0A97053805380538
01:000097FA 031703180319031A
01:00009802 031B031C031E031F
01:0000980A 039C039D039E039F
01:00009812 0410041104120538
01:0000981A 0538041304140415
01:00009822 0416041704180419
01:0000982A 041A053805380538
01:00009832 0538053805380538
01:0000983A 0538053805380538
01:00009842 053805380538050B
01:0000984A 050C050D00000000
01:00009852 0000000000000000
01:0000985A 0000000000000000
01:00009862 0D0D0D0C0D0B050A
01:0000986A 050A050A050A050A
01:00009872 059305940595050A
01:0000987A 050A050A050A0D0A
01:00009882 0032003200320032
01:0000988A 0032003200320032
01:00009892 0032003200320032
01:0000989A 0032003200320032
01:000098A2 0032003200320032
01:000098AA 00F6000C00040005
01:000098B2 0023002400250026
01:000098BA 002700280029002A
01:000098C2 002B002C00A600A7
01:000098CA 00A800A900AA00AB
01:000098D2 00AC00AD00AE00AF
01:000098DA 00A400A501240125
01:000098E2 0126012701280129
01:000098EA 012A012B012C012D
01:000098F2 012E012F017701B7
01:000098FA 01B8022002210222
01:00009902 0223022402250226
01:0000990A 0227022801B701B8
01:00009912 01B902A602A702A8
01:0000991A 02A902AA02AB02AC
01:00009922 02A002A102A202AD
01:0000992A 02AE02AF0AA90AA8
01:00009932 0AA70AA605380538
01:0000993A 032703280329032A
01:00009942 032B032C032E032F
01:0000994A 03AC03AD03AE03AF
01:00009952 0420042104220423
01:0000995A 0424042504260427
01:00009962 04280429042A042B
01:0000996A 042C042D042E0538
01:00009972 05380409040A040B
01:0000997A 0538053805380538
01:00009982 0512051305140515
01:0000998A 0516000000000000
01:00009992 0000000000000000
01:0000999A 0000000000000000
01:000099A2 00000D160D150D14
01:000099AA 0D130D12050A0597
01:000099B2 05980599059A050A
01:000099BA 050A050A050A0D0A
01:000099C2 0032003200320032
01:000099CA 0032003200320032
01:000099D2 0032003200320032
01:000099DA 0032003200320032
01:000099E2 0032003200320032
01:000099EA 00F7000C00040005
01:000099F2 0033003400350036
01:000099FA 003700380039003A
01:00009A02 003B003C00B600B7
01:00009A0A 00B800B900BA0538
01:00009A12 00BC00BD00BE00BF
01:00009A1A 00B400B501340135
01:00009A22 0136013701380139
01:00009A2A 013A013B013C013D
01:00009A32 013E013F053801C7
01:00009A3A 01C8023002310232
01:00009A42 0233023402350236
01:00009A4A 0237023801C701C8
01:00009A52 026F02B602B702B8
01:00009A5A 02B902BA02BB02BC
01:00009A62 02B002B102B202BD
01:00009A6A 02BE02BF0AB90AB8
01:00009A72 0AB70AB60A6F0538
01:00009A7A 033703380339033A
01:00009A82 033B033C033E033F
01:00009A8A 03BC03BD03BE03BF
01:00009A92 0430043104320433
01:00009A9A 0434043504360437
01:00009AA2 04380439043A043B
01:00009AAA 043C043D043E043F
01:00009AB2 040C040D040E040F
01:00009ABA 0538053805380538
01:00009AC2 051705180544051A
01:00009ACA 051B000000000000
01:00009AD2 0000000000000000
01:00009ADA 0000000000000000
01:00009AE2 00000D1B0D1A0544
01:00009AEA 0D180D17050A059B
01:00009AF2 050A050A059D050A
01:00009AFA 050A059E059F0D9F
01:00009B02 0032003200320032
01:00009B0A 0032003200320032
01:00009B12 0032003200320032
01:00009B1A 0032003200320032
01:00009B22 0032003200320032
01:00009B2A 00F6000C00040005
01:00009B32 0043004400450046
01:00009B3A 004700480049004A
01:00009B42 004B004C00C600C7
01:00009B4A 00C800C900CA00CB
01:00009B52 00CC00CD00CE00CF
01:00009B5A 00C400C501440145
01:00009B62 0146014701480149
01:00009B6A 014A014B014C014D
01:00009B72 014E014F053801D7
01:00009B7A 01D8024002410242
01:00009B82 0243024402450246
01:00009B8A 0247024801D701D8
01:00009B92 053802C602C702C8
01:00009B9A 02C902CA02CB02CC
01:00009BA2 02C002C102C202CD
01:00009BAA 02CE02CF0AC90AC8
01:00009BB2 0AC70AC60538036A
01:00009BBA 034703480349034A
01:00009BC2 034B034C034E034F
01:00009BCA 03CC03CD03CE03CF
01:00009BD2 0440044104420443
01:00009BDA 0444044504460447
01:00009BE2 04480449044A044B
01:00009BEA 044C044D044E044F
01:00009BF2 041C041D041E041F
01:00009BFA 0538053805380538
01:00009C02 0522052305440525
01:00009C0A 0526000000000000
01:00009C12 0000000000000000
01:00009C1A 0000000000000000
01:00009C22 00000D260D250544
01:00009C2A 0D230D22050A059C
01:00009C32 050A050A05A005A1
01:00009C3A 05A2050A050A0D0A
01:00009C42 0032003200320032
01:00009C4A 0032003200320032
01:00009C52 0032003200320032
01:00009C5A 0032003200320032
01:00009C62 0032003200320032
01:00009C6A 00F7000E000F0004
01:00009C72 0005005400550056
01:00009C7A 005700580059005A
01:00009C82 005B005C00D600D7
01:00009C8A 00D800D900DA00DB
01:00009C92 00DC00DD00DE00DF
01:00009C9A 00D400D505380155
01:00009CA2 0156015701580159
01:00009CAA 015A015B015C015D
01:00009CB2 015E015F053801E7
01:00009CBA 01E8025002510252
01:00009CC2 0253025402550256
01:00009CCA 0257025801E701E8
01:00009CD2 01E902D602D702D8
01:00009CDA 02D902DA02DB02DC
01:00009CE2 02D002D102D202DD
01:00009CEA 02DE02DF0AD90AD8
01:00009CF2 0AD70AD605380538
01:00009CFA 035703580359035A
01:00009D02 035B035C035E035F
01:00009D0A 03DC03DD03DE03DF
01:00009D12 0450045104520453
01:00009D1A 0454045504560457
01:00009D22 04580459045A045B
01:00009D2A 045C045D045E045F
01:00009D32 05380538053804C3
01:00009D3A 04C4053805270528
01:00009D42 0529052B0524050F
01:00009D4A 0000000000000000
01:00009D52 0000000000000000
01:00009D5A 0000000000000000
01:00009D62 000000000D0F0D24
01:00009D6A 0D2B0D290D280D27
01:00009D72 050A050A050A05A3
01:00009D7A 05A405A505A60DA6
01:00009D82 0032003200320032
01:00009D8A 0032003200320032
01:00009D92 0032003200320032
01:00009D9A 0032003200320032
01:00009DA2 0032003200320032
01:00009DAA 00F600F7000C0004
01:00009DB2 0005006400650066
01:00009DBA 006700680069006A
01:00009DC2 006B007B00E600E7
01:00009DCA 00E800E900EA00EB
01:00009DD2 00EC00ED00EE00EF
01:00009DDA 00E400E501640165
01:00009DE2 0166016701680169
01:00009DEA 016A016B016C016D
01:00009DF2 016E016F053801F7
01:00009DFA 01F8026002610262
01:00009E02 0263026402650266
01:00009E0A 0267026801F701F8
01:00009E12 01F902E602E702E8
01:00009E1A 02E902EA02EB02EC
01:00009E22 02E002E102E202ED
01:00009E2A 02EE02EF0AE90AE8
01:00009E32 0AE70AE605380538
01:00009E3A 0367036803690538
01:00009E42 036B036C036E036F
01:00009E4A 03EC03ED03EE03EF
01:00009E52 0460046105380462
01:00009E5A 0463046404650466
01:00009E62 0467046805380538
01:00009E6A 0469046A046B046C
01:00009E72 046D046E04C504C6
01:00009E7A 0538053805320533
01:00009E82 0534053505360537
01:00009E8A 0000000000000000
01:00009E92 001C000000000000
01:00009E9A 0000000000000000
01:00009EA2 000000000D370D36
01:00009EAA 0D350D340D330D32
01:00009EB2 05380538053805A7
01:00009EBA 05A805A905380D38
01:00009EC2 0032003200320032
01:00009ECA 0032003200320032
01:00009ED2 0032003200320032
01:00009EDA 0032003200320032
01:00009EE2 0032003200320032
01:00009EEA 00F700F6000C0004
01:00009EF2 0005007400750076
01:00009EFA 007700780079007A
01:00009F02 0080008100820083
01:00009F0A 00F800F900FA00FB
01:00009F12 00FC00FD00FE00FF
01:00009F1A 00F400F501740175
01:00009F22 0176053801780179
01:00009F2A 017A017B017C017D
01:00009F32 017E017F053801A3
01:00009F3A 01A4027002710272
01:00009F42 0273027402750276
01:00009F4A 0277027801A301A4
01:00009F52 028602F602F702F8
01:00009F5A 02F902FA02FB02FC
01:00009F62 02F002F102F202FD
01:00009F6A 02FE02FF0AF90AF8
01:00009F72 0AF70AF605380538
01:00009F7A 0377037803790538
01:00009F82 037B037C037E037F
01:00009F8A 03FC03FD03FE03FF
01:00009F92 0470047104720538
01:00009F9A 0538047304740475
01:00009FA2 0476047704780479
01:00009FAA 0538047A047B047C
01:00009FB2 047D047E05380538
01:00009FBA 0538053805380542
01:00009FC2 0543054405450546
01:00009FCA 0547000000000000
01:00009FD2 008F01B401B50200
01:00009FDA 0310033D00000000
01:00009FE2 00000D470D460D45
01:00009FEA 0D440D430D420538
01:00009FF2 0538050A05AA05AB
01:00009FFA 05AC050A05380D38
01:0000A002 0032003200320032
01:0000A00A 0032003200320032
01:0000A012 0032003200320032
01:0000A01A 0032003200320032
01:0000A022 0032003200320032
01:0000A02A 00F600F7000C0004
01:0000A032 0006000700060007
01:0000A03A 0006000700050053
01:0000A042 0090009100920093
01:0000A04A 0180018101820183
01:0000A052 0184018501860187
01:0000A05A 0188053801040105
01:0000A062 018A018B018C018D
01:0000A06A 018E018F010B010C
01:0000A072 010D053805380195
01:0000A07A 01960209020A020B
01:0000A082 020C020D020E020F
01:0000A08A 0249024A01950196
01:0000A092 0300030103020303
01:0000A09A 030403050306024B
01:0000A0A2 028302840285024C
01:0000A0AA 024F02960B040B03
01:0000A0B2 0B020B010B00030D
01:0000A0BA 0380038103820383
01:0000A0C2 0384038503860387
01:0000A0CA 03880389038A038B
01:0000A0D2 0480048104820483
01:0000A0DA 0484048504860487
01:0000A0E2 04880489048A048B
01:0000A0EA 048C0538048E048F
01:0000A0F2 0538053805380538
01:0000A0FA 0538053805380538
01:0000A102 05480549054A054B
01:0000A10A 054C000000000089
01:0000A112 00BB01B101B30208
01:0000A11A 0307034D00000000
01:0000A122 00000D4C0D4B0D4A
01:0000A12A 0D490D4805380538
01:0000A132 0538050A05AD050A
01:0000A13A 050A05AE05380D38
01:0000A142 0032003200320032
01:0000A14A 0032003200320032
01:0000A152 0032003200320032
01:0000A15A 0032003200320032
01:0000A162 0032003200320032
01:0000A16A 00F700F6000C0010
01:0000A172 0011001200100011
01:0000A17A 0012001000110012
01:0000A182 00A000A100A200A3
01:0000A18A 0189019001910538
01:0000A192 0538019201930538
01:0000A19A 0194053801140115
01:0000A1A2 019A019B019C019D
01:0000A1AA 019E019F05380538
01:0000A1B2 05380538053801A6
01:0000A1BA 01D50219021A021B
01:0000A1C2 021C021D021E021F
01:0000A1CA 0259025A01A601D5
01:0000A1D2 0538031103120313
01:0000A1DA 031403150316025B
01:0000A1E2 029302940295025C
01:0000A1EA 025F0B150B140B13
01:0000A1F2 0B120B11037A031D
01:0000A1FA 0390039103920393
01:0000A202 0394039503960397
01:0000A20A 03980399039A039B
01:0000A212 0490049104920493
01:0000A21A 0494049504960497
01:0000A222 049804990538049A
01:0000A22A 049B049C05380538
01:0000A232 0538053805380538
01:0000A23A 0538053805380538
01:0000A242 0552055305540555
01:0000A24A 05560557000001C5
01:0000A252 0154000000000000
01:0000A25A 037D035D00000000
01:0000A262 0D570D560D550D54
01:0000A26A 0D530D5205380538
01:0000A272 053805AF05B005B1
01:0000A27A 05B205B305380D38
01:0000A282 0032003200320032
01:0000A28A 0032003200320032
01:0000A292 0032003200320032
01:0000A29A 0032003200320032
01:0000A2A2 0032003200320032
01:0000A2AA 00F60008000B0020
01:0000A2B2 0021002200200021
01:0000A2BA 0022002000210022
01:0000A2C2 00B000B100B200B3
01:0000A2CA 00F3053805380538
01:0000A2D2 05380538006C006D
01:0000A2DA 0538010001010538
01:0000A2E2 01AA01AB01AC01AD
01:0000A2EA 01AE01AF05380102
01:0000A2F2 01030538053801B6
01:0000A2FA 01E50229022A022B
01:0000A302 022C022D022E022F
01:0000A30A 0269026A01B601E5
01:0000A312 0320032103220323
01:0000A31A 032403250326026B
01:0000A322 02A302A402A5026C
01:0000A32A 0B260B250B240B23
01:0000A332 0B220B210B20032D
01:0000A33A 03A003A103A203A3
01:0000A342 03A403A503A603A7
01:0000A34A 03A803A903AA03AB
01:0000A352 04A004A104A204A3
01:0000A35A 04A404A504A604A7
01:0000A362 04A804A904AA04AB
01:0000A36A 04AC04AD05380538
01:0000A372 0538053805380538
01:0000A37A 0538053805380538
01:0000A382 0562056305640565
01:0000A38A 0566056705680000
01:0000A392 00000000041B04AE
01:0000A39A 042F036D00000D68
01:0000A3A2 0D670D660D650D64
01:0000A3AA 0D630D6205380538
01:0000A3B2 050A05B605B7050A
01:0000A3BA 050A05B405B50DB5
01:0000A3C2 0032003200320032
01:0000A3CA 0032003200320032
01:0000A3D2 0032003200320032
01:0000A3DA 0032003200320032
01:0000A3E2 0032003200320032
01:0000A3EA 00F7000C05380030
01:0000A3F2 0031053800300031
01:0000A3FA 05380030003100F2
01:0000A402 00C000C100C200C3
01:0000A40A 001D001E001F001D
01:0000A412 001E001F007C007D
01:0000A41A 0160011001110161
01:0000A422 01BA01BB01BC01BD
01:0000A42A 01BE01BF01620112
01:0000A432 01130163053801C6
01:0000A43A 01F50239023A023B
01:0000A442 023C023D023E023F
01:0000A44A 0279027A01C601F5
01:0000A452 0330033103320333
01:0000A45A 033403350336027B
01:0000A462 02B302B402B5027C
01:0000A46A 0B360B350B340B33
01:0000A472 0B320B310B300538
01:0000A47A 03B003B103B203B3
01:0000A482 03B403B503B603B7
01:0000A48A 03B803B903BA03BB
01:0000A492 04B004B104B204B3
01:0000A49A 04B404B504B604B7
01:0000A4A2 04B804B904BA04BB
01:0000A4AA 04BC04BD04BE04BF
01:0000A4B2 0500050105380538
01:0000A4BA 0538053805380538
01:0000A4C2 0538054D054E054F
01:0000A4CA 05580559055A055B
01:0000A4D2 055C055D055E04FB
01:0000A4DA 050E0D5C0D5B0D5A
01:0000A4E2 0D590D580D4F0D4E
01:0000A4EA 0D4D05B805B905BA
01:0000A4F2 05BB05BC050A0538
01:0000A4FA 0538053805380D38
01:0000A502 0032003200320032
01:0000A50A 0032003200320032
01:0000A512 0032003200320032
01:0000A51A 0032003200320032
01:0000A522 0032003200320032
01:0000A52A 00F6000C00400041
01:0000A532 0042004000410042
01:0000A53A 0040004100420538
01:0000A542 00D000D100D200D3
01:0000A54A 002D002E002F002D
01:0000A552 002E002F006E006F
01:0000A55A 0170012001210171
01:0000A562 01CA01CB01CC01CD
01:0000A56A 01CE01CF01720122
01:0000A572 01230173053801C0
01:0000A57A 01C101C001C101C0
01:0000A582 01C101C201C301C4
01:0000A58A 01C301C401C301C4
01:0000A592 0340034103420343
01:0000A59A 034403450346024D
01:0000A5A2 02C302C402C5024E
01:0000A5AA 0B460B450B440B43
01:0000A5B2 0B420B410B400538
01:0000A5BA 03C003C103C203C3
01:0000A5C2 03C403C503C603C7
01:0000A5CA 03C803C903CA03CB
01:0000A5D2 04C004C104C20538
01:0000A5DA 05380538053804C7
01:0000A5E2 04C804C904CA04CB
01:0000A5EA 04CC04CD04CE04CF
01:0000A5F2 0510051105380538
01:0000A5FA 0538053805380538
01:0000A602 0538053805380569
01:0000A60A 056A054405440544
01:0000A612 05440572053B0D3B
01:0000A61A 0D72054405440544
01:0000A622 05440D6A0D6905BD
01:0000A62A 05BE0538053805BF
01:0000A632 05C005C1050A0538
01:0000A63A 0538050A05C20DC2
01:0000A642 0032003200320032
01:0000A64A 0032003200320032
01:0000A652 0032003200320032
01:0000A65A 0032003200320032
01:0000A662 0032003200320032
01:0000A66A 00F7000C00500051
01:0000A672 0052005000510052
01:0000A67A 0050005100520538
01:0000A682 00E000E100E200E3
01:0000A68A 003D003E003F003D
01:0000A692 003E003F007E007F
01:0000A69A 05380130013101A0
01:0000A6A2 01DA01DB01DC01DD
01:0000A6AA 01DE01DF05380132
01:0000A6B2 01330538053801D0
01:0000A6BA 01D101D001D101D0
01:0000A6C2 01D101D201D301D4
01:0000A6CA 01D301D401D301D4
01:0000A6D2 0350035103520353
01:0000A6DA 035403550356025D
01:0000A6E2 02D302D402D5025E
01:0000A6EA 0B560B550B540B53
01:0000A6F2 0B520B510B500538
01:0000A6FA 03D003D103D203D3
01:0000A702 03D403D503D603D7
01:0000A70A 03D803D903DA03DB
01:0000A712 04D004D104D204D3
01:0000A71A 04D404D504D604D7
01:0000A722 04D804D904DA04DB
01:0000A72A 04DC04DD04DE04DF
01:0000A732 0520052105500551
01:0000A73A 049D049E05380538
01:0000A742 0538053805380573
01:0000A74A 0574057505760577
01:0000A752 05780579057A0D7A
01:0000A75A 0D790D780D770D76
01:0000A762 0D750D740D730538
01:0000A76A 05C305C405380538
01:0000A772 05C505C605C70538
01:0000A77A 0538050A05C80DC8
01:0000A782 0032003200320032
01:0000A78A 0032003200320032
01:0000A792 0032003200320032
01:0000A79A 0032003200320032
01:0000A7A2 0032003200320032
01:0000A7AA 00F6000C00600061
01:0000A7B2 0062006000610062
01:0000A7BA 0060006100620538
01:0000A7C2 00F000F105380538
01:0000A7CA 004D004E0538004D
01:0000A7D2 004E053800840085
01:0000A7DA 05380140014101B0
01:0000A7E2 01EA01EB01EC01ED
01:0000A7EA 01EE01EF01A20142
01:0000A7F2 01430538053801E0
01:0000A7FA 01E101E001E101E0
01:0000A802 01E101E201E301E4
01:0000A80A 01E301E401E301E4
01:0000A812 0360036103620363
01:0000A81A 036403650366026D
01:0000A822 02E302E402E5026E
01:0000A82A 0B660B650B640B63
01:0000A832 0B620B610B600538
01:0000A83A 03E003E103E203E3
01:0000A842 03E403E503E603E7
01:0000A84A 03E803E903EA03EB
01:0000A852 04E004E104E204E3
01:0000A85A 04E404E504E604E7
01:0000A862 04E804E904EA04EB
01:0000A86A 04EC04ED04EE04EF
01:0000A872 0530053105600561
01:0000A87A 049F053805380538
01:0000A882 0538053805380538
01:0000A88A 0538053805190538
01:0000A892 0538052A0539055F
01:0000A89A 0538053805380D19
01:0000A8A2 0538053805380538
01:0000A8AA 05C905CA05CB0538
01:0000A8B2 05CC050A05CD05CE
01:0000A8BA 0538050A05CF0DCF
01:0000A8C2 0032003200320032
01:0000A8CA 0032003200320032
01:0000A8D2 0032003200320032
01:0000A8DA 0032003200320032
01:0000A8E2 0032003200320032
01:0000A8EA 00F7000C00700071
01:0000A8F2 0072007000710072
01:0000A8FA 0070007100720538
01:0000A902 0538053805380538
01:0000A90A 005D005E0538005D
01:0000A912 005E053800940095
01:0000A91A 05380150015101A1
01:0000A922 01FA01FB01FC01FD
01:0000A92A 01FE01FF01B20152
01:0000A932 01530538053801F0
01:0000A93A 01F101F001F101F0
01:0000A942 01F101F201F301F4
01:0000A94A 01F301F401F301F4
01:0000A952 0370037103720373
01:0000A95A 037403750376027D
01:0000A962 02F302F402F5027E
01:0000A96A 0B760B730B740B73
01:0000A972 0B720B710B700538
01:0000A97A 03F003F103F203F3
01:0000A982 03F403F503F603F7
01:0000A98A 03F803F903FA03FB
01:0000A992 04F004F104F204F3
01:0000A99A 04F404F504F604F7
01:0000A9A2 04F804F904FA0538
01:0000A9AA 04FC04FD04FE04FF
01:0000A9B2 0540054105700571
01:0000A9BA 04AF053805380538
01:0000A9C2 0538053805380538
01:0000A9CA 0538053805380538
01:0000A9D2 0538051C051D051E
01:0000A9DA 051F053805380538
01:0000A9E2 0538053805380538
01:0000A9EA 053805D005D105D2
01:0000A9F2 05D305D405D505D6
01:0000A9FA 05D705D805D90DD9
01:0000AA02 0032003200320032
01:0000AA0A 0032003200320032
01:0000AA12 0032003200320032
01:0000AA1A 0032003200320032
01:0000AA22 0032003200320032
01:0000AA2A 00F6000E00090009
01:0000AA32 0009000900090009
01:0000AA3A 0009000900090009
01:0000AA42 0009000900090009
01:0000AA4A 0009000900090009
01:0000AA52 0009000900090009
01:0000AA5A 0009000900090009
01:0000AA62 0009000900090009
01:0000AA6A 0009000900090009
01:0000AA72 0009000900090009
01:0000AA7A 0009000900090009
01:0000AA82 0009000900090009
01:0000AA8A 0009000900090009
01:0000AA92 0009000900090009
01:0000AA9A 0009000900090009
01:0000AAA2 0009000900090009
01:0000AAAA 0009000900090009
01:0000AAB2 0009000900090009
01:0000AABA 0009000900090009
01:0000AAC2 0009000900090009
01:0000AACA 0009000900090009
01:0000AAD2 0009000900090009
01:0000AADA 0009000900090009
01:0000AAE2 0009000900090009
01:0000AAEA 0009000900090009
01:0000AAF2 0009000900090009
01:0000AAFA 0009000900090009
01:0000AB02 0009000900090009
01:0000AB0A 0009000900090009
01:0000AB12 000F052C052D052E
01:0000AB1A 052F000800090009
01:0000AB22 0009000900090009
01:0000AB2A 05DA05DB05DC05DD
01:0000AB32 05DE05DF050A050A
01:0000AB3A 050A05E005E10DE1
01:0000AB42 0032003200320032
01:0000AB4A 0032003200320032
01:0000AB52 0032003200320032
01:0000AB5A 0032003200320032
01:0000AB62 0032003200320032
01:0000AB6A 00F700F600F700F6
01:0000AB72 00F700F600F700F6
01:0000AB7A 00F700F600F700F6
01:0000AB82 00F700F600F700F6
01:0000AB8A 00F700F600F700F6
01:0000AB92 00F700F600F700F6
01:0000AB9A 00F700F600F700F6
01:0000ABA2 00F700F600F700F6
01:0000ABAA 00F700F600F700F6
01:0000ABB2 00F700F600F700F6
01:0000ABBA 00F700F600F700F6
01:0000ABC2 00F700F600F700F6
01:0000ABCA 00F700F600F700F6
01:0000ABD2 00F700F600F700F6
01:0000ABDA 00F700F600F700F6
01:0000ABE2 00F700F600F700F6
01:0000ABEA 00F700F600F700F6
01:0000ABF2 00F700F600F700F6
01:0000ABFA 00F700F600F700F6
01:0000AC02 00F700F600F700F6
01:0000AC0A 00F700F600F700F6
01:0000AC12 00F700F600F700F6
01:0000AC1A 00F700F600F700F6
01:0000AC22 00F700F600F700F6
01:0000AC2A 00F700F600F700F6
01:0000AC32 00F700F600F700F6
01:0000AC3A 00F700F600F700F6
01:0000AC42 00F700F600F700F6
01:0000AC4A 00F700F600F700F6
01:0000AC52 000C053C053D053E
01:0000AC5A 053F000C00F700F6
01:0000AC62 00F700F600F700F6
01:0000AC6A 00F705E205E305E4
01:0000AC72 05E505E605E705E8
01:0000AC7A 05E905EA050A0D0A
01:0000AC82 0032003200320032
01:0000AC8A 0032003200320032
01:0000AC92 0032003200320032
01:0000AC9A 0032003200320032
01:0000ACA2 0032003200320032
01:0000ACAA 0028001C
                            	   342: 
                            	   343: target_title_screen_palette:
                            	   344:     MDCOLOR 0,0,0
01:0000ACAE 0000            	     1M     dc.w ((0)<<7)|((0)<<4)|((0)<<1)
                            	   345:     MDCOLOR 2,3,3
01:0000ACB0 0136            	     1M     dc.w ((2)<<7)|((3)<<4)|((3)<<1)
                            	   346:     MDCOLOR 3,4,4
01:0000ACB2 01C8            	     1M     dc.w ((3)<<7)|((4)<<4)|((4)<<1)
                            	   347:     MDCOLOR 0,0,0
01:0000ACB4 0000            	     1M     dc.w ((0)<<7)|((0)<<4)|((0)<<1)
                            	   348:     MDCOLOR 0,0,0
01:0000ACB6 0000            	     1M     dc.w ((0)<<7)|((0)<<4)|((0)<<1)
                            	   349:     MDCOLOR 0,0,0
01:0000ACB8 0000            	     1M     dc.w ((0)<<7)|((0)<<4)|((0)<<1)
                            	   350:     MDCOLOR 0,0,0
01:0000ACBA 0000            	     1M     dc.w ((0)<<7)|((0)<<4)|((0)<<1)
                            	   351:     MDCOLOR 0,0,0
01:0000ACBC 0000            	     1M     dc.w ((0)<<7)|((0)<<4)|((0)<<1)
                            	   352:     MDCOLOR 0,1,0
01:0000ACBE 0010            	     1M     dc.w ((0)<<7)|((1)<<4)|((0)<<1)
                            	   353:     MDCOLOR 0,0,0
01:0000ACC0 0000            	     1M     dc.w ((0)<<7)|((0)<<4)|((0)<<1)
                            	   354:     MDCOLOR 0,0,0
01:0000ACC2 0000            	     1M     dc.w ((0)<<7)|((0)<<4)|((0)<<1)
                            	   355:     MDCOLOR 0,1,1
01:0000ACC4 0012            	     1M     dc.w ((0)<<7)|((1)<<4)|((1)<<1)
                            	   356:     MDCOLOR 1,2,2
01:0000ACC6 00A4            	     1M     dc.w ((1)<<7)|((2)<<4)|((2)<<1)
                            	   357:     MDCOLOR 2,3,3
01:0000ACC8 0136            	     1M     dc.w ((2)<<7)|((3)<<4)|((3)<<1)
                            	   358:     MDCOLOR 3,4,4
01:0000ACCA 01C8            	     1M     dc.w ((3)<<7)|((4)<<4)|((4)<<1)
                            	   359:     MDCOLOR 4,5,5
01:0000ACCC 025A            	     1M     dc.w ((4)<<7)|((5)<<4)|((5)<<1)
                            	   360: 
                            	   361: 
                            	   362: intro_credits_ts_p3:    ; tiles for sprites
01:0000ACCE 01006603F8803F01	   363:     incbin  "inc/gfx/intro_credits/block41.bin"
01:0000ACD6 18C0048F08F80D44
01:0000ACDE 43C5060E16367EC6
01:0000ACE6 237C667C017C233C
01:0000ACEE 6660013C22786C85
01:0000ACF6 667C237E607C8160
01:0000ACFE 7E237E607C846023
01:0000AD06 3C6660C26E663E20
01:0000AD0E 85667E0020901820
01:0000AD16 8406013C23666C78
01:0000AD1E C06C00208D607E23
01:0000AD26 63777FC06B806323
01:0000AD2E 66767EC26E666221
01:0000AD36 3C89663C217C017C
01:0000AD3E 8060213C037E663B
01:0000AD46 217C037C6C66233C
01:0000AD4E 603CC206663C217E
01:0000AD56 8C18208D663C2363
01:0000AD5E 666CC27870602163
01:0000AD66 866B7F3622633682
01:0000AD6E 1C36632085663C18
01:0000AD76 237E0C18C230607E
01:0000AD7E 4E4FC80105070F1E
01:0000AD86 3D7AFC708FF870FC
01:0000AD8E 7AC73D1E0F070501
01:0000AD96 003F3290402C0480
01:0000AD9E 072A4090333F00F8
01:0000ADA6 C1F0E04188F89378
01:0000ADAE F9F8F9E600010307
01:0000ADB6 03070F070F1F0E1F
01:0000ADBE 3E1C3E7F3F7FF870
01:0000ADC6 F8F0E0F000F8FCFE
01:0000ADCE 9CFE9F0E9F0F070F
01:0000ADD6 0703073701000146
01:0000ADDE E7800080C080C0E0
01:0000ADE6 C0E0F0E0F0F970F9
01:0000ADEE 0001030703070F07
01:0000ADF6 0F1F0E1F3E1C3E7C
01:0000ADFE 387CF870F8F0E0F0
01:0000AE06 0092F878F8877879
01:0000AE0E 7879C47B797B7F7B
01:0000AE16 8B7F000F1FD53F1F
01:0000AE1E 3F7F3B7FFB73FBF3
01:0000AE26 E3F3E3C3E3C383C3
01:0000AE2E 83038300A4C3A9C3
01:0000AE36 003494C03484C088
01:0000AE3E C03500344184FC41
01:0000AE46 3443DD0100010301
01:0000AE4E 030703070F070F1F
01:0000AE56 0E1F001F3F7F397F
01:0000AE5E F970F9F0E0F0E0C0
01:0000AE66 E0378000802B80C0
01:0000AE6E E0D4C0E0F0E0F0F8
01:0000AE76 70F87C387CFEFCFE
01:0000AE7E 1F0E1F0F070F00A0
01:0000AE86 07A307870787C000
01:0000AE8E 3497809FBFFFC085
01:0000AE96 9F8000E8F8C2FC3F
01:0000AE9E 1E870F1E3FFCCCF0
01:0000AEA6 C8F0E078F03C781E
01:0000AEAE 3C0F1E00881F4E38
01:0000AEB6 9C1EA11E0088FE4E
01:0000AEBE C4070F1F3F3E843C
01:0000AEC6 C43E3F1F0F0741C3
01:0000AECE 172F1F0034413501
01:0000AED6 2D013700F0E8C0D0
01:0000AEDE 41C2C0E0F0088478
01:0000AEE6 0BF0E0C040C20103
01:0000AEEE 07A80FAF0F1F3F7F
01:0000AEF6 C0FF9CC08CCF98C0
01:0000AEFE 61C2FEFCF9438CFE
01:0000AF06 987E8FFE9F3F7F30
01:0000AF0E 9C038C7FAC0397F3
01:0000AF16 F2F0F1A8F3AFF3E3
01:0000AF1E C393C13373A8F3A8
01:0000AF26 F3C0FE3CACF0ACF0
01:0000AF2E 2380C0E0C3F0181C
01:0000AF36 1EA41FAB1F070F1F
01:0000AF3E C23F7FFF2888808C
01:0000AF46 9FAC80B8FCB9FC00
01:0000AF4E 84C085F0FC817C7F
01:0000AF56 851F07810F07851F
01:0000AF5E 7F817CFC84F084C0
01:0000AF66 208403850F3F813E
01:0000AF6E FE85F8E081F0E085
01:0000AF76 F8FE813E3F840F85
01:0000AF7E 03000884E084804A
01:0000AF86 848084E00B607079
01:0000AF8E C870796F796F666F
01:0000AF96 666029638AE363E3
01:0000AF9E 8C632809001480F1
01:0000AFA6 1500082B30FCCCC0
01:0000AFAE 868B8086CCFCC030
01:0000AFB6 2B040E1FC80A1B31
01:0000AFBE 1B317F3F60402B0E
01:0000AFC6 0F0DC80F0D8C0D8C
01:0000AFCE CC8CCC4C281B9819
01:0000AFD6 99C6D999D979D878
01:0000AFDE 382B30FC84938684
01:0000AFE6 FC302B081C3EC814
01:0000AFEE 36633663FF7FC180
01:0000AFF6 2B0B1F08C80C0E07
01:0000AFFE 030180088F832B02
01:0000B006 C7420601801F42E3
01:0000B00E 402BC0F010C80181
01:0000B016 C1E1713110F8D02B
01:0000B01E 30FC84938684FC30
01:0000B026 2B0C3F21C0618B60
01:0000B02E 61213FC00C288518
01:0000B036 988A18991880192B
01:0000B03E 10387CC8286CC66C
01:0000B046 C6FFFE83012830A0
01:0000B04E 1828108430108430
01:0000B056 1028CB8B9F080C0E
01:0000B05E 07030100088F832E
01:0000B066 C04025801F40E040
01:0000B06E 42C01040C110082F
01:0000B076 082004C010292419
01:0000B07E 242B100420C00827
01:0000B086 442810C128442482
01:0000B08E 101E788008208110
01:0000B096 7C8010248208781E
01:0000B09E 801041C004850304
01:0000B0A6 45C04085804044C0
01:0000B0AE 021707090146C120
01:0000B0B6 C021804317030F03
01:0000B0BE 1445C280E08046C2
01:0000B0C6 010907150243C080
01:0000B0CE 22C02044C1080486
01:0000B0D6 03040843C120400C
01:0000B0DE C280402042810402
01:0000B0E6 06071845C130C084
01:0000B0EE 808040418701031F
01:0000B0F6 03840144C280F080
01:0000B0FE 46C1180705028004
01:0000B106 4180408680C03043
01:0000B10E C210080487030408
01:0000B116 1041C21020408780
01:0000B11E 40201040C2080406
01:0000B126 07070F19C02043C3
01:0000B12E 0830E0C00FC04020
01:0000B136 288B0103077FC107
01:0000B13E 03880141C480C0FC
01:0000B146 C08044C320190F07
01:0000B14E 070604082F2040C0
01:0000B156 0FC0E030C0085743
01:0000B15E C5060E16367EC623
01:0000B166 7C667C017C233C66
01:0000B16E 60013C22786C8566
01:0000B176 7C237E607C81607E
01:0000B17E 237E607C8460233C
01:0000B186 6660C26E663E2085
01:0000B18E 667E002090182084
01:0000B196 06013C23666C78C0
01:0000B19E 6C00208D607E2363
01:0000B1A6 777FC06B80632366
01:0000B1AE 767EC26E6662213C
01:0000B1B6 89663C217C017C80
01:0000B1BE 60213C037E663B21
01:0000B1C6 7C037C6C66233C60
01:0000B1CE 3CC206663C217E8C
01:0000B1D6 18208D663C236366
01:0000B1DE 6CC2787060216386
01:0000B1E6 6B7F36226336821C
01:0000B1EE 36632085663C1823
01:0000B1F6 7E0C18C230607E4E
01:0000B1FE 4FC800030F1F3F7E
01:0000B206 7C78F88FF0F8787C
01:0000B20E C47E3F1F0F032036
01:0000B216 E0802D0105072A80
01:0000B21E E03700F8F0C0E041
01:0000B226 88F89178F881F900
01:0000B22E 84038407850F1F83
01:0000B236 1E3E3C3F827F78F8
01:0000B23E 86F0E00085FCFE81
01:0000B246 9E9F840F85070334
01:0000B24E 1448848084C084E0
01:0000B256 87F0F97900840384
01:0000B25E 07850F1F811E3E81
01:0000B266 3C7C8178F886F0E0
01:0000B26E 0094F88C78847984
01:0000B276 7B8D7F00841F853F
01:0000B27E 7F817BFB84F384E3
01:0000B286 84C386830300A4C3
01:0000B28E A9C3003494C03484
01:0000B296 C088C03500344184
01:0000B29E FC41344484018403
01:0000B2A6 8407870F1F1E0085
01:0000B2AE 3F7F8179F984F085
01:0000B2B6 E0C0340C2C84C084
01:0000B2BE E085F0F883787C3C
01:0000B2C6 FC82FE1E1F860F07
01:0000B2CE 00A007A407818700
01:0000B2D6 3497808F9FBFC183
01:0000B2DE 819B8000F0FCC1FE
01:0000B2E6 1E8F0F1EFEFCC1F0
01:0000B2EE E080F08078803C82
01:0000B2F6 1E0F00881F4E389C
01:0000B2FE 1EA11E0088FE4EC3
01:0000B306 030F1F1E883CC43C
01:0000B30E 1E1F0F0341C30F1F
01:0000B316 3F00344134413700
01:0000B31E F8F0C0E041C180E0
01:0000B326 80F08C7882F0E080
01:0000B32E 40C2010307A80FAF
01:0000B336 0F1F3F7FC0FF9CC0
01:0000B33E 8CCF98C061C2FEFC
01:0000B346 F9438CFE987E8FFE
01:0000B34E 9F3F7F309C038C7F
01:0000B356 AC0397F3F2F0F1A8
01:0000B35E F3AFF3E3C393C133
01:0000B366 73A8F3A8F3C0FE3C
01:0000B36E ACF0ACF02380C0E0
01:0000B376 C3F0181C1EA41FAB
01:0000B37E 1F070F1FC23F7FFF
01:0000B386 2888808C9FAC80B8
01:0000B38E FCB8FC0DC081E0F0
01:0000B396 0BFC7E3EC13F1F80
01:0000B39E 0F8007830F1F3F3E
01:0000B3A6 C17EFC09F081E0C0
01:0000B3AE 0C150381070F831F
01:0000B3B6 3F7E7CC1FCF880F0
01:0000B3BE 80E083F0F8FC7CC1
01:0000B3C6 7E3F811F0F810703
01:0000B3CE 15F881F0E01D804C
01:0000B3D6 C0801DE081F0F884
01:0000B3DE 708479846F846628
01:0000B3E6 90E3906328088401
01:0000B3EE 80F18401082B78FC
01:0000B3F6 CEC0868B8086CEFC
01:0000B3FE C07828840E841B82
01:0000B406 313F7F806028840F
01:0000B40E 840D848C84CC2819
01:0000B416 19849985D9798078
01:0000B41E 2B78FCCE9386CEFC
01:0000B426 7828841C84368263
01:0000B42E 7FFF80C12A070F83
01:0000B436 1C0E0703C401009C
01:0000B43E 8F872B81C3E7C807
01:0000B446 030180C0E0E7C381
01:0000B44E 2BE0F039C40181C1
01:0000B456 E1718239F0E02B78
01:0000B45E FCCE9386CEFC782B
01:0000B466 1E3F73C0618B6061
01:0000B46E 733FC01E28188098
01:0000B476 8A18989980192884
01:0000B47E 38846C82C6FEFF80
01:0000B486 832830A018281084
01:0000B48E 301084301028C187
01:0000B496 8F831C0E0703C401
01:0000B49E 001C8F872B80C0E0
01:0000B4A6 2680C082E0C08042
01:0000B4AE C01040C118104018
01:0000B4B6 4018401826820087
01:0000B4BE 38008200D7200011
01:0000B4C6 1C38880004100010
01:0000B4CE BA10001000040088
01:0000B4D6 381C1100202E0804
01:0000B4DE 8603040843C12040
01:0000B4E6 8680402042C10200
01:0000B4EE 1707110146C110C0
01:0000B4F6 258041C801000103
01:0000B4FE 170301000144C280
01:0000B506 D08046C201110716
01:0000B50E 000241C08026C010
01:0000B516 43C8100806070307
01:0000B51E 06081041C110201D
01:0000B526 801E201040C30800
01:0000B52E 04020707082043C2
01:0000B536 0820C08780400020
01:0000B53E 2E010017032F0316
01:0000B546 000143C280E88045
01:0000B54E C220080707020400
01:0000B556 C0082F2000408780
01:0000B55E C0200841C320000C
01:0000B566 0F87070F0C00C020
01:0000B56E 2F080060C0E087C0
01:0000B576 E06000C0082B1000
01:0000B57E 04C00207070F11C1
01:0000B586 004041C4040010E0
01:0000B58E C087804000102201
01:0000B596 001703010BC3BF0B
01:0000B59E 01031600012F8000
01:0000B5A6 A0C3FAA0008042C4
01:0000B5AE 4000110F07070204
01:0000B5B6 00C0102710004087
01:0000B5BE 80C0E010C1000456
01:0000B5C6 43C5060E16367EC6
01:0000B5CE 237C667C017C233C
01:0000B5D6 6660013C22786C85
01:0000B5DE 667C237E607C8160
01:0000B5E6 7E237E607C846023
01:0000B5EE 3C6660C26E663E20
01:0000B5F6 85667E0020901820
01:0000B5FE 8406013C23666C78
01:0000B606 C06C00208D607E23
01:0000B60E 63777FC06B806323
01:0000B616 66767EC26E666221
01:0000B61E 3C89663C217C017C
01:0000B626 8060213C037E663B
01:0000B62E 217C037C6C66233C
01:0000B636 603CC206663C217E
01:0000B63E 8C18208D663C2363
01:0000B646 666CC27870602163
01:0000B64E 866B7F3622633682
01:0000B656 1C36632085663C18
01:0000B65E 237E0C18C230607E
01:0000B666 4E4FC701070F1F3F
01:0000B66E 7F7EFC97F8FC7E7F
01:0000B676 C53F1F0F07010036
01:0000B67E F0C02C0480072AC0
01:0000B686 F03700F8F0C0E041
01:0000B68E 88F8907885F90004
01:0000B696 8407840F841F843E
01:0000B69E 847F84F885F00080
01:0000B6A6 FC84FE849F840F84
01:0000B6AE 0734840146848084
01:0000B6B6 C084E084F085F900
01:0000B6BE 048407840F841F84
01:0000B6C6 3E847C84F885F000
01:0000B6CE 98F884788479847B
01:0000B6D6 917F00801F843F84
01:0000B6DE 7F84FB84F384E384
01:0000B6E6 C3858300A4C3A9C3
01:0000B6EE 003494C03484C088
01:0000B6F6 C03500344184FC41
01:0000B6FE 3443840184038407
01:0000B706 840F851F0010847F
01:0000B70E 84F984F084E03484
01:0000B716 80281C84E084F084
01:0000B71E F8847C84FE841F85
01:0000B726 0F00A007A0078587
01:0000B72E 003497809FBFFFC1
01:0000B736 87819B8000F8FCC2
01:0000B73E FE3F1F870F1F3FFE
01:0000B746 C1FCF880F008807C
01:0000B74E 803E811F00881F4E
01:0000B756 389C1EA11E0088FE
01:0000B75E 4EC4070F1F3F3E84
01:0000B766 3CC43E3F1F0F0741
01:0000B76E C01F110034413501
01:0000B776 2D01350009F041C2
01:0000B77E C0E0F00884780BF0
01:0000B786 E0C040C2010307A8
01:0000B78E 0FAF0F1F3F7FC0FF
01:0000B796 9CC08CCF98C061C2
01:0000B79E FEFCF9438CFE987E
01:0000B7A6 8FFE9F3F7F309C03
01:0000B7AE 8C7FAC0397F3F2F0
01:0000B7B6 F1A8F3AFF3E3C393
01:0000B7BE C13373A8F3A8F3C0
01:0000B7C6 FE3CACF0ACF02380
01:0000B7CE C0E0C3F0181C1EA4
01:0000B7D6 1FAB1F070F1FC23F
01:0000B7DE 7FFF2888808C9FAC
01:0000B7E6 80B8FCB9FC801DE0
01:0000B7EE 81F0F883FC7E7F3F
01:0000B7F6 801F880F831F3F7F
01:0000B7FE 7E81FCF881F0E01E
01:0000B806 80010507810F1F13
01:0000B80E 7EFEFC0888F00BFC
01:0000B816 FE7E111F810F0705
01:0000B81E 0109F081E0C00C4A
01:0000B826 0DC081E0F0088070
01:0000B82E 8479807F846F0028
01:0000B836 94E38C6328088401
01:0000B83E 80F18401082B78FC
01:0000B846 CEC0868B8086CEFC
01:0000B84E C07828810E1F801B
01:0000B856 813B31807F806028
01:0000B85E 890F0D818D8C88CC
01:0000B866 2818849984D980F9
01:0000B86E 80782B78FCCE9386
01:0000B876 CEFC7828811C3E80
01:0000B87E 368177633080C12A
01:0000B886 0F1F831C0E0703C4
01:0000B88E 01809C8F872B83C7
01:0000B896 E7C807030180C0E0
01:0000B89E E7E3C12BE0F039C4
01:0000B8A6 0181C1E1718239F8
01:0000B8AE F02B78FCCE9386CE
01:0000B8B6 FC782B1E3F73C061
01:0000B8BE 8B6061733FC01E28
01:0000B8C6 1880988818809980
01:0000B8CE 192881387C806C81
01:0000B8D6 EEC63080832830A0
01:0000B8DE 1828108430108430
01:0000B8E6 1028C18F9F831C0E
01:0000B8EE 0703C401001C8F87
01:0000B8F6 2B80C0E02680C085
01:0000B8FE E0C042C01040182F
01:0000B906 08381CC010292419
01:0000B90E 242B101C38C00822
01:0000B916 82448738448200C7
01:0000B91E 2010111E78880804
01:0000B926 8510FE8710000408
01:0000B92E C588781E1110202E
01:0000B936 08048603040843C1
01:0000B93E 2040868040204280
01:0000B946 021707190146C130
01:0000B94E C0200C418701031F
01:0000B956 03840144C280F080
01:0000B95E 46C2011907148002
01:0000B966 410C22C03043C810
01:0000B96E 0806070307060810
01:0000B976 41C110201D801E20
01:0000B97E 1040C00881040207
01:0000B986 07182043C20830C0
01:0000B98E 84808140202C8B01
01:0000B996 033F03880143C280
01:0000B99E F88045C220180705
01:0000B9A6 028104082D208040
01:0000B9AE 8780C0300841C320
01:0000B9B6 100C0F87070F0C10
01:0000B9BE C0202F081060C0E0
01:0000B9C6 87C0E06010C0082B
01:0000B9CE 100804C00607070F
01:0000B9D6 19C1204041C40408
01:0000B9DE 30E0C00FC04020C0
01:0000B9E6 10208801070FFF0F
01:0000B9EE 0488012C0FE0FEE0
01:0000B9F6 0C42C44020190F07
01:0000B9FE 07060408C0102710
01:0000BA06 2040C0C00FC0E030
01:0000BA0E C108045643C5060E
01:0000BA16 16367EC6237C667C
01:0000BA1E 017C233C6660013C
01:0000BA26 22786C85667C237E
01:0000BA2E 607C81607E237E60
01:0000BA36 7C8460233C6660C2
01:0000BA3E 6E663E2085667E00
01:0000BA46 209018208406013C
01:0000BA4E 23666C78C06C0020
01:0000BA56 8D607E2363777FC0
01:0000BA5E 6B80632366767EC2
01:0000BA66 6E6662213C89663C
01:0000BA6E 217C017C8060213C
01:0000BA76 037E663B217C037C
01:0000BA7E 6C66233C603CC206
01:0000BA86 663C217E8C18208D
01:0000BA8E 663C2363666CC278
01:0000BA96 70602163866B7F36
01:0000BA9E 226336821C366320
01:0000BAA6 85663C18237E0C18
01:0000BAAE C230607E4E4FC701
01:0000BAB6 070F1F3F7F7EFC97
01:0000BABE F8FC7E7FC53F1F0F
01:0000BAC6 07010036F0C02C04
01:0000BACE 80072AC0F03700F8
01:0000BAD6 F0C0E04188F89078
01:0000BADE 85F900048407840F
01:0000BAE6 841F843E847F84F8
01:0000BAEE 85F00080FC84FE84
01:0000BAF6 9F840F8407348401
01:0000BAFE 46848084C084E084
01:0000BB06 F085F90004840784
01:0000BB0E 0F841F843E847C84
01:0000BB16 F885F00098F88478
01:0000BB1E 8479847B917F0080
01:0000BB26 1F843F847F84FB84
01:0000BB2E F384E384C3858300
01:0000BB36 A4C3A9C3003494C0
01:0000BB3E 3484C088C0350034
01:0000BB46 4184FC4134438401
01:0000BB4E 84038407840F851F
01:0000BB56 0010847F84F984F0
01:0000BB5E 84E0348480281C84
01:0000BB66 E084F084F8847C84
01:0000BB6E FE841F850F00A007
01:0000BB76 A007858700349780
01:0000BB7E 9FBFFFC187819B80
01:0000BB86 00F8FCC2FE3F1F87
01:0000BB8E 0F1F3FFEC1FCF880
01:0000BB96 F008807C803E811F
01:0000BB9E 00881F4E389C1EA1
01:0000BBA6 1E0088FE4EC4070F
01:0000BBAE 1F3F3E843CC43E3F
01:0000BBB6 1F0F0741C01F1100
01:0000BBBE 344135012D013500
01:0000BBC6 09F041C2C0E0F008
01:0000BBCE 84780BF0E0C040C2
01:0000BBD6 010307A80FAF0F1F
01:0000BBDE 3F7FC0FF9CC08CCF
01:0000BBE6 98C061C2FEFCF943
01:0000BBEE 8CFE987E8FFE9F3F
01:0000BBF6 7F309C038C7FAC03
01:0000BBFE 97F3F2F0F1A8F3AF
01:0000BC06 F3E3C393C13373A8
01:0000BC0E F3A8F3C0FE3CACF0
01:0000BC16 ACF02380C0E0C3F0
01:0000BC1E 181C1EA41FAB1F07
01:0000BC26 0F1FC23F7FFF2888
01:0000BC2E 808C9FAC80B8FCB9
01:0000BC36 FC801DE081F0F883
01:0000BC3E FC7E7F3F801F880F
01:0000BC46 831F3F7F7E81FCF8
01:0000BC4E 81F0E01E80010507
01:0000BC56 810F1F137EFEFC08
01:0000BC5E 88F00BFCFE7E111F
01:0000BC66 810F07050109F081
01:0000BC6E E0C00C4A0DC081E0
01:0000BC76 F00880708479807F
01:0000BC7E 846F002894E38C63
01:0000BC86 2808840180F18401
01:0000BC8E 082B78FCCEC0868B
01:0000BC96 8086CEFCC0782881
01:0000BC9E 0E1F801B813B3180
01:0000BCA6 7F806028890F0D81
01:0000BCAE 8D8C88CC28188499
01:0000BCB6 84D980F980782B78
01:0000BCBE FCCE9386CEFC7828
01:0000BCC6 811C3E8036817763
01:0000BCCE 3080C12A0F1F831C
01:0000BCD6 0E0703C401809C8F
01:0000BCDE 872B83C7E7C80703
01:0000BCE6 0180C0E0E7E3C12B
01:0000BCEE E0F039C40181C1E1
01:0000BCF6 718239F8F02B78FC
01:0000BCFE CE9386CEFC782B1E
01:0000BD06 3F73C0618B606173
01:0000BD0E 3FC01E2818809888
01:0000BD16 1880998019288138
01:0000BD1E 7C806C81EEC63080
01:0000BD26 832830A018281084
01:0000BD2E 301084301028C18F
01:0000BD36 9F831C0E0703C401
01:0000BD3E 001C8F872B80C0E0
01:0000BD46 2680C085E0C042C0
01:0000BD4E 1040182F08381CC0
01:0000BD56 10292419242B101C
01:0000BD5E 38C0082282448738
01:0000BD66 448200C72010111E
01:0000BD6E 788808048510FE87
01:0000BD76 10000408C588781E
01:0000BD7E 1110202E08048603
01:0000BD86 040843C120408680
01:0000BD8E 4020428002170719
01:0000BD96 0146C130C0200C41
01:0000BD9E 8701031F03840144
01:0000BDA6 C280F08046C20119
01:0000BDAE 07148002410C22C0
01:0000BDB6 3043C81008060703
01:0000BDBE 0706081041C11020
01:0000BDC6 1D801E201040C008
01:0000BDCE 8104020707182043
01:0000BDD6 C20830C084808140
01:0000BDDE 202C8B01033F0388
01:0000BDE6 0143C280F88045C2
01:0000BDEE 2018070502810408
01:0000BDF6 2D2080408780C030
01:0000BDFE 0841C320100C0F87
01:0000BE06 070F0C10C0202F08
01:0000BE0E 1060C0E087C0E060
01:0000BE16 10C0082B100804C0
01:0000BE1E 0607070F19C12040
01:0000BE26 41C4040830E0C00F
01:0000BE2E C04020C010208801
01:0000BE36 070FFF0F0488012C
01:0000BE3E 0FE0FEE00C42C440
01:0000BE46 20190F0707060408
01:0000BE4E C01027102040C0C0
01:0000BE56 0FC0E030C1080456
                            	   364:     
                            	   365: ; TODO convert tilemaps to X68000 sprite format        
                            	   366: TM_GAME_ART:  ; GAME ART sprites data during produced by -
01:0000BE5E 0005            	   367:    dw $0005 ; n+1 sprites
01:0000BE60 00F8            	   368:    dw $00F8, $0E00, $6620, $00BD
01:0000BE62 0E00
01:0000BE64 6620
01:0000BE66 00BD
01:0000BE68 00F8            	   369:    dw $00F8, $0E00, $662C, $00DD
01:0000BE6A 0E00
01:0000BE6C 662C
01:0000BE6E 00DD
01:0000BE70 00F8            	   370:    dw $00F8, $0E00, $6638, $00FD
01:0000BE72 0E00
01:0000BE74 6638
01:0000BE76 00FD
01:0000BE78 00F8            	   371:    dw $00F8, $0E00, $6644, $0123
01:0000BE7A 0E00
01:0000BE7C 6644
01:0000BE7E 0123
01:0000BE80 00F8            	   372:    dw $00F8, $0E00, $6650, $0143
01:0000BE82 0E00
01:0000BE84 6650
01:0000BE86 0143
01:0000BE88 00F8            	   373:    dw $00F8, $0E00, $665C, $0163
01:0000BE8A 0E00
01:0000BE8C 665C
01:0000BE8E 0163
                            	   374: 
                            	   375: TM_GAINAX:  ; GAINAX sprites data during associated with
01:0000BE90 0003            	   376:    dw $0003 ; n+1 sprites
01:0000BE92 00F2            	   377:    dw $00F2, $0F00, $6668, $00EC, $00F2, $0F00, $6678, $010C
01:0000BE94 0F00
01:0000BE96 6668
01:0000BE98 00EC
01:0000BE9A 00F2
01:0000BE9C 0F00
01:0000BE9E 6678
01:0000BEA0 010C
01:0000BEA2 00F2            	   378:    dw $00F2, $0F00, $6688, $012C, $00F2, $0300, $6698, $014C
01:0000BEA4 0F00
01:0000BEA6 6688
01:0000BEA8 012C
01:0000BEAA 00F2
01:0000BEAC 0300
01:0000BEAE 6698
01:0000BEB0 014C
                            	   379: 
                            	   380: TM_MECANO:  ; MECANO ASSOCIATES sprites data during music composed by
01:0000BEB2 0004            	   381:    dw $0004 ; n+1 sprites
01:0000BEB4 00F8            	   382:    dw $00F8, $0d00, $669C, $00CE, $00F8, $0d00, $66A4, $00EE
01:0000BEB6 0D00
01:0000BEB8 669C
01:0000BEBA 00CE
01:0000BEBC 00F8
01:0000BEBE 0D00
01:0000BEC0 66A4
01:0000BEC2 00EE
01:0000BEC4 00F8            	   383:    dw $00F8, $0d00, $66AC, $0112, $00F8, $0d00, $66B4, $0132
01:0000BEC6 0D00
01:0000BEC8 66AC
01:0000BECA 0112
01:0000BECC 00F8
01:0000BECE 0D00
01:0000BED0 66B4
01:0000BED2 0132
01:0000BED4 00F8            	   384:    dw $00F8, $0d00, $66BC, $0152, $0000, $0000, $0000, $0000
01:0000BED6 0D00
01:0000BED8 66BC
01:0000BEDA 0152
01:0000BEDC 0000
01:0000BEDE 0000
01:0000BEE0 0000
01:0000BEE2 0000
                            	   385:         
                            	   386: S_PRODUCED_BY:
01:0000BEE4 50524F4455434544	   387:     db "PRODUCED BY", $00
01:0000BEEC 204259
01:0000BEEF 00
                            	   388: S_ASSOCIATED_WITH:
01:0000BEF0 4153534F43494154	   389:     db "ASSOCIATED WITH", $00
01:0000BEF8 45442057495448
01:0000BEFF 00
                            	   390: S_MUSIC_COMPOSED_BY:
01:0000BF00 4D5553494320434F	   391:     db "MUSIC COMPOSED BY", $00
01:0000BF08 4D504F5345442042
01:0000BF10 59
01:0000BF11 00
                            	   392:         
                            	   393: S_PRODUCED_VPOS equ $00d8
                            	   394: S_PRODUCED_HPOS equ $00ee
                            	   395: S_ASSOCIATED_WITH_VPOS equ $00d8
                            	   396: S_ASSOCIATED_WITH_HPOS equ $00e4
                            	   397: S_MUSIC_COMPOSED_BY_VPOS equ $00d8
                            	   398: S_MUSIC_COMPOSED_BY_HPOS equ $00d8
                            	   399: 
                            	   400:         
                            	   401:         
                            	   402: 

Source: "sega_logo_x68k.s"
                            	   383: ; =============================================================================
                            	   384: ; Data
                            	   385: ; =============================================================================
                            	   386: 
                            	   387:     data
                            	   388:     even
                            	   389: ; Verbatim copy of the MD source table (alisia_dis.asm ~L779-782) — kept
                            	   390: ; byte-identical to the Z80/MD reference rather than hand-converted, so the
                            	   391: ; X68000 build always derives from the same ground truth.
                            	   392: sega_logo_colours_md:
02:00000000 0EC0            	   393:     dw $0ec0, $0ea0, $0e80, $0e60, $0e40, $0e20, $0e00, $0c00
02:00000002 0EA0
02:00000004 0E80
02:00000006 0E60
02:00000008 0E40
02:0000000A 0E20
02:0000000C 0E00
02:0000000E 0C00
02:00000010 0A00            	   394:     dw $0a00, $0800, $0600, $0800, $0a00, $0c00, $0e00, $0e20
02:00000012 0800
02:00000014 0600
02:00000016 0800
02:00000018 0A00
02:0000001A 0C00
02:0000001C 0E00
02:0000001E 0E20
02:00000020 0E40            	   395:     dw $0e40, $0e60, $0e80, $0ea0, $0ec0, $0ea0, $0e80, $0e60
02:00000022 0E60
02:00000024 0E80
02:00000026 0EA0
02:00000028 0EC0
02:0000002A 0EA0
02:0000002C 0E80
02:0000002E 0E60
02:00000030 0E40            	   396:     dw $0e40, $0e20, $0e00, $0c00, $0a00, $0800, $0600
02:00000032 0E20
02:00000034 0E00
02:00000036 0C00
02:00000038 0A00
02:0000003A 0800
02:0000003C 0600
                            	   397: 
                            	   398: sega_logo_tiles_4bpp:
02:0000003E 0000000000000000	   399:     incbin  "inc/gfx/sega_logo/sega_logo_tileset.bin"
02:00000046 0000000000000000
02:0000004E 0000000000000000
02:00000056 0000000000000000
02:0000005E 0000000000000111
02:00000066 0001166700156666
02:0000006E 0155666601555666
02:00000076 1555566114555516
02:0000007E 0000000011111111
02:00000086 7778888977778888
02:0000008E 7777888867777888
02:00000096 1111111166777788
02:0000009E 0000000011111100
02:000000A6 999AA1009999A101
02:000000AE 9999A11589999115
02:000000B6 1111115588999155
02:000000BE 0000000000111111
02:000000C6 1166777766667777
02:000000CE 5666677756666777
02:000000D6 5566611155661677
02:000000DE 0000000011111111
02:000000E6 8888999988889999
02:000000EE 7888899978888999
02:000000F6 1111111177888899
02:000000FE 0000000011110000
02:00000106 AAA10011AAA10166
02:0000010E 9AA115669AA11566
02:00000116 1111555699A15556
02:0000011E 0000000011111111
02:00000126 6777788867777888
02:0000012E 6677778866777788
02:00000136 6661111161177778
02:0000013E 0000000011111111
02:00000146 89999AAA89999AAA
02:0000014E 889999AA889999AA
02:00000156 111111118889999A
02:0000015E 0000000011000000
02:00000166 A1000000A1000000
02:0000016E A1000000A1000000
02:00000176 11000000A1000001
02:0000017E 0000000000000111
02:00000186 0001188800177888
02:0000018E 0177788816777788
02:00000196 1677778866677711
02:0000019E 0000111110000010
02:000001A6 9110001089910010
02:000001AE 8999101088999100
02:000001B6 8899910088899910
02:000001BE 1010000100110011
02:000001C6 0010110100100001
02:000001CE 0010000100000000
02:000001D6 0000000000000000
02:000001DE 1455516614455156
02:000001E6 1445515614445155
02:000001EE 1444515514444155
02:000001F6 1444415513444415
02:000001FE 6677778866677778
02:00000206 6667777866111111
02:0000020E 6666777756666777
02:00000216 5666677755666677
02:0000021E 8899914588899145
02:00000226 8889914411111144
02:0000022E 1111114478111144
02:00000236 7881114477881144
02:0000023E 5551666755516667
02:00000246 5551666655516661
02:0000024E 4551566645515666
02:00000256 4451556644515566
02:0000025E 7778888977788889
02:00000266 7777888811111111
02:0000026E 6777788867777888
02:00000276 6677778866777788
02:0000027E 9991555599914555
02:00000286 9991455511114455
02:0000028E 8111445581114445
02:00000296 8111444581114444
02:0000029E 1666777716666777
02:000002A6 1666677715666111
02:000002AE 1566617715566167
02:000002B6 1556616715556166
02:000002BE 8888999978889999
02:000002C6 7888899911111111
02:000002CE 7788889977788899
02:000002D6 7778888977778889
02:000002DE A1000001A1000001
02:000002E6 9100001511000015
02:000002EE 9100001591000155
02:000002F6 9100015591000145
02:000002FE 6667771166667177
02:00000306 6666717756666177
02:0000030E 5666177755661677
02:00000316 5566167755516667
02:0000031E 8889991018889910
02:00000326 1888999118888991
02:0000032E 7188899171888899
02:00000336 7188889977188889
02:0000033E 0000000000000000
02:00000346 0000000000000000
02:0000034E 0000000010000000
02:00000356 1000000010000000
02:0000035E 0144445101344445
02:00000366 0014444500134444
02:0000036E 0001114411111111
02:00000376 1333344413333344
02:0000037E 1111111755566661
02:00000386 5556666755556666
02:0000038E 5555666611115666
02:00000396 4555566644555566
02:0000039E 7788113477788134
02:000003A6 1778813317778133
02:000003AE 1777813317777133
02:000003B6 1777713316777133
02:000003BE 4441111144415556
02:000003C6 4441555544415555
02:000003CE 3441455534414551
02:000003D6 3341445533414455
02:000003DE 1111111166677778
02:000003E6 6666777766667777
02:000003EE 5666677711111111
02:000003F6 5566667755666677
02:000003FE 1111444481113444
02:00000406 8111344481113344
02:0000040E 7111334411113334
02:00000416 7781333477813333
02:0000041E 1555611115555166
02:00000426 1555516614555166
02:0000042E 1455516614455111
02:00000436 1445555614445555
02:0000043E 1111188867771888
02:00000446 6777188866771788
02:0000044E 6677178866671778
02:00000456 6667177866661777
02:0000045E 9100144591001444
02:00000466 8100144481013444
02:0000046E 8101344481013344
02:00000476 8113334481133334
02:0000047E 5551666755516666
02:00000486 5515666645155666
02:0000048E 4515561141555511
02:00000496 4155556641455556
02:0000049E 7718888977178888
02:000004A6 7771888867717888
02:000004AE 6771788866771788
02:000004B6 6677178866671778
02:000004BE 9100000091000000
02:000004C6 9100000089100000
02:000004CE 8910000088100000
02:000004D6 8891000088810000
02:000004DE 1233334412233334
02:000004E6 1111111112223333
02:000004EE 1222333312222333
02:000004F6 1222233311111111
02:000004FE 4455556644455551
02:00000506 1111111644445555
02:0000050E 4444555534444555
02:00000516 3444455511111111
02:0000051E 1677712366677123
02:00000526 6667712266661012
02:0000052E 6666101256610001
02:00000536 5110000010000000
02:0000053E 3331444533341445
02:00000546 3333411133334444
02:0000054E 2333344423333444
02:00000556 1133334400111111
02:0000055E 5556666755566667
02:00000566 1111111155556666
02:0000056E 4555566645555666
02:00000576 4455556611111111
02:0000057E 7771233377712333
02:00000586 1111123377711233
02:0000058E 6771122367710123
02:00000596 6671001111110000
02:0000059E 1444555531144555
02:000005A6 3341111133444455
02:000005AE 3334444533344445
02:000005B6 3333444411111111
02:000005BE 6666177756661777
02:000005C6 1111167755666677
02:000005CE 5556666755566667
02:000005D6 5555666611111111
02:000005DE 8123333471223333
02:000005E6 7722333377222331
02:000005EE 7722233177222231
02:000005F6 7722223111111111
02:000005FE 1445555614445555
02:00000606 1444111134441555
02:0000060E 3441155533411455
02:00000616 3311145511111111
02:0000061E 6667717866667177
02:00000626 1111117756666777
02:0000062E 5666677755666677
02:00000636 5566667711111111
02:0000063E 8881000088881000
02:00000646 8888100078881000
02:0000064E 7888810077888100
02:00000656 7788810011111100
                            	   400: 
                            	   401: ; =============================================================================
                            	   402: ; OPEN ITEMS / not yet implemented:
                            	   403: ;
                            	   404: ; 1. sega_logo_tiles_8bpp — the actual converted tile pixel data. Needs an
                            	   405: ;    offline conversion tool (4bpp packed-nibble MD format -> 8bpp
                            	   406: ;    1-byte-per-pixel X68000 format). Not written yet; propose as the next
                            	   407: ;    concrete piece of work once this routine's structure is confirmed.
                            	   408: ;
                            	   409: ; 2. Joypad-driven early exit (Regis is redesigning this layer separately
                            	   410: ;    to support 2/3-button pads + keyboard; deliberately left out per
                            	   411: ;    conversation).
                            	   412: ;
                            	   413: ; 3. The one-shot pre-cycle fade-in nudge (see file header) — deferred,
                            	   414: ;    low visual impact, can revisit if needed after a side-by-side check.
                            	   415: ;
                            	   416: ; 4. DISABLE_INTERRUPTS/ENABLE_INTERRUPTS are no-ops in x68k_macros.i for
                            	   417: ;    Human68k user-mode reasons (see that file's comment). None of this
                            	   418: ;    routine's steps are timing-critical against interrupts the way the
                            	   419: ;    MD's DMA setup was, so no supervisor-mode workaround was needed here
                            	   420: ;    -- worth double-checking once we plug this into the real VBLANK-driven
                            	   421: ;    game loop rather than running it standalone at startup.
                            	   422: ; =============================================================================
                            	   423: 
                            	   424: ; =============================================================================
                            	   425: ; BSS
                            	   426: ; =============================================================================
                            	   427: 
                            	   428:     bss
                            	   429:     even
                            	   430: sega_logo_colours_x68k:
01:0000BF12 0000            	   431:     ds.w    32                       ; filled at runtime by
01:0000BF14 *
                            	   432:                                       ; convert_md_colours_to_x68k
                            	   433: bg_vars:
01:0000BF52 0000            	   434: bg1_x: ds.w    1
01:0000BF54 0000            	   435: bg1_y: ds.w    1
01:0000BF56 0000            	   436: bg2_x: ds.w    1
01:0000BF58 0000            	   437: bg2_y: ds.w    1
                            	   438: 
                            	   439: bg_pal0:
01:0000BF5A 0000            	   440:     ds.w    16
01:0000BF5C *
                            	   441: bg_md_pal1:
01:0000BF7A 0000            	   442:     ds.w    16
01:0000BF7C *
                            	   443: bg_md_pal2:
01:0000BF9A 0000            	   444:     ds.w    16
01:0000BF9C *
                            	   445: bg_md_pal3:
01:0000BFBA 0000            	   446:     ds.w    16
01:0000BFBC *
                            	   447: 
                            	   448: sp_pal0:
01:0000BFDA 0000            	   449:     ds.w    16
01:0000BFDC *
                            	   450: sp_md_pal1:
01:0000BFFA 0000            	   451:     ds.w    16
01:0000BFFC *
                            	   452: sp_md_pal2:
01:0000C01A 0000            	   453:     ds.w    16
01:0000C01C *
                            	   454: sp_md_pal3:
01:0000C03A 0000            	   455:     ds.w    16
01:0000C03C *
                            	   456: 
                            	   457: scratch_memory:
01:0000C05A 00              	   458:     ds.b    65536                    ; scratch memory for doing decompressions
01:0000C05B *
                            	   459: 


Symbols by name:
BG0_HSCROLL                      E:00EB0800
BG0_VSCROLL                      E:00EB0802
BG1_HSCROLL                      E:00EB0804
BG1_VSCROLL                      E:00EB0806
BG_CTRL                          E:00EB0808
BG_H_POS                         E:00EB080C
BG_H_TOTAL                       E:00EB080A
BG_RES                           E:00EB0810
BG_V_POS                         E:00EB080E
BYTE_IDX                         S:00000002
COLOUR_CYCLE_START               E:00000028
CRTC_320_R00                     E:0000004C
CRTC_320_R01                     E:00000010
CRTC_320_R02                     E:0000001A
CRTC_320_R03                     E:00000045
CRTC_320_R04                     E:00000103
CRTC_320_R05                     E:00000002
CRTC_320_R06                     E:00000018
CRTC_320_R07                     E:000000F8
CRTC_320_R08                     E:00000024
CRTC_320_R20                     E:00000001
CRTC_320_R21                     E:00000033
CRTC_R00                         E:00E80000
CRTC_R12                         E:00E80018
CRTC_R13                         E:00E8001A
CRTC_R16                         E:00E80020
CRTC_R17                         E:00E80022
CRTC_R20                         E:00E80028
CRTC_R21                         E:00E8002A
DAT_00ff1a48                    external
DAT_00ff3a48                    external
DAT_00ff655c                    external
GPAL_BASE                        E:00E82000
GPAL_COUNT                       E:00000100
GVRAM_PAGE0                      E:00C00000
GVRAM_PAGE2                      E:00D00000
GVRAM_PAGE_SIZE                  E:00080000
GVRAM_WIDTH                      E:00000400
L0001065c                       external
L0001074e                       external
L00010862                       external
L00010b32                       external
L0001163c                       external
L0007ace2                       external
LOGO_ORIGIN_X                    E:00000070
LOGO_ORIGIN_Y                    E:00000060
MD_TILE_BYTES                    E:00000020
MFP_GPDR                         E:00E88001
PAD_A                           external
PAD_B                           external
PAD_C                           external
PCG_BASE                         E:00EB8000
SPAL_BASE                        E:00E82200
SPAL_COUNT                       E:00000100
SPRITE_TABLE                     E:00EB0000
S_ASSOCIATED_WITH               01:0000BEF0
S_ASSOCIATED_WITH_HPOS           E:000000E4
S_ASSOCIATED_WITH_VPOS           E:000000D8
S_MUSIC_COMPOSED_BY             01:0000BF00
S_MUSIC_COMPOSED_BY_HPOS         E:000000D8
S_MUSIC_COMPOSED_BY_VPOS         E:000000D8
S_PRODUCED_BY                   01:0000BEE4
S_PRODUCED_HPOS                  E:000000EE
S_PRODUCED_VPOS                  E:000000D8
TILE_H                           E:00000008
TILE_W                           E:00000008
TM_GAINAX                       01:0000BE90
TM_GAME_ART                     01:0000BE5E
TM_MECANO                       01:0000BEB2
VC_GFX_1024_ON                   E:00000010
VC_GFX_L0_ON                     E:00000003
VC_GFX_L1_ON                     E:0000000C
VC_R0                            E:00E82400
VC_R0_256COL                     E:00000001
VC_R0_512                        E:00000000
VC_R0_GAME                       E:00000001
VC_R1                            E:00E82500
VC_R1_GAME                       E:000002E4
VC_R2                            E:00E82600
VC_R2_GAME                       E:0000005F
VC_SPRITE_ON                     E:00000040
VDP_CTRL                        external
VDP_DATA                        external
VDP_VSRAM_WADDR                 external
__DOS__EXIT0                     E:0000FF00
__DOS__SUPER                     E:0000FF20
alt_intro_credits_sound_flag    external
bg1_x                           01:0000BF52
bg1_y                           01:0000BF54
bg2_x                           01:0000BF56
bg2_y                           01:0000BF58
bg_md_pal1                      01:0000BF7A
bg_md_pal2                      01:0000BF9A
bg_md_pal3                      01:0000BFBA
bg_pal0                         01:0000BF5A
bg_vars                         01:0000BF52
clear_bg_pal_ram                00:00000766
clear_sp_pal_ram                00:00000778
convert_md_colours_to_x68k      00:00000684
decompress_planar_data_streams  00:0000086C
decompress_plane                00:000008B8
decompress_tileset              00:0000081A
decrement_palette               00:00000736
disable_display                 external
display_sega_logo               00:00000000
drecrement_half_palette         external
increment_half_palette_if_palette_target_gt_d7 external
increment_palette_if_palette_target_gt_d7 00:000006DC
infinite_loop                   00:000005D2
init_crtc_320x224               00:000005D8
intro_credit_scrolling          external
intro_credits_bg2_tm            01:000093AA
intro_credits_pad_key           external
intro_credits_ts_p1             01:00000FB2
intro_credits_ts_p2             01:000052FC
intro_credits_ts_p3             01:0000ACCE
jp1_result                      external
jp2_en_flag                     external
jp_read                         external
palettes_0                      external
palettes_1                      external
palettes_2                      external
palettes_3                      external
planar_to_packed_conv           00:000009A2
plane_buf0                      01:00000000
plane_buf1                      01:00000100
plane_buf2                      01:00000200
plane_buf3                      01:00000300
play_intro_credits              01:00000400
process_intro_credits_text_and_graphics external
psb_phase                       01:0000085E
scratch_memory                  01:0000C05A
scroll_down_bg1                 00:000007C0
scroll_down_bg2                 00:00000808
scroll_left_bg1                 00:0000078A
scroll_left_bg2                 00:000007D2
scroll_right_bg1                00:0000079C
scroll_right_bg2                00:000007E4
scroll_up_bg1                   00:000007AE
scroll_up_bg2                   00:000007F6
sega_logo_colours_md            02:00000000
sega_logo_colours_x68k          01:0000BF12
sega_logo_sprite_palette        01:00000F32
sega_logo_sprite_table          01:00000F52
sega_logo_sprite_tiles          01:00000932
sega_logo_tiles_4bpp            02:0000003E
sp_md_pal1                      01:0000BFFA
sp_md_pal2                      01:0000C01A
sp_md_pal3                      01:0000C03A
sp_pal0                         01:0000BFDA
sprite_table_data               external
start_options_index             external
start_options_screen            external
target_title_screen_palette     01:0000ACAE
update_cram_blue_col1_8_with_d7 external
update_cram_col1_8_with_d7      external
update_cram_with_palettes_0123  external
update_psb_msg                  external
update_sega_logo_colours_x68k   00:000006AE
wait_for_vblank_and_check_pad_start external
wait_for_vblank_plus_small_delay external
write_tileset                   external
write_z80_reg6_with_c8h         external

Symbols by value:
00000000 VC_R0_512
00000000 display_sega_logo
00000000 plane_buf0
00000000 sega_logo_colours_md
00000001 CRTC_320_R20
00000001 VC_R0_256COL
00000001 VC_R0_GAME
00000002 BYTE_IDX
00000002 CRTC_320_R05
00000003 VC_GFX_L0_ON
00000008 TILE_H
00000008 TILE_W
0000000C VC_GFX_L1_ON
00000010 CRTC_320_R01
00000010 VC_GFX_1024_ON
00000018 CRTC_320_R06
0000001A CRTC_320_R02
00000020 MD_TILE_BYTES
00000024 CRTC_320_R08
00000028 COLOUR_CYCLE_START
00000033 CRTC_320_R21
0000003E sega_logo_tiles_4bpp
00000040 VC_SPRITE_ON
00000045 CRTC_320_R03
0000004C CRTC_320_R00
0000005F VC_R2_GAME
00000060 LOGO_ORIGIN_Y
00000070 LOGO_ORIGIN_X
000000D8 S_ASSOCIATED_WITH_VPOS
000000D8 S_MUSIC_COMPOSED_BY_HPOS
000000D8 S_MUSIC_COMPOSED_BY_VPOS
000000D8 S_PRODUCED_VPOS
000000E4 S_ASSOCIATED_WITH_HPOS
000000EE S_PRODUCED_HPOS
000000F8 CRTC_320_R07
00000100 GPAL_COUNT
00000100 SPAL_COUNT
00000100 plane_buf1
00000103 CRTC_320_R04
00000200 plane_buf2
000002E4 VC_R1_GAME
00000300 plane_buf3
00000400 GVRAM_WIDTH
00000400 play_intro_credits
000005D2 infinite_loop
000005D8 init_crtc_320x224
00000684 convert_md_colours_to_x68k
000006AE update_sega_logo_colours_x68k
000006DC increment_palette_if_palette_target_gt_d7
00000736 decrement_palette
00000766 clear_bg_pal_ram
00000778 clear_sp_pal_ram
0000078A scroll_left_bg1
0000079C scroll_right_bg1
000007AE scroll_up_bg1
000007C0 scroll_down_bg1
000007D2 scroll_left_bg2
000007E4 scroll_right_bg2
000007F6 scroll_up_bg2
00000808 scroll_down_bg2
0000081A decompress_tileset
0000085E psb_phase
0000086C decompress_planar_data_streams
000008B8 decompress_plane
00000932 sega_logo_sprite_tiles
000009A2 planar_to_packed_conv
00000F32 sega_logo_sprite_palette
00000F52 sega_logo_sprite_table
00000FB2 intro_credits_ts_p1
000052FC intro_credits_ts_p2
000093AA intro_credits_bg2_tm
0000ACAE target_title_screen_palette
0000ACCE intro_credits_ts_p3
0000BE5E TM_GAME_ART
0000BE90 TM_GAINAX
0000BEB2 TM_MECANO
0000BEE4 S_PRODUCED_BY
0000BEF0 S_ASSOCIATED_WITH
0000BF00 S_MUSIC_COMPOSED_BY
0000BF12 sega_logo_colours_x68k
0000BF52 bg1_x
0000BF52 bg_vars
0000BF54 bg1_y
0000BF56 bg2_x
0000BF58 bg2_y
0000BF5A bg_pal0
0000BF7A bg_md_pal1
0000BF9A bg_md_pal2
0000BFBA bg_md_pal3
0000BFDA sp_pal0
0000BFFA sp_md_pal1
0000C01A sp_md_pal2
0000C03A sp_md_pal3
0000C05A scratch_memory
0000FF00 __DOS__EXIT0
0000FF20 __DOS__SUPER
00080000 GVRAM_PAGE_SIZE
00C00000 GVRAM_PAGE0
00D00000 GVRAM_PAGE2
00E80000 CRTC_R00
00E80018 CRTC_R12
00E8001A CRTC_R13
00E80020 CRTC_R16
00E80022 CRTC_R17
00E80028 CRTC_R20
00E8002A CRTC_R21
00E82000 GPAL_BASE
00E82200 SPAL_BASE
00E82400 VC_R0
00E82500 VC_R1
00E82600 VC_R2
00E88001 MFP_GPDR
00EB0000 SPRITE_TABLE
00EB0800 BG0_HSCROLL
00EB0802 BG0_VSCROLL
00EB0804 BG1_HSCROLL
00EB0806 BG1_VSCROLL
00EB0808 BG_CTRL
00EB080A BG_H_TOTAL
00EB080C BG_H_POS
00EB080E BG_V_POS
00EB0810 BG_RES
00EB8000 PCG_BASE
